# This is a clothes file for MakeHuman Community, exported by MakeClothes 2
#
# author: Donitz
# license: CC0
#
v 0.0371 8.0906 -0.7817
v 0.0557 8.3796 -0.9285
v 0.0709 8.6215 -1.1146
v 0.0737 8.7190 -1.2430
v 0.0743 8.8544 -1.2233
v 0.0702 8.9511 -0.9972
v 0.0561 9.0332 -0.5422
v 0.0389 9.1046 -0.0182
v 0.0325 9.1571 0.5607
v 0.0014 9.0205 1.1376
v -0.0215 8.7669 1.7029
v -0.0525 8.4001 2.3418
v -0.5869 6.4500 1.0692
v -0.3138 6.7586 -0.3875
v -0.6011 6.8153 -0.1010
v -0.7259 6.7497 0.2630
v -0.6431 6.7193 0.5364
v -0.4433 6.7029 0.7658
v -0.4575 6.6206 0.9742
v 0.0185 7.8025 -0.6642
v 0.0039 7.5433 -0.5413
v -0.0140 7.2927 -0.3831
v 0.0027 7.0093 -0.5361
v 0.0219 6.7140 -0.6193
v -0.7846 7.5092 1.6727
v -0.6391 7.7694 1.8124
v -0.8165 6.8864 1.3687
v -0.4555 7.9787 1.9221
v -0.8119 7.2235 1.5283
v -0.7082 7.6379 1.7568
v -0.7896 6.5986 1.1945
v -0.4672 7.9425 -0.4685
v -0.6933 7.8599 0.9811
v -0.8055 7.6872 1.3280
v -0.8447 8.0094 0.6140
v -0.6717 8.0199 -0.1665
v -0.8603 8.0606 0.1948
v -0.8338 7.0802 1.1366
v -0.8269 7.2521 0.8732
v -0.6918 7.3843 0.6144
v -0.8621 7.3907 0.2599
v -0.7033 7.3812 -0.0969
v -0.4795 7.3268 -0.4348
v -0.3358 8.5403 -0.7093
v -0.6257 8.4749 1.0210
v -0.8453 8.2295 1.3904
v -0.6955 8.6211 0.5555
v -0.5224 8.6293 -0.3523
v -0.6807 8.6692 0.0663
v -0.7218 6.7877 0.9920
v -0.5934 6.9805 0.8279
v -0.6327 7.0563 0.5627
v -0.8192 7.0610 0.2679
v -0.5534 7.1176 -0.0120
v -0.3315 7.0442 -0.3742
v -0.4131 8.2417 -0.5760
v -0.6623 8.1818 1.0089
v -0.8567 7.9707 1.3669
v -0.7527 8.3207 0.5824
v -0.6242 8.3287 -0.2623
v -0.7713 8.3705 0.1375
v -0.7273 7.3865 1.2497
v -0.8054 7.5619 0.9469
v -0.8201 7.6934 0.6190
v -0.8809 7.7251 0.2285
v -0.6840 7.7027 -0.1184
v -0.4939 7.6416 -0.4498
v -0.2584 8.8306 -0.9821
v -0.6748 8.7247 0.9827
v -0.6515 8.3641 1.3930
v -0.5887 8.8771 0.5188
v -0.4177 8.9059 -0.4924
v -0.5136 8.9230 -0.0078
v 0.5218 6.4141 1.1560
v 0.3655 6.7698 -0.4157
v 0.6128 6.8047 -0.0798
v 0.6753 6.7119 0.2940
v 0.6618 6.6570 0.5946
v 0.4135 6.6318 0.7699
v 0.4205 6.5474 0.9952
v 0.7065 7.5027 1.7301
v 0.5713 7.7680 1.8700
v 0.7510 6.8748 1.4498
v 0.3901 7.9824 1.9730
v 0.7668 7.2161 1.5970
v 0.6318 7.6335 1.8121
v 0.6956 6.5781 1.2958
v 0.4988 7.8985 -0.4237
v 0.6868 7.8297 1.0564
v 0.8426 7.6746 1.4031
v 0.8195 7.9617 0.6763
v 0.6916 7.9714 -0.1023
v 0.8974 8.0098 0.2668
v 0.8012 7.0439 1.2034
v 0.7576 7.2044 0.9325
v 0.6537 7.3222 0.6540
v 0.8446 7.3396 0.3133
v 0.7253 7.3421 -0.0591
v 0.4487 7.3233 -0.3078
v 0.4726 8.4963 -0.7029
v 0.6319 8.4491 1.0769
v 0.8200 8.2203 1.4640
v 0.6913 8.5766 0.6061
v 0.5695 8.5770 -0.3112
v 0.6997 8.6155 0.1184
v 0.6521 6.7464 1.0685
v 0.5545 6.9130 0.8597
v 0.6221 6.9913 0.6011
v 0.7910 7.0123 0.3143
v 0.5500 7.1052 0.0203
v 0.3427 7.0365 -0.3522
v 0.4915 8.1944 -0.5502
v 0.6570 8.1529 1.0736
v 0.8461 7.9618 1.4467
v 0.7434 8.2766 0.6415
v 0.6534 8.2773 -0.2053
v 0.7911 8.3201 0.1983
v 0.8023 7.3682 1.3192
v 0.7572 7.5197 1.0102
v 0.7507 7.6435 0.6737
v 0.8712 7.6743 0.2914
v 0.6921 7.6600 -0.0500
v 0.4457 7.6118 -0.3521
v 0.3871 8.8047 -0.9581
v 0.6765 8.7023 1.0335
v 0.6281 8.3550 1.4512
v 0.6161 8.8439 0.5604
v 0.5062 8.8667 -0.4568
v 0.5618 8.8801 0.0296
v 0.2763 6.3102 1.1155
v 0.2705 6.3635 0.7930
v 0.2285 6.3551 0.9590
v -0.0383 6.2551 1.0856
v -0.0245 6.4057 0.8504
v -0.0395 6.2821 0.9318
v -0.3270 6.3507 1.0865
v -0.3111 6.4509 0.8165
v -0.2462 6.4531 0.9737
v -0.3752 6.4130 -0.5284
v -0.7555 6.5435 -0.2692
v -0.8588 6.5454 0.1287
v -0.6623 6.4845 0.4172
v -0.4976 6.4986 0.6017
v 0.0236 6.3449 -0.5511
v 0.4184 6.4148 -0.5268
v 0.7836 6.5394 -0.2394
v 0.8586 6.5287 0.1640
v 0.6548 6.4539 0.4389
v 0.4868 6.4717 0.6183
v 0.2678 6.4754 0.7501
v -0.0193 6.4146 0.8317
v -0.2805 6.4773 0.7414
v 0.0686 8.5770 -1.0667
v 0.0650 8.5187 -1.0191
v 0.0606 8.4513 -0.9727
v 0.0746 8.8186 -1.2496
v 0.0745 8.7820 -1.2634
v 0.0741 8.7488 -1.2585
v 0.0722 8.9289 -1.0809
v 0.0734 8.9068 -1.1457
v 0.0740 8.8836 -1.1907
v 0.0602 9.0143 -0.6671
v 0.0641 8.9942 -0.7869
v 0.0675 8.9731 -0.8981
v 0.0432 9.0846 -0.1531
v 0.0476 9.0679 -0.2853
v 0.0519 9.0510 -0.4148
v 0.0345 9.1483 0.4086
v 0.0305 9.1433 0.2645
v 0.0344 9.1410 0.1109
v 0.0059 9.0635 0.9957
v 0.0161 9.1082 0.8543
v 0.0231 9.1321 0.7052
v -0.0148 8.8437 1.5578
v -0.0088 8.9123 1.4174
v -0.0033 8.9719 1.2783
v -0.0443 8.4958 2.1762
v -0.0363 8.5907 2.0133
v -0.0287 8.6820 1.8550
v -0.3795 8.0667 2.0174
v -0.3055 8.1779 2.1398
v -0.2169 8.3053 2.2638
v -0.0570 6.7143 -0.5584
v -0.1349 6.7193 -0.4942
v -0.2202 6.7334 -0.4361
v -0.4123 6.7916 -0.3428
v -0.5097 6.8242 -0.2905
v -0.5840 6.8359 -0.2057
v -0.6232 6.7956 -0.0020
v -0.6480 6.7756 0.0921
v -0.6827 6.7605 0.1806
v -0.7739 6.7366 0.3399
v -0.7755 6.7305 0.4296
v -0.7089 6.7225 0.4857
v -0.5885 6.7212 0.5920
v -0.5417 6.7240 0.6498
v -0.4954 6.7217 0.7057
v -0.4108 6.7114 0.8333
v -0.4111 6.6964 0.8939
v -0.4302 6.6631 0.9412
v -0.4881 6.5761 0.9993
v -0.5203 6.5326 1.0219
v -0.5534 6.4906 1.0449
v 0.0731 8.6925 -1.2256
v 0.0725 8.6695 -1.2009
v 0.0719 8.6489 -1.1620
v 0.0509 8.3075 -0.8875
v 0.0462 8.2355 -0.8497
v 0.0417 8.1632 -0.8147
v 0.0326 8.0177 -0.7501
v 0.0281 7.9446 -0.7209
v 0.0227 7.8703 -0.6954
v 0.0147 7.7352 -0.6351
v 0.0116 7.6704 -0.6049
v 0.0078 7.6062 -0.5744
v -0.0001 7.4818 -0.5044
v -0.0044 7.4217 -0.4633
v -0.0091 7.3611 -0.4199
v -0.0150 7.2093 -0.3829
v -0.0095 7.1379 -0.4307
v -0.0027 7.0750 -0.4875
v 0.0073 6.9409 -0.5721
v 0.0121 6.8696 -0.5958
v 0.0173 6.7947 -0.6113
v -0.8169 7.3056 1.5678
v -0.8140 7.3829 1.6063
v -0.8024 7.4519 1.6419
v -0.6912 7.6653 1.7725
v -0.6746 7.6959 1.7869
v -0.6576 7.7303 1.8001
v -0.8091 6.6609 1.2408
v -0.8186 6.7312 1.2849
v -0.8210 6.8069 1.3272
v -0.6159 7.8131 1.8246
v -0.5797 7.8597 1.8409
v -0.5247 7.9116 1.8672
v -0.8078 6.9693 1.4085
v -0.8037 7.0543 1.4480
v -0.8054 7.1394 1.4881
v -0.7647 7.5528 1.6985
v -0.7449 7.5857 1.7204
v -0.7260 7.6126 1.7397
v -0.6505 6.4745 1.0824
v -0.7090 6.5057 1.1094
v -0.7565 6.5467 1.1487
v -0.6566 6.7365 0.9761
v -0.5883 6.6940 0.9705
v -0.5210 6.6565 0.9712
v -0.5372 6.9197 0.8157
v -0.4914 6.8568 0.7987
v -0.4594 6.7879 0.7800
v -0.6346 6.9689 0.5576
v -0.6376 6.8814 0.5543
v -0.6405 6.7971 0.5486
v -0.8017 6.9798 0.2670
v -0.7815 6.8998 0.2659
v -0.7564 6.8228 0.2653
v -0.5412 7.0387 -0.0169
v -0.5566 6.9632 -0.0417
v -0.5775 6.8891 -0.0695
v -0.2890 6.9861 -0.3530
v -0.2816 6.9110 -0.3469
v -0.2954 6.8351 -0.3612
v -0.4326 8.1659 -0.5485
v -0.4473 8.0912 -0.5193
v -0.4591 8.0165 -0.4925
v -0.6708 8.1002 1.0043
v -0.6793 8.0200 0.9978
v -0.6855 7.9397 0.9910
v -0.8496 7.8999 1.3587
v -0.8387 7.8293 1.3499
v -0.8240 7.7586 1.3399
v -0.7730 8.2424 0.5905
v -0.7953 8.1645 0.5989
v -0.8192 8.0869 0.6070
v -0.6388 8.2519 -0.2362
v -0.6524 8.1750 -0.2109
v -0.6634 8.0978 -0.1871
v -0.7939 8.2939 0.1544
v -0.8157 8.2167 0.1702
v -0.8363 8.1386 0.1840
v -0.8212 7.5529 1.5898
v -0.8427 7.5967 1.5020
v -0.8381 7.6413 1.4120
v -0.7540 7.7337 1.2527
v -0.7046 7.7776 1.1724
v -0.6826 7.8193 1.0783
v -0.7194 7.8989 0.8861
v -0.7593 7.9380 0.7957
v -0.8053 7.9763 0.7077
v -0.8663 8.0337 0.5119
v -0.8737 8.0494 0.4059
v -0.8821 8.0589 0.3000
v -0.7912 8.0516 0.1117
v -0.7453 8.0431 0.0189
v -0.7061 8.0326 -0.0744
v -0.6398 8.0053 -0.2560
v -0.6008 7.9885 -0.3387
v -0.5427 7.9686 -0.4081
v -0.3764 7.9057 -0.5340
v -0.2652 7.8631 -0.5986
v -0.1318 7.8237 -0.6481
v -0.7356 7.3077 1.2206
v -0.7616 7.2309 1.1925
v -0.7986 7.1562 1.1665
v -0.8389 7.4876 0.9382
v -0.8601 7.4095 0.9210
v -0.8573 7.3293 0.8962
v -0.7791 7.6205 0.6266
v -0.7436 7.5440 0.6286
v -0.7169 7.4642 0.6231
v -0.8786 7.6411 0.2373
v -0.8748 7.5574 0.2456
v -0.8690 7.4739 0.2534
v -0.6887 7.6226 -0.1110
v -0.6956 7.5424 -0.1055
v -0.7030 7.4620 -0.1019
v -0.4972 7.5650 -0.4490
v -0.4976 7.4872 -0.4465
v -0.4902 7.4082 -0.4396
v -0.3079 8.7621 -0.8798
v -0.3332 8.6889 -0.8165
v -0.3450 8.6125 -0.7629
v -0.6399 8.6373 1.0100
v -0.6278 8.5773 1.0163
v -0.6243 8.5289 1.0205
v -0.7545 8.3409 1.3949
v -0.8118 8.3129 1.3952
v -0.8356 8.2752 1.3923
v -0.6444 8.8038 0.5238
v -0.6649 8.7399 0.5352
v -0.6820 8.6831 0.5462
v -0.4673 8.8416 -0.4586
v -0.4654 8.7742 -0.4117
v -0.4864 8.7023 -0.3757
v -0.5712 8.8564 0.0097
v -0.6149 8.7977 0.0289
v -0.6553 8.7388 0.0473
v -0.7771 7.1795 0.8570
v -0.7181 7.1099 0.8457
v -0.6554 7.0434 0.8368
v -0.8145 6.9346 1.3114
v -0.8142 6.9827 1.2536
v -0.8216 7.0315 1.1957
v -0.8468 7.1271 1.0740
v -0.8530 7.1713 1.0073
v -0.8473 7.2127 0.9388
v -0.7933 7.2906 0.8140
v -0.7504 7.3290 0.7597
v -0.7084 7.3631 0.6978
v -0.7180 7.3919 0.5239
v -0.7682 7.3935 0.4382
v -0.8285 7.3924 0.3561
v -0.8430 7.3904 0.1618
v -0.8016 7.3898 0.0726
v -0.7533 7.3869 -0.0124
v -0.6516 7.3728 -0.1826
v -0.6005 7.3609 -0.2698
v -0.5510 7.3439 -0.3588
v -0.3721 7.3198 -0.4108
v -0.2573 7.3091 -0.3963
v -0.1370 7.2991 -0.3895
v -0.8439 6.9992 1.0968
v -0.8210 6.9209 1.0555
v -0.7782 6.8497 1.0193
v -0.7090 7.8953 1.7134
v -0.7675 8.0175 1.6090
v -0.8145 8.1307 1.5014
v -0.8486 8.3091 1.2751
v -0.8042 8.3714 1.1671
v -0.7120 8.4289 1.0991
v -0.6424 8.5176 0.9054
v -0.6714 8.5567 0.7922
v -0.6823 8.5902 0.6743
v -0.7070 8.6450 0.4338
v -0.7033 8.6589 0.3097
v -0.6926 8.6668 0.1870
v -0.6582 8.6657 -0.0503
v -0.6252 8.6565 -0.1595
v -0.5821 8.6446 -0.2621
v -0.4590 8.6115 -0.4362
v -0.4081 8.5947 -0.5244
v -0.3705 8.5738 -0.6161
v -0.2904 8.4911 -0.8048
v -0.1956 8.4423 -0.8735
v -0.0761 8.4019 -0.9150
v -0.6679 7.3046 0.6022
v -0.6480 7.2241 0.5874
v -0.6359 7.1415 0.5730
v -0.8550 7.3078 0.2647
v -0.8462 7.2250 0.2674
v -0.8342 7.1427 0.2683
v -0.6817 7.3050 -0.0825
v -0.6378 7.2436 -0.0570
v -0.5912 7.1847 -0.0312
v -0.4662 7.2423 -0.4333
v -0.4311 7.1656 -0.4190
v -0.3846 7.0991 -0.3981
v -0.3429 8.4650 -0.6652
v -0.3774 8.3904 -0.6412
v -0.3995 8.3154 -0.6111
v -0.6310 8.4110 1.0197
v -0.6392 8.3393 1.0166
v -0.6500 8.2619 1.0131
v -0.8527 8.1739 1.3870
v -0.8579 8.1104 1.3817
v -0.8595 8.0416 1.3747
v -0.7058 8.5512 0.5626
v -0.7189 8.4769 0.5690
v -0.7345 8.3994 0.5753
v -0.5636 8.5574 -0.3352
v -0.5931 8.4824 -0.3144
v -0.6103 8.4055 -0.2888
v -0.7030 8.5966 0.0847
v -0.7252 8.5222 0.1029
v -0.7481 8.4467 0.1204
v -0.7840 7.6145 1.3134
v -0.7601 7.5405 1.2964
v -0.7387 7.4647 1.2756
v -0.7100 7.7822 0.9701
v -0.7359 7.7071 0.9602
v -0.7691 7.6341 0.9528
v -0.8686 7.9307 0.6182
v -0.8788 7.8483 0.6161
v -0.8594 7.7671 0.6132
v -0.8829 7.9791 0.2015
v -0.8858 7.8939 0.2081
v -0.8818 7.8092 0.2195
v -0.6773 7.9414 -0.1502
v -0.6801 7.8622 -0.1374
v -0.6816 7.7826 -0.1271
v -0.4726 7.8684 -0.4504
v -0.4822 7.7930 -0.4485
v -0.4895 7.7175 -0.4499
v -0.0372 8.9500 -0.9946
v -0.1360 8.9343 -0.9852
v -0.2158 8.8994 -0.9781
v -0.2221 8.9775 1.1099
v -0.4176 8.8970 1.0672
v -0.5914 8.8327 1.0361
v -0.2378 8.6749 1.6354
v -0.3537 8.5177 1.5122
v -0.5017 8.4117 1.4219
v -0.1833 9.1317 0.5609
v -0.3703 9.0796 0.5366
v -0.5103 8.9856 0.5250
v -0.0856 9.0252 -0.5424
v -0.2175 8.9982 -0.5339
v -0.3306 8.9568 -0.5171
v -0.1298 9.0896 -0.0234
v -0.2890 9.0540 -0.0247
v -0.4183 8.9913 -0.0201
v -0.3759 7.0830 -0.2795
v -0.4274 7.1099 -0.1840
v -0.4857 7.1233 -0.0922
v -0.6233 7.1060 0.0599
v -0.6965 7.0895 0.1237
v -0.7700 7.0716 0.1849
v -0.8101 7.0601 0.3638
v -0.7566 7.0598 0.4407
v -0.6913 7.0582 0.5020
v -0.5907 7.0515 0.6298
v -0.5715 7.0392 0.7017
v -0.5748 7.0152 0.7699
v -0.6219 6.9372 0.8745
v -0.6556 6.8886 0.9134
v -0.6901 6.8381 0.9510
v -0.7477 6.7386 1.0378
v -0.7673 6.6908 1.0875
v -0.7808 6.6443 1.1402
v -0.5675 7.6623 -0.3814
v -0.6142 7.6787 -0.2980
v -0.6475 7.6921 -0.2084
v -0.7302 7.7114 -0.0320
v -0.7832 7.7183 0.0517
v -0.8384 7.7231 0.1356
v -0.8657 7.7256 0.3312
v -0.8196 7.7227 0.4246
v -0.7937 7.7169 0.5246
v -0.8645 7.6592 0.6989
v -0.8721 7.6323 0.7894
v -0.8449 7.6009 0.8728
v -0.7657 7.5176 1.0184
v -0.7344 7.4719 1.0927
v -0.7200 7.4280 1.1715
v -0.7508 7.3459 1.3217
v -0.7783 7.3048 1.3893
v -0.7996 7.2638 1.4578
v -0.7652 7.7281 1.6660
v -0.8153 7.8158 1.5720
v -0.8501 7.8977 1.4721
v -0.8191 8.0344 1.2691
v -0.7447 8.0919 1.1961
v -0.6738 8.1402 1.1164
v -0.6740 8.2207 0.9009
v -0.6883 8.2557 0.7925
v -0.7143 8.2886 0.6858
v -0.7871 8.3479 0.4758
v -0.7980 8.3633 0.3621
v -0.7936 8.3709 0.2482
v -0.7302 8.3625 0.0348
v -0.6925 8.3534 -0.0664
v -0.6586 8.3420 -0.1660
v -0.5847 8.3130 -0.3528
v -0.5383 8.2942 -0.4358
v -0.4808 8.2718 -0.5079
v -0.4908 8.0582 1.7630
v -0.5413 8.1487 1.6185
v -0.5986 8.2520 1.4953
v -0.6924 8.4782 1.3039
v -0.7184 8.5846 1.2113
v -0.7165 8.6681 1.1000
v -0.5787 8.7635 0.8992
v -0.6132 8.8152 0.7793
v -0.6007 8.8464 0.6491
v -0.5773 8.9012 0.3854
v -0.5680 8.9238 0.2521
v -0.5488 8.9356 0.1179
v -0.4844 8.9168 -0.1321
v -0.4614 8.9157 -0.2545
v -0.4411 8.9148 -0.3749
v -0.3923 8.8917 -0.6076
v -0.3627 8.8748 -0.7221
v -0.3249 8.8567 -0.8392
v -0.0319 8.6484 -1.0957
v -0.1235 8.6951 -1.0600
v -0.2003 8.7542 -1.0196
v -0.1066 8.1107 -0.7686
v -0.2323 8.1519 -0.7186
v -0.3303 8.2005 -0.6456
v -0.1380 7.5561 -0.5408
v -0.2730 7.5796 -0.5276
v -0.3933 7.6117 -0.4971
v -0.0997 7.0090 -0.5435
v -0.2021 7.0064 -0.5314
v -0.2832 7.0107 -0.4655
v -0.0165 8.7316 -1.2244
v -0.0996 8.7588 -1.1736
v -0.1752 8.7928 -1.0998
v 0.1638 8.7257 -1.2217
v 0.2453 8.7466 -1.1660
v 0.3155 8.7748 -1.0850
v 0.1996 8.6736 1.6547
v 0.3241 8.5127 1.5452
v 0.4764 8.4026 1.4673
v 0.2272 9.1205 0.5638
v 0.4058 9.0562 0.5597
v 0.5363 8.9506 0.5576
v 0.4540 6.7960 -0.3507
v 0.5409 6.8210 -0.2796
v 0.6021 6.8276 -0.1848
v 0.6316 6.7856 0.0200
v 0.6510 6.7662 0.1154
v 0.6599 6.7381 0.2063
v 0.7055 6.6937 0.3782
v 0.7416 6.6747 0.4578
v 0.7263 6.6642 0.5428
v 0.5995 6.6557 0.6415
v 0.5384 6.6558 0.6838
v 0.4776 6.6514 0.7232
v 0.3877 6.6318 0.8403
v 0.3874 6.6129 0.8997
v 0.4000 6.5830 0.9512
v 0.4447 6.5117 1.0356
v 0.4700 6.4778 1.0755
v 0.4957 6.4454 1.1157
v 0.7589 7.2988 1.6341
v 0.7455 7.3762 1.6695
v 0.7273 7.4452 1.7018
v 0.6164 7.6615 1.8283
v 0.6017 7.6928 1.8432
v 0.5871 7.7280 1.8570
v 0.7120 6.6435 1.3388
v 0.7260 6.7158 1.3778
v 0.7391 6.7934 1.4143
v 0.5513 7.8130 1.8829
v 0.5180 7.8614 1.8996
v 0.4629 7.9138 1.9248
v 0.7606 6.9590 1.4858
v 0.7669 7.0448 1.5224
v 0.7692 7.1309 1.5596
v 0.6858 7.5466 1.7545
v 0.6664 7.5801 1.7758
v 0.6484 7.6077 1.7948
v 0.5813 6.4401 1.1752
v 0.6339 6.4755 1.2067
v 0.6719 6.5218 1.2496
v 0.5990 6.6869 1.0405
v 0.5399 6.6357 1.0198
v 0.4791 6.5904 1.0055
v 0.5064 6.8473 0.8395
v 0.4652 6.7825 0.8172
v 0.4340 6.7143 0.7935
v 0.6303 6.9044 0.5988
v 0.6400 6.8178 0.6000
v 0.6506 6.7342 0.6004
v 0.7589 6.9360 0.3150
v 0.7231 6.8620 0.3166
v 0.6898 6.7882 0.3132
v 0.5550 7.0269 0.0041
v 0.5789 6.9551 -0.0220
v 0.5897 6.8787 -0.0487
v 0.3015 6.9776 -0.3315
v 0.3105 6.9019 -0.3429
v 0.3350 6.8341 -0.3733
v 0.4933 8.1210 -0.5127
v 0.4948 8.0476 -0.4772
v 0.4966 7.9735 -0.4468
v 0.6660 8.0716 1.0716
v 0.6737 7.9903 1.0685
v 0.6798 7.9097 1.0638
v 0.8485 7.8906 1.4392
v 0.8487 7.8194 1.4299
v 0.8468 7.7476 1.4181
v 0.7627 8.1983 0.6519
v 0.7839 8.1206 0.6628
v 0.8047 8.0423 0.6723
v 0.6648 8.2012 -0.1771
v 0.6772 8.1249 -0.1506
v 0.6873 8.0482 -0.1257
v 0.8122 8.2435 0.2172
v 0.8321 8.1660 0.2350
v 0.8511 8.0872 0.2506
v 0.7591 7.5453 1.6559
v 0.8069 7.5882 1.5787
v 0.8405 7.6316 1.4945
v 0.8039 7.7164 1.3179
v 0.7458 7.7564 1.2415
v 0.6987 7.7938 1.1553
v 0.7045 7.8645 0.9577
v 0.7411 7.8993 0.8642
v 0.7855 7.9333 0.7735
v 0.8283 7.9829 0.5714
v 0.8255 8.0061 0.4688
v 0.8385 8.0197 0.3678
v 0.8224 8.0034 0.1721
v 0.7701 7.9956 0.0819
v 0.7297 7.9850 -0.0112
v 0.6517 7.9562 -0.1888
v 0.6087 7.9398 -0.2701
v 0.5607 7.9209 -0.3478
v 0.1459 7.5421 -0.5314
v 0.2804 7.5535 -0.5065
v 0.3920 7.5791 -0.4493
v 0.7918 7.2879 1.2959
v 0.7900 7.2069 1.2685
v 0.7986 7.1262 1.2370
v 0.7785 7.4417 0.9968
v 0.7921 7.3621 0.9783
v 0.7880 7.2819 0.9542
v 0.7185 7.5656 0.6740
v 0.6941 7.4849 0.6699
v 0.6727 7.4036 0.6635
v 0.8641 7.5904 0.2982
v 0.8576 7.5067 0.3044
v 0.8513 7.4230 0.3095
v 0.7145 7.5829 -0.0601
v 0.7298 7.5035 -0.0652
v 0.7321 7.4227 -0.0634
v 0.4650 7.5382 -0.3641
v 0.4762 7.4608 -0.3711
v 0.4703 7.3836 -0.3549
v 0.4269 8.7322 -0.8541
v 0.4485 8.6566 -0.7922
v 0.4636 8.5767 -0.7445
v 0.6447 8.6125 1.0572
v 0.6346 8.5523 1.0666
v 0.6317 8.5035 1.0736
v 0.7308 8.3329 1.4617
v 0.7877 8.3044 1.4661
v 0.8108 8.2662 1.4650
v 0.6552 8.7609 0.5694
v 0.6714 8.6969 0.5828
v 0.6831 8.6395 0.5954
v 0.5269 8.7915 -0.4158
v 0.5195 8.7211 -0.3737
v 0.5312 8.6483 -0.3359
v 0.6127 8.8085 0.0518
v 0.6514 8.7482 0.0741
v 0.6777 8.6842 0.0964
v 0.7107 7.1300 0.9156
v 0.6589 7.0561 0.8980
v 0.6063 6.9830 0.8791
v 0.7697 6.9172 1.3909
v 0.7862 6.9594 1.3307
v 0.7981 7.0013 1.2682
v 0.7931 7.0879 1.1379
v 0.7872 7.1286 1.0691
v 0.7781 7.1668 0.9993
v 0.7270 7.2405 0.8703
v 0.6895 7.2750 0.8099
v 0.6577 7.3039 0.7396
v 0.6898 7.3310 0.5672
v 0.7531 7.3355 0.4908
v 0.8169 7.3381 0.4114
v 0.8351 7.3417 0.2139
v 0.8061 7.3434 0.1198
v 0.7681 7.3437 0.0297
v 0.6771 7.3388 -0.1471
v 0.6228 7.3336 -0.2328
v 0.5538 7.3269 -0.3086
v 0.1048 7.0168 -0.5277
v 0.2048 7.0161 -0.5027
v 0.2898 7.0113 -0.4428
v 0.7728 6.9647 1.1700
v 0.7367 6.8880 1.1361
v 0.6972 6.8144 1.1016
v 0.6538 7.8911 1.7777
v 0.7232 8.0113 1.6778
v 0.7795 8.1228 1.5731
v 0.8359 8.2987 1.3487
v 0.8087 8.3580 1.2334
v 0.7258 8.4068 1.1489
v 0.6350 8.4839 0.9576
v 0.6685 8.5204 0.8450
v 0.6781 8.5498 0.7259
v 0.7147 8.5995 0.4861
v 0.7187 8.6109 0.3621
v 0.7119 8.6157 0.2389
v 0.6823 8.6115 0.0019
v 0.6553 8.6035 -0.1095
v 0.6189 8.5928 -0.2148
v 0.5221 8.5605 -0.4054
v 0.4988 8.5461 -0.5049
v 0.4879 8.5270 -0.6038
v 0.1797 8.0996 -0.7528
v 0.3063 8.1273 -0.6970
v 0.4113 8.1618 -0.6269
v 0.6369 7.2410 0.6408
v 0.6241 7.1594 0.6251
v 0.6187 7.0764 0.6102
v 0.8378 7.2565 0.3155
v 0.8297 7.1736 0.3163
v 0.8154 7.0917 0.3154
v 0.7068 7.2636 -0.0516
v 0.6621 7.2004 -0.0320
v 0.6025 7.1571 -0.0036
v 0.4362 7.2388 -0.3196
v 0.4270 7.1675 -0.3708
v 0.4004 7.0862 -0.3756
v 0.4793 8.4181 -0.6638
v 0.4875 8.3414 -0.6276
v 0.4899 8.2676 -0.5885
v 0.6345 8.3845 1.0780
v 0.6396 8.3116 1.0773
v 0.6479 8.2337 1.0757
v 0.8278 8.1648 1.4618
v 0.8353 8.1014 1.4581
v 0.8417 8.0328 1.4530
v 0.7019 8.5075 0.6158
v 0.7128 8.4329 0.6239
v 0.7265 8.3553 0.6322
v 0.6051 8.5048 -0.2883
v 0.6289 8.4296 -0.2621
v 0.6428 8.3535 -0.2340
v 0.7233 8.5445 0.1393
v 0.7462 8.4710 0.1595
v 0.7690 8.3961 0.1791
v 0.8358 7.6001 1.3846
v 0.8266 7.5242 1.3636
v 0.8151 7.4469 1.3414
v 0.6975 7.7509 1.0461
v 0.7134 7.6732 1.0342
v 0.7342 7.5965 1.0221
v 0.8269 7.8795 0.6758
v 0.8164 7.7972 0.6724
v 0.7856 7.7197 0.6721
v 0.8987 7.9216 0.2651
v 0.8849 7.8421 0.2768
v 0.8780 7.7583 0.2845
v 0.6903 7.8942 -0.0817
v 0.6825 7.8174 -0.0623
v 0.6776 7.7392 -0.0476
v 0.4951 7.8245 -0.4046
v 0.4836 7.7524 -0.3862
v 0.4617 7.6840 -0.3661
v 0.1971 9.0198 -0.5329
v 0.3261 8.9846 -0.5152
v 0.4329 8.9326 -0.4898
v 0.2243 8.9696 1.1235
v 0.4219 8.8880 1.0972
v 0.5940 8.8152 1.0778
v 0.2082 9.0876 -0.0117
v 0.3623 9.0440 -0.0046
v 0.4822 8.9652 0.0104
v 0.1769 8.9424 -0.9869
v 0.2731 8.9188 -0.9702
v 0.3486 8.8764 -0.9567
v 0.1775 8.6279 -1.1016
v 0.2686 8.6691 -1.0589
v 0.3379 8.7282 -1.0067
v 0.3883 7.0727 -0.2576
v 0.4374 7.1019 -0.1623
v 0.4965 7.1071 -0.0707
v 0.6096 7.0860 0.0987
v 0.6719 7.0624 0.1708
v 0.7373 7.0341 0.2369
v 0.8005 7.0046 0.4095
v 0.7575 7.0017 0.4926
v 0.6894 6.9969 0.5505
v 0.5710 6.9844 0.6612
v 0.5452 6.9705 0.7308
v 0.5427 6.9460 0.7990
v 0.5757 6.8746 0.9138
v 0.6019 6.8328 0.9646
v 0.6285 6.7896 1.0155
v 0.6702 6.7035 1.1235
v 0.6828 6.6613 1.1801
v 0.6909 6.6195 1.2377
v 0.5035 7.6320 -0.2697
v 0.5631 7.6435 -0.1941
v 0.6252 7.6521 -0.1207
v 0.7617 7.6677 0.0191
v 0.8215 7.6722 0.0979
v 0.8619 7.6738 0.1897
v 0.8416 7.6739 0.3909
v 0.7954 7.6692 0.4843
v 0.7456 7.6624 0.5748
v 0.7914 7.6106 0.7562
v 0.8107 7.5823 0.8447
v 0.7924 7.5539 0.9316
v 0.7287 7.4817 1.0901
v 0.7281 7.4436 1.1745
v 0.7586 7.4060 1.2517
v 0.8330 7.3290 1.3892
v 0.8278 7.2897 1.4631
v 0.8006 7.2524 1.5316
v 0.6996 7.7217 1.7273
v 0.7623 7.8079 1.6399
v 0.8147 7.8892 1.5476
v 0.8362 8.0220 1.3404
v 0.7758 8.0729 1.2511
v 0.6978 8.1165 1.1755
v 0.6650 8.1873 0.9638
v 0.6804 8.2192 0.8544
v 0.7046 8.2482 0.7460
v 0.7838 8.3017 0.5364
v 0.8057 8.3170 0.4241
v 0.8081 8.3221 0.3099
v 0.7553 8.3124 0.0936
v 0.7196 8.3029 -0.0085
v 0.6855 8.2912 -0.1082
v 0.6223 8.2614 -0.2990
v 0.5882 8.2432 -0.3875
v 0.5471 8.2214 -0.4707
v 0.4394 8.0590 1.8164
v 0.5023 8.1467 1.6752
v 0.5686 8.2464 1.5536
v 0.6746 8.4665 1.3613
v 0.7071 8.5712 1.2687
v 0.7125 8.6513 1.1550
v 0.5831 8.7392 0.9444
v 0.6211 8.7824 0.8225
v 0.6172 8.8128 0.6913
v 0.6080 8.8619 0.4250
v 0.5909 8.8700 0.2922
v 0.5855 8.8843 0.1590
v 0.5398 8.8724 -0.0949
v 0.5354 8.8816 -0.2181
v 0.5197 8.8754 -0.3384
v 0.4908 8.8541 -0.5734
v 0.4710 8.8401 -0.6900
v 0.4429 8.8257 -0.8100
v 0.4041 8.4576 -0.7882
v 0.3073 8.4168 -0.8591
v 0.1885 8.3858 -0.9094
v 0.4084 7.8723 -0.4949
v 0.2988 7.8406 -0.5676
v 0.1678 7.8133 -0.6293
v 0.3407 7.3147 -0.3284
v 0.2273 7.3037 -0.3506
v 0.1087 7.2939 -0.3721
v 0.1205 6.7207 -0.6051
v 0.2033 6.7346 -0.5479
v 0.2825 6.7500 -0.4821
v 0.3077 8.0731 2.0603
v 0.2262 8.1880 2.1744
v 0.1278 8.3180 2.2878
v 0.3190 8.8372 -1.0748
v 0.2474 8.8483 -1.1520
v 0.1643 8.8525 -1.2031
v -0.1794 8.8553 -1.0929
v -0.1024 8.8597 -1.1640
v -0.0165 8.8577 -1.2089
v 0.2640 6.3580 0.8329
v 0.2476 6.3609 0.8734
v 0.2280 6.3642 0.9145
v 0.2433 6.3380 0.9968
v 0.2561 6.3239 1.0351
v 0.2675 6.3141 1.0746
v 0.4618 6.3912 1.1438
v 0.4020 6.3674 1.1343
v 0.3410 6.3401 1.1253
v 0.2716 6.4090 0.9708
v 0.3177 6.4579 0.9795
v 0.3669 6.5037 0.9871
v 0.3233 6.4155 0.8050
v 0.3464 6.4858 0.7954
v 0.3756 6.5554 0.7862
v -0.0304 6.3663 0.8465
v -0.0356 6.3275 0.8612
v -0.0383 6.3006 0.8939
v -0.0398 6.2695 0.9705
v -0.0397 6.2621 1.0092
v -0.0392 6.2582 1.0476
v 0.2042 6.2838 1.1049
v 0.1260 6.2643 1.0948
v 0.0440 6.2538 1.0884
v 0.0377 6.2769 0.9335
v 0.1155 6.2768 0.9364
v 0.1898 6.2937 0.9433
v 0.0505 6.3946 0.8470
v 0.1253 6.3834 0.8342
v 0.1986 6.3728 0.8146
v -0.3051 6.4404 0.8559
v -0.2795 6.4482 0.8912
v -0.2535 6.4559 0.9283
v -0.2596 6.4345 1.0124
v -0.2810 6.4080 1.0404
v -0.3038 6.3801 1.0648
v -0.1172 6.2669 1.0866
v -0.1917 6.2881 1.0894
v -0.2608 6.3188 1.0911
v -0.2059 6.3981 0.9609
v -0.1695 6.3385 0.9467
v -0.1137 6.2933 0.9320
v -0.2405 6.4378 0.8222
v -0.1699 6.4273 0.8352
v -0.0982 6.4167 0.8460
v -0.3988 6.5835 0.9777
v -0.3440 6.5443 0.9803
v -0.2925 6.5019 0.9802
v -0.5222 6.4277 1.0673
v -0.4574 6.4047 1.0716
v -0.3924 6.3793 1.0789
v -0.4158 6.6281 0.7973
v -0.3949 6.5607 0.8213
v -0.3682 6.4933 0.8315
v -0.0726 6.3485 -0.5508
v -0.1703 6.3597 -0.5485
v -0.2694 6.3811 -0.5421
v -0.4834 6.4518 -0.4965
v -0.5892 6.4901 -0.4418
v -0.6871 6.5266 -0.3697
v -0.8047 6.5582 -0.1682
v -0.8363 6.5626 -0.0679
v -0.8582 6.5601 0.0328
v -0.8250 6.5215 0.2145
v -0.7693 6.5014 0.2869
v -0.7150 6.4897 0.3554
v -0.6155 6.4872 0.4703
v -0.5740 6.4935 0.5177
v -0.5358 6.4983 0.5608
v 0.5291 6.4511 -0.4871
v 0.6341 6.4927 -0.4300
v 0.7229 6.5246 -0.3445
v 0.8266 6.5527 -0.1348
v 0.8531 6.5565 -0.0276
v 0.8673 6.5524 0.0711
v 0.8217 6.4966 0.2441
v 0.7687 6.4738 0.3158
v 0.7125 6.4611 0.3832
v 0.6077 6.4564 0.4920
v 0.5655 6.4622 0.5383
v 0.5270 6.4680 0.5802
v 0.1191 6.3495 -0.5527
v 0.2173 6.3610 -0.5491
v 0.3174 6.3816 -0.5407
v 0.3329 6.4894 0.7262
v 0.3958 6.4855 0.6971
v 0.4443 6.4754 0.6573
v 0.0611 6.4195 0.8248
v 0.1358 6.4341 0.8070
v 0.2041 6.4519 0.7793
v -0.2258 6.4552 0.7708
v -0.1606 6.4405 0.7979
v -0.0913 6.4279 0.8191
v -0.4568 6.4941 0.6436
v -0.4094 6.4876 0.6843
v -0.3556 6.4836 0.7238
v -0.0194 6.4405 0.8617
v -0.0141 6.4732 0.8592
v -0.0172 6.4434 0.8455
v 0.2768 6.4719 0.7865
v 0.2805 6.4404 0.8089
v 0.2758 6.4024 0.7986
v 0.4573 6.5690 0.7465
v 0.4981 6.5169 0.7317
v 0.5041 6.4752 0.6803
v 0.6643 6.4899 0.4897
v 0.6706 6.5333 0.5371
v 0.6702 6.5889 0.5746
v -0.4835 6.6400 0.7358
v -0.5088 6.5868 0.7006
v -0.5060 6.5411 0.6519
v -0.2834 6.5085 0.7564
v -0.2913 6.5231 0.7913
v -0.3026 6.4878 0.8046
v 0.0238 6.6264 -0.6139
v 0.0234 6.5350 -0.5962
v 0.0230 6.4416 -0.5716
v -0.3684 6.5095 -0.5076
v -0.3568 6.6035 -0.4790
v -0.3362 6.6837 -0.4315
v 0.3924 6.6961 -0.4590
v 0.4077 6.6066 -0.4875
v 0.4156 6.5104 -0.5049
v -0.7164 6.6120 -0.2239
v -0.6819 6.6832 -0.1806
v -0.6436 6.7513 -0.1390
v -0.8302 6.5995 0.1634
v -0.7817 6.6398 0.2009
v -0.7279 6.6763 0.2370
v -0.6560 6.5357 0.4533
v -0.6518 6.5900 0.4879
v -0.6470 6.6508 0.5158
v 0.6584 6.7419 -0.1158
v 0.7015 6.6758 -0.1555
v 0.7437 6.6082 -0.1965
v 0.7049 6.6490 0.2598
v 0.7619 6.6117 0.2297
v 0.8158 6.5740 0.1975
v 0.2137 8.6932 -1.1553
v 0.1649 8.6561 -1.1486
v 0.1562 8.6760 -1.1859
v 0.1598 8.6992 -1.2066
v 0.2342 8.7173 -1.1565
v 0.2934 8.7326 -1.0868
v 0.2412 8.6884 -1.1151
v 0.1858 8.5832 -1.0530
v 0.2871 8.6253 -1.0039
v 0.3653 8.6827 -0.9355
v 0.1893 8.5246 -1.0041
v 0.2981 8.5632 -0.9523
v 0.3830 8.6138 -0.8779
v 0.1898 8.4573 -0.9557
v 0.3042 8.4917 -0.9041
v 0.3955 8.5367 -0.8301
v 0.5012 8.6043 -0.6488
v 0.4973 8.6827 -0.6986
v 0.4787 8.7574 -0.7548
v 0.5078 8.6241 -0.5470
v 0.5199 8.6993 -0.5941
v 0.5088 8.7724 -0.6437
v 0.5096 8.6383 -0.4421
v 0.5203 8.7120 -0.4852
v 0.5246 8.7840 -0.5305
v 0.3812 8.8863 -0.8442
v 0.2937 8.9343 -0.8684
v 0.1857 8.9626 -0.8876
v 0.4029 8.9009 -0.7274
v 0.3075 8.9509 -0.7561
v 0.1912 8.9824 -0.7766
v 0.4191 8.9167 -0.6093
v 0.3176 8.9678 -0.6376
v 0.1946 9.0015 -0.6572
v 0.4456 8.9455 -0.3682
v 0.3344 9.0003 -0.3907
v 0.1995 9.0372 -0.4062
v 0.4560 8.9518 -0.2440
v 0.3426 9.0140 -0.2639
v 0.2019 9.0537 -0.2774
v 0.4625 8.9508 -0.1171
v 0.3509 9.0265 -0.1345
v 0.2045 9.0698 -0.1459
v 0.5030 8.9750 0.1407
v 0.3783 9.0595 0.1260
v 0.2156 9.1182 0.1194
v 0.5181 8.9761 0.2797
v 0.3911 9.0624 0.2766
v 0.2186 9.1193 0.2700
v 0.5305 8.9665 0.4186
v 0.3957 9.0610 0.4164
v 0.2209 9.1221 0.4127
v 0.5311 8.9151 0.6905
v 0.4106 9.0367 0.7000
v 0.2265 9.1031 0.7064
v 0.5642 8.9087 0.8227
v 0.4190 9.0055 0.8388
v 0.2291 9.0692 0.8494
v 0.5879 8.8808 0.9556
v 0.4218 8.9527 0.9709
v 0.2245 9.0187 0.9866
v 0.5863 8.7284 1.1876
v 0.4027 8.7899 1.1988
v 0.2227 8.9073 1.2555
v 0.5592 8.6188 1.2749
v 0.3768 8.6930 1.3030
v 0.2182 8.8343 1.3846
v 0.5214 8.5073 1.3632
v 0.3485 8.5994 1.4162
v 0.2104 8.7555 1.5160
v 0.1856 8.5886 1.8035
v 0.1685 8.5002 1.9603
v 0.1489 8.4094 2.1225
v 0.3026 8.4310 1.6901
v 0.2798 8.3504 1.8459
v 0.2545 8.2694 2.0086
v 0.4274 8.3082 1.5927
v 0.3812 8.2240 1.7374
v 0.3416 8.1467 1.8955
v 0.6728 8.2225 1.5588
v 0.6044 8.1120 1.6657
v 0.5320 8.0086 1.7884
v 0.7350 8.2019 1.5714
v 0.6703 8.0898 1.6767
v 0.5993 7.9761 1.7891
v 0.7665 8.1672 1.5750
v 0.7071 8.0551 1.6817
v 0.6366 7.9353 1.7865
v 0.7884 8.0708 1.5686
v 0.7332 7.9632 1.6701
v 0.6655 7.8472 1.7666
v 0.7972 8.0132 1.5626
v 0.7424 7.9124 1.6609
v 0.6763 7.8041 1.7544
v 0.8060 7.9519 1.5556
v 0.7520 7.8602 1.6507
v 0.6874 7.7621 1.7412
v 0.8227 7.8268 1.5384
v 0.7733 7.7565 1.6283
v 0.7130 7.6827 1.7127
v 0.8299 7.7639 1.5271
v 0.7846 7.7042 1.6149
v 0.7276 7.6425 1.6965
v 0.8359 7.6992 1.5128
v 0.7959 7.6488 1.5987
v 0.7431 7.5978 1.6779
v 0.7747 7.4826 1.6296
v 0.7877 7.4114 1.5993
v 0.7966 7.3339 1.5662
v 0.8168 7.5208 1.5542
v 0.8242 7.4476 1.5259
v 0.8279 7.3701 1.4950
v 0.8430 7.5601 1.4719
v 0.8427 7.4854 1.4458
v 0.8392 7.4082 1.4178
v 0.7685 7.4847 1.2719
v 0.7272 7.5220 1.1959
v 0.7135 7.5590 1.1086
v 0.7805 7.5625 1.2898
v 0.7315 7.6001 1.2145
v 0.7045 7.6367 1.1266
v 0.7926 7.6397 1.3054
v 0.7384 7.6781 1.2299
v 0.7004 7.7149 1.1425
v 0.6973 7.8735 1.1646
v 0.6964 7.9540 1.1707
v 0.6963 8.0351 1.1742
v 0.7529 7.8351 1.2491
v 0.7598 7.9142 1.2529
v 0.7673 7.9935 1.2533
v 0.8140 7.7928 1.3269
v 0.8227 7.8691 1.3330
v 0.8301 7.9455 1.3372
v 0.7018 8.1973 1.1741
v 0.7083 8.2749 1.1695
v 0.7166 8.3458 1.1611
v 0.7854 8.1517 1.2472
v 0.7951 8.2274 1.2424
v 0.8035 8.2971 1.2376
v 0.8404 8.0984 1.3433
v 0.8419 8.1721 1.3460
v 0.8402 8.2399 1.3480
v 0.7338 8.4566 1.1356
v 0.7398 8.5020 1.1260
v 0.7482 8.5630 1.1252
v 0.8099 8.4079 1.2299
v 0.8057 8.4530 1.2306
v 0.7837 8.5087 1.2444
v 0.8299 8.3465 1.3485
v 0.8156 8.3883 1.3513
v 0.7725 8.4319 1.3610
v 0.6326 8.5396 0.9525
v 0.6689 8.5789 0.8391
v 0.6732 8.6101 0.7175
v 0.6215 8.5891 0.9446
v 0.6642 8.6321 0.8314
v 0.6659 8.6650 0.7073
v 0.6051 8.6484 0.9385
v 0.6494 8.6931 0.8242
v 0.6476 8.7256 0.6969
v 0.6987 8.6632 0.4716
v 0.6960 8.6749 0.3448
v 0.6870 8.6814 0.2195
v 0.6794 8.7216 0.4557
v 0.6716 8.7343 0.3267
v 0.6635 8.7446 0.1989
v 0.6550 8.7849 0.4389
v 0.6443 8.7978 0.3088
v 0.6332 8.8086 0.1780
v 0.6634 8.6825 -0.0236
v 0.6316 8.6747 -0.1354
v 0.5816 8.6620 -0.2373
v 0.6376 8.7506 -0.0479
v 0.6048 8.7419 -0.1627
v 0.5459 8.7291 -0.2630
v 0.5943 8.8081 -0.0713
v 0.5744 8.8078 -0.1912
v 0.5261 8.7973 -0.2994
v 0.6455 8.5190 -0.1898
v 0.6734 8.5296 -0.0835
v 0.7004 8.5384 0.0258
v 0.6607 8.4433 -0.1622
v 0.6899 8.4546 -0.0583
v 0.7191 8.4640 0.0488
v 0.6732 8.3673 -0.1351
v 0.7055 8.3790 -0.0335
v 0.7378 8.3886 0.0712
v 0.7855 8.3984 0.2928
v 0.7615 8.4733 0.2754
v 0.7366 8.5459 0.2575
v 0.7859 8.3939 0.4093
v 0.7645 8.4694 0.3941
v 0.7418 8.5421 0.3785
v 0.7663 8.3798 0.5244
v 0.7490 8.4565 0.5123
v 0.7317 8.5302 0.4996
v 0.6950 8.3287 0.7416
v 0.6889 8.4073 0.7375
v 0.6837 8.4815 0.7329
v 0.6749 8.3003 0.8530
v 0.6720 8.3791 0.8515
v 0.6698 8.4533 0.8490
v 0.6561 8.2681 0.9638
v 0.6481 8.3460 0.9632
v 0.6413 8.4190 0.9613
v 0.7195 8.1682 0.7520
v 0.6892 8.1380 0.8564
v 0.6741 8.1059 0.9637
v 0.7389 8.0893 0.7594
v 0.7015 8.0573 0.8588
v 0.6831 8.0254 0.9635
v 0.7618 8.0114 0.7675
v 0.7186 7.9776 0.8616
v 0.6914 7.9443 0.9614
v 0.7244 7.7865 0.9532
v 0.7483 7.7096 0.9480
v 0.7727 7.6325 0.9415
v 0.7661 7.8219 0.8654
v 0.7901 7.7439 0.8637
v 0.8074 7.6640 0.8569
v 0.8065 7.8540 0.7752
v 0.8197 7.7727 0.7716
v 0.8151 7.6903 0.7630
v 0.7656 7.7441 0.5747
v 0.7935 7.7529 0.4748
v 0.8420 7.7581 0.3823
v 0.7954 7.8224 0.5738
v 0.8027 7.8364 0.4703
v 0.8423 7.8420 0.3732
v 0.8238 7.9005 0.5723
v 0.8233 7.9170 0.4680
v 0.8483 7.9259 0.3659
v 0.8711 8.0936 0.3619
v 0.8490 8.1676 0.3429
v 0.8292 8.2451 0.3268
v 0.8379 8.0879 0.4661
v 0.8407 8.1622 0.4529
v 0.8242 8.2397 0.4387
v 0.8309 8.0648 0.5691
v 0.8189 8.1452 0.5603
v 0.8015 8.2235 0.5485
v 0.8014 8.0808 0.1569
v 0.7624 8.0730 0.0606
v 0.7238 8.0620 -0.0337
v 0.7871 8.1588 0.1374
v 0.7487 8.1501 0.0392
v 0.7122 8.1388 -0.0571
v 0.7717 8.2359 0.1160
v 0.7342 8.2266 0.0160
v 0.6986 8.2151 -0.0819
v 0.6488 8.0326 -0.2131
v 0.6075 8.0155 -0.2953
v 0.5592 7.9964 -0.3723
v 0.6417 8.1089 -0.2400
v 0.6030 8.0913 -0.3241
v 0.5565 8.0714 -0.4024
v 0.6319 8.1852 -0.2687
v 0.5961 8.1672 -0.3551
v 0.5522 8.1464 -0.4357
v 0.5410 8.2966 -0.5057
v 0.5257 8.3728 -0.5378
v 0.4965 8.4481 -0.5663
v 0.5781 8.3192 -0.4195
v 0.5561 8.3952 -0.4475
v 0.5195 8.4682 -0.4718
v 0.6118 8.3376 -0.3293
v 0.5919 8.4135 -0.3567
v 0.5567 8.4866 -0.3794
v 0.4117 8.2337 -0.6664
v 0.3077 8.1987 -0.7354
v 0.1822 8.1713 -0.7885
v 0.4117 8.3061 -0.7071
v 0.3087 8.2703 -0.7752
v 0.1845 8.2428 -0.8261
v 0.4095 8.3803 -0.7479
v 0.3087 8.3427 -0.8165
v 0.1867 8.3141 -0.8663
v 0.1770 8.0278 -0.7182
v 0.3046 8.0559 -0.6594
v 0.4108 8.0898 -0.5882
v 0.1741 7.9560 -0.6853
v 0.3024 7.9846 -0.6238
v 0.4097 8.0180 -0.5514
v 0.1712 7.8838 -0.6568
v 0.3006 7.9127 -0.5929
v 0.4089 7.9455 -0.5195
v 0.4058 7.7993 -0.4767
v 0.4025 7.7259 -0.4661
v 0.3982 7.6524 -0.4585
v 0.2953 7.7694 -0.5467
v 0.2922 7.6972 -0.5334
v 0.2875 7.6250 -0.5217
v 0.1635 7.7446 -0.6039
v 0.1586 7.6759 -0.5818
v 0.1528 7.6082 -0.5588
v 0.1382 7.4792 -0.4969
v 0.2709 7.4852 -0.4809
v 0.3889 7.5042 -0.4431
v 0.1294 7.4194 -0.4558
v 0.2588 7.4226 -0.4432
v 0.3792 7.4317 -0.4229
v 0.1193 7.3608 -0.4103
v 0.2438 7.3662 -0.3953
v 0.3618 7.3720 -0.3786
v 0.5631 7.4083 -0.3119
v 0.5507 7.4873 -0.3022
v 0.5197 7.5561 -0.2785
v 0.6244 7.4158 -0.2315
v 0.6103 7.4950 -0.2225
v 0.5824 7.5675 -0.2038
v 0.6807 7.4201 -0.1486
v 0.6707 7.5001 -0.1443
v 0.6474 7.5760 -0.1314
v 0.5165 7.7061 -0.2832
v 0.5401 7.7748 -0.3053
v 0.5548 7.8468 -0.3262
v 0.5704 7.7199 -0.2057
v 0.5896 7.7916 -0.2269
v 0.6034 7.8648 -0.2482
v 0.6218 7.7309 -0.1263
v 0.6367 7.8052 -0.1464
v 0.6483 7.8801 -0.1673
v 0.7435 7.7471 0.0249
v 0.7333 7.8275 0.0214
v 0.7322 7.9067 0.0071
v 0.8119 7.7544 0.0970
v 0.7971 7.8356 0.0982
v 0.7816 7.9161 0.0949
v 0.8652 7.7576 0.1827
v 0.8679 7.8404 0.1740
v 0.8593 7.9214 0.1680
v 0.7761 7.5872 0.0161
v 0.8233 7.5895 0.1026
v 0.8561 7.5904 0.1969
v 0.7798 7.5057 0.0191
v 0.8195 7.5072 0.1089
v 0.8493 7.5072 0.2037
v 0.7759 7.4245 0.0245
v 0.8133 7.4252 0.1151
v 0.8426 7.4243 0.2094
v 0.8239 7.4217 0.4084
v 0.8337 7.5056 0.4052
v 0.8390 7.5898 0.3989
v 0.7648 7.4187 0.4925
v 0.7828 7.5014 0.4957
v 0.8014 7.5862 0.4970
v 0.7039 7.4136 0.5726
v 0.7197 7.4962 0.5756
v 0.7384 7.5782 0.5784
v 0.6887 7.3812 0.7497
v 0.7227 7.4578 0.7542
v 0.7581 7.5338 0.7548
v 0.7301 7.3484 0.8171
v 0.7674 7.4233 0.8228
v 0.7962 7.5013 0.8319
v 0.7675 7.3144 0.8824
v 0.7938 7.3923 0.8987
v 0.8015 7.4732 0.9169
v 0.7859 7.2480 1.0291
v 0.7708 7.3270 1.0536
v 0.7488 7.4045 1.0724
v 0.7712 7.2087 1.1004
v 0.7514 7.2868 1.1270
v 0.7364 7.3650 1.1515
v 0.7742 7.1672 1.1715
v 0.7600 7.2464 1.2015
v 0.7550 7.3263 1.2284
v 0.8259 7.2481 1.3607
v 0.8239 7.2073 1.4310
v 0.7997 7.1687 1.4967
v 0.8202 7.1659 1.3316
v 0.8167 7.1240 1.3986
v 0.7941 7.0841 1.4616
v 0.8150 7.0829 1.3011
v 0.8045 7.0409 1.3653
v 0.7839 6.9999 1.4264
v 0.7528 6.8366 1.3553
v 0.7345 6.7591 1.3185
v 0.7146 6.6861 1.2795
v 0.7641 6.8796 1.2952
v 0.7403 6.8022 1.2585
v 0.7142 6.7288 1.2200
v 0.7712 6.9223 1.2336
v 0.7414 6.8452 1.1977
v 0.7086 6.7716 1.1606
v 0.6794 6.8572 1.0435
v 0.6565 6.9000 0.9875
v 0.6310 6.9424 0.9334
v 0.7252 6.9307 1.0742
v 0.7078 6.9730 1.0132
v 0.6850 7.0151 0.9545
v 0.7673 7.0071 1.1050
v 0.7557 7.0485 1.0394
v 0.7366 7.0898 0.9758
v 0.5865 7.0193 0.8206
v 0.5755 7.0486 0.7546
v 0.5828 7.0676 0.6815
v 0.6329 7.0936 0.8406
v 0.6113 7.1251 0.7770
v 0.6039 7.1475 0.7038
v 0.6803 7.1675 0.8575
v 0.6494 7.2006 0.7963
v 0.6296 7.2259 0.7238
v 0.6810 7.0810 0.5503
v 0.7526 7.0855 0.4924
v 0.8067 7.0880 0.4130
v 0.6772 7.1646 0.5537
v 0.7486 7.1687 0.4912
v 0.8096 7.1713 0.4139
v 0.6802 7.2480 0.5601
v 0.7481 7.2520 0.4904
v 0.8123 7.2547 0.4132
v 0.7781 7.1038 0.2258
v 0.7197 7.1233 0.1506
v 0.6587 7.1448 0.0777
v 0.8110 7.1786 0.2196
v 0.7652 7.1874 0.1339
v 0.7134 7.1962 0.0521
v 0.8263 7.2595 0.2169
v 0.7945 7.2625 0.1241
v 0.7526 7.2642 0.0358
v 0.5492 7.1572 -0.0929
v 0.4996 7.1415 -0.1875
v 0.4532 7.1111 -0.2827
v 0.6127 7.1958 -0.1213
v 0.5637 7.1826 -0.2136
v 0.5120 7.1641 -0.3057
v 0.6583 7.2596 -0.1405
v 0.6061 7.2518 -0.2294
v 0.5422 7.2432 -0.3116
v 0.3127 7.0900 -0.4369
v 0.2088 7.0880 -0.4616
v 0.1032 7.0800 -0.4756
v 0.3203 7.1625 -0.3892
v 0.2118 7.1500 -0.4019
v 0.1017 7.1403 -0.4154
v 0.3279 7.2299 -0.3327
v 0.2164 7.2196 -0.3491
v 0.1018 7.2111 -0.3666
v 0.2517 6.8124 -0.4386
v 0.1768 6.8017 -0.5097
v 0.1145 6.8003 -0.5891
v 0.2310 6.8827 -0.4128
v 0.1636 6.8748 -0.4908
v 0.1098 6.8750 -0.5760
v 0.2453 6.9555 -0.4198
v 0.1895 6.9411 -0.5061
v 0.1071 6.9485 -0.5639
v 0.4241 6.8633 -0.3113
v 0.3963 6.9295 -0.2775
v 0.3731 6.9985 -0.2506
v 0.5129 6.8922 -0.2456
v 0.4852 6.9611 -0.2153
v 0.4593 7.0300 -0.1877
v 0.5744 6.8995 -0.1525
v 0.5442 6.9678 -0.1218
v 0.5072 7.0302 -0.0899
v 0.6007 6.8562 0.0505
v 0.5863 6.9328 0.0766
v 0.5806 7.0110 0.1002
v 0.6175 6.8342 0.1453
v 0.6148 6.9130 0.1687
v 0.6335 6.9920 0.1805
v 0.6439 6.8116 0.2350
v 0.6636 6.8896 0.2486
v 0.6976 6.9638 0.2473
v 0.7360 6.7656 0.3888
v 0.7660 6.8413 0.3955
v 0.7875 6.9217 0.4032
v 0.7568 6.7503 0.4742
v 0.7607 6.8323 0.4846
v 0.7604 6.9169 0.4902
v 0.7158 6.7419 0.5499
v 0.7068 6.8252 0.5519
v 0.6984 6.9112 0.5516
v 0.5853 6.7305 0.6440
v 0.5751 6.8122 0.6441
v 0.5696 6.8980 0.6487
v 0.5231 6.7281 0.6863
v 0.5189 6.8073 0.6938
v 0.5256 6.8894 0.7092
v 0.4688 6.7242 0.7342
v 0.4800 6.7994 0.7534
v 0.5056 6.8733 0.7762
v 0.4256 6.6961 0.8565
v 0.4706 6.7553 0.8766
v 0.5215 6.8133 0.8955
v 0.4351 6.6677 0.9137
v 0.4886 6.7199 0.9293
v 0.5451 6.7735 0.9457
v 0.4547 6.6309 0.9625
v 0.5132 6.6788 0.9759
v 0.5723 6.7306 0.9929
v 0.5561 6.4755 1.1315
v 0.5307 6.5121 1.0887
v 0.5049 6.5504 1.0469
v 0.6129 6.5132 1.1575
v 0.5903 6.5524 1.1099
v 0.5659 6.5933 1.0641
v 0.6583 6.5615 1.1949
v 0.6423 6.6020 1.1414
v 0.6225 6.6439 1.0899
v 0.2124 8.7896 -1.2105
v 0.1602 8.7539 -1.2382
v 0.1557 8.7840 -1.2447
v 0.1605 8.8180 -1.2298
v 0.2351 8.8150 -1.1848
v 0.2906 8.8015 -1.1294
v 0.2343 8.7720 -1.1896
v -0.0680 8.7063 -1.1580
v -0.0189 8.6700 -1.1458
v -0.0952 8.7075 -1.1175
v -0.1507 8.7520 -1.0966
v -0.0887 8.7301 -1.1620
v -0.0132 8.7058 -1.2081
v -0.0103 8.6842 -1.1857
v -0.0445 8.6056 -1.0464
v -0.0561 8.5460 -0.9999
v -0.0666 8.4762 -0.9560
v -0.1463 8.6544 -1.0046
v -0.1652 8.5924 -0.9555
v -0.1815 8.5194 -0.9125
v -0.2336 8.7123 -0.9492
v -0.2577 8.6450 -0.8927
v -0.2769 8.5687 -0.8469
v -0.3833 8.6456 -0.6692
v -0.4063 8.6705 -0.5710
v -0.4344 8.6875 -0.4703
v -0.3873 8.7184 -0.7267
v -0.4204 8.7394 -0.6258
v -0.4390 8.7580 -0.5192
v -0.3669 8.7906 -0.7855
v -0.4079 8.8100 -0.6785
v -0.4391 8.8268 -0.5691
v -0.2561 8.9120 -0.8683
v -0.2857 8.9281 -0.7532
v -0.3095 8.9434 -0.6361
v -0.1626 8.9509 -0.8851
v -0.1835 8.9676 -0.7738
v -0.2012 8.9835 -0.6559
v -0.0516 8.9703 -0.8961
v -0.0639 8.9898 -0.7855
v -0.0750 9.0081 -0.6665
v -0.3510 8.9670 -0.3962
v -0.3711 8.9739 -0.2729
v -0.3918 8.9792 -0.1472
v -0.2338 9.0114 -0.4099
v -0.2504 9.0234 -0.2836
v -0.2680 9.0354 -0.1549
v -0.0962 9.0409 -0.4160
v -0.1070 9.0554 -0.2874
v -0.1183 9.0693 -0.1562
v -0.4545 9.0154 0.1085
v -0.4697 9.0066 0.2457
v -0.4893 8.9965 0.3844
v -0.3224 9.0873 0.1067
v -0.3325 9.0829 0.2491
v -0.3507 9.0817 0.3894
v -0.1353 9.1222 0.0988
v -0.1616 9.1292 0.2558
v -0.1793 9.1325 0.3985
v -0.5125 8.9469 0.6557
v -0.5491 8.9376 0.7871
v -0.5780 8.9037 0.9175
v -0.3804 9.0553 0.6748
v -0.3960 9.0206 0.8124
v -0.4085 8.9639 0.9423
v -0.1947 9.1090 0.6932
v -0.2053 9.0827 0.8386
v -0.2129 9.0289 0.9740
v -0.5939 8.7447 1.1449
v -0.5735 8.6361 1.2348
v -0.5404 8.5207 1.3197
v -0.4202 8.8199 1.1869
v -0.3922 8.7082 1.2747
v -0.3698 8.6090 1.3848
v -0.2312 8.9210 1.2439
v -0.2360 8.8435 1.3700
v -0.2379 8.7605 1.4987
v -0.2355 8.5863 1.7824
v -0.3421 8.4316 1.6559
v -0.4613 8.3130 1.5471
v -0.2310 8.4944 1.9379
v -0.3319 8.3473 1.8112
v -0.4265 8.2249 1.6928
v -0.2247 8.4002 2.0993
v -0.3201 8.2629 1.9738
v -0.4002 8.1440 1.8520
v -0.7026 8.2270 1.4913
v -0.7657 8.2071 1.5003
v -0.7991 8.1743 1.5033
v -0.6410 8.1122 1.5980
v -0.7077 8.0907 1.6050
v -0.7474 8.0597 1.6114
v -0.5779 8.0060 1.7234
v -0.6452 7.9738 1.7192
v -0.6873 7.9379 1.7201
v -0.8253 8.0791 1.4967
v -0.8351 8.0216 1.4901
v -0.8437 7.9604 1.4819
v -0.7806 7.9701 1.6021
v -0.7923 7.9197 1.5932
v -0.8039 7.8678 1.5832
v -0.7239 7.8521 1.7034
v -0.7374 7.8095 1.6919
v -0.7510 7.7681 1.6794
v -0.8536 7.8352 1.4606
v -0.8533 7.7724 1.4470
v -0.8484 7.7081 1.4309
v -0.8258 7.7646 1.5593
v -0.8347 7.7124 1.5440
v -0.8409 7.6571 1.5251
v -0.7799 7.6895 1.6514
v -0.7947 7.6497 1.6346
v -0.8090 7.6052 1.6144
v -0.8290 7.4904 1.5601
v -0.8381 7.5299 1.4748
v -0.8219 7.5712 1.3907
v -0.8290 7.4197 1.5264
v -0.8251 7.4580 1.4454
v -0.7995 7.4985 1.3686
v -0.8188 7.3434 1.4914
v -0.8038 7.3827 1.4167
v -0.7736 7.4236 1.3462
v -0.7125 7.5053 1.1976
v -0.7207 7.5823 1.2209
v -0.7364 7.6582 1.2393
v -0.7099 7.5467 1.1129
v -0.6988 7.6231 1.1352
v -0.6989 7.7002 1.1558
v -0.7319 7.5902 1.0303
v -0.7065 7.6648 1.0456
v -0.6909 7.7414 1.0626
v -0.6785 7.8984 1.0913
v -0.7123 7.8556 1.1848
v -0.7717 7.8088 1.2612
v -0.6760 7.9785 1.1014
v -0.7216 7.9342 1.1927
v -0.7886 7.8838 1.2659
v -0.6740 8.0592 1.1098
v -0.7322 8.0131 1.1964
v -0.8041 7.9590 1.2683
v -0.6788 8.2209 1.1198
v -0.7602 8.1697 1.1912
v -0.8328 8.1097 1.2700
v -0.6874 8.2982 1.1186
v -0.7767 8.2439 1.1833
v -0.8432 8.1827 1.2715
v -0.6994 8.3688 1.1121
v -0.7921 8.3120 1.1746
v -0.8485 8.2502 1.2736
v -0.7240 8.4764 1.0816
v -0.8106 8.4208 1.1619
v -0.8445 8.3571 1.2758
v -0.7335 8.5203 1.0686
v -0.8102 8.4659 1.1626
v -0.8314 8.3991 1.2805
v -0.7472 8.5800 1.0651
v -0.7921 8.5222 1.1793
v -0.7895 8.4427 1.2945
v -0.6519 8.5726 0.9048
v -0.6293 8.6159 0.8929
v -0.6097 8.6752 0.8893
v -0.6724 8.6153 0.7884
v -0.6682 8.6685 0.7825
v -0.6486 8.7284 0.7774
v -0.6755 8.6505 0.6678
v -0.6660 8.7054 0.6594
v -0.6462 8.7663 0.6515
v -0.6859 8.7078 0.4217
v -0.6611 8.7651 0.4079
v -0.6310 8.8260 0.3943
v -0.6777 8.7229 0.2950
v -0.6520 8.7836 0.2805
v -0.6127 8.8422 0.2642
v -0.6658 8.7333 0.1701
v -0.6368 8.7957 0.1519
v -0.5938 8.8540 0.1353
v -0.6376 8.7393 -0.0742
v -0.5923 8.7988 -0.0913
v -0.5461 8.8566 -0.1121
v -0.5924 8.7257 -0.1811
v -0.5545 8.7898 -0.2041
v -0.5175 8.8532 -0.2302
v -0.5528 8.7165 -0.2876
v -0.5272 8.7864 -0.3170
v -0.4988 8.8550 -0.3472
v -0.6134 8.5717 -0.2412
v -0.6323 8.4956 -0.2168
v -0.6451 8.4188 -0.1912
v -0.6457 8.5823 -0.1362
v -0.6640 8.5068 -0.1134
v -0.6787 8.4303 -0.0901
v -0.6756 8.5912 -0.0278
v -0.6933 8.5157 -0.0065
v -0.7121 8.4396 0.0141
v -0.7688 8.4472 0.2334
v -0.7753 8.4404 0.3495
v -0.7672 8.4259 0.4657
v -0.7429 8.5223 0.2184
v -0.7513 8.5160 0.3366
v -0.7468 8.5024 0.4555
v -0.7170 8.5955 0.2030
v -0.7265 8.5889 0.3235
v -0.7263 8.5757 0.4449
v -0.7039 8.3693 0.6840
v -0.6832 8.3369 0.7938
v -0.6653 8.3014 0.9036
v -0.6955 8.4475 0.6817
v -0.6797 8.4157 0.7948
v -0.6571 8.3795 0.9056
v -0.6884 8.5219 0.6787
v -0.6747 8.4897 0.7942
v -0.6483 8.4524 0.9061
v -0.7304 8.2087 0.6895
v -0.7515 8.1300 0.6949
v -0.7767 8.0526 0.7013
v -0.6978 8.1745 0.7920
v -0.7125 8.0941 0.7922
v -0.7329 8.0151 0.7935
v -0.6813 8.1393 0.8980
v -0.6903 8.0583 0.8948
v -0.7018 7.9778 0.8907
v -0.7455 7.8227 0.8822
v -0.7906 7.8629 0.7983
v -0.8358 7.9004 0.7127
v -0.7779 7.7489 0.8798
v -0.8239 7.7886 0.8002
v -0.8633 7.8227 0.7138
v -0.8129 7.6758 0.8779
v -0.8541 7.7124 0.7984
v -0.8775 7.7412 0.7079
v -0.8247 7.7950 0.5211
v -0.8589 7.8712 0.5167
v -0.8779 7.9522 0.5154
v -0.8281 7.8063 0.4179
v -0.8478 7.8876 0.4138
v -0.8730 7.9672 0.4108
v -0.8722 7.8094 0.3233
v -0.8912 7.8936 0.3155
v -0.8960 7.9787 0.3069
v -0.8587 8.1377 0.2891
v -0.8575 8.1289 0.3972
v -0.8463 8.1127 0.5046
v -0.8385 8.2163 0.2769
v -0.8388 8.2075 0.3867
v -0.8264 8.1913 0.4958
v -0.8169 8.2939 0.2629
v -0.8191 8.2856 0.3747
v -0.8067 8.2696 0.4860
v -0.7778 8.1308 0.0955
v -0.7625 8.2088 0.0768
v -0.7462 8.2860 0.0564
v -0.7334 8.1218 0.0012
v -0.7203 8.1996 -0.0198
v -0.7068 8.2766 -0.0427
v -0.6971 8.1109 -0.0940
v -0.6861 8.1885 -0.1169
v -0.6726 8.2653 -0.1410
v -0.6295 8.0826 -0.2763
v -0.6161 8.1596 -0.3001
v -0.6006 8.2363 -0.3259
v -0.5877 8.0652 -0.3580
v -0.5736 8.1415 -0.3825
v -0.5560 8.2180 -0.4082
v -0.5295 8.0445 -0.4271
v -0.5190 8.1194 -0.4552
v -0.5019 8.1958 -0.4819
v -0.4598 8.3476 -0.5360
v -0.5150 8.3708 -0.4602
v -0.5683 8.3899 -0.3800
v -0.4299 8.4230 -0.5595
v -0.4845 8.4463 -0.4816
v -0.5420 8.4662 -0.4024
v -0.3893 8.4965 -0.5783
v -0.4424 8.5191 -0.4974
v -0.5016 8.5390 -0.4179
v -0.3237 8.2706 -0.6866
v -0.3139 8.3424 -0.7257
v -0.2992 8.4170 -0.7616
v -0.2246 8.2230 -0.7563
v -0.2165 8.2942 -0.7954
v -0.2071 8.3668 -0.8351
v -0.0997 8.1828 -0.8031
v -0.0924 8.2550 -0.8390
v -0.0847 8.3278 -0.8764
v -0.1134 8.0389 -0.7343
v -0.1201 7.9671 -0.7023
v -0.1269 7.8939 -0.6766
v -0.2410 8.0804 -0.6828
v -0.2504 8.0078 -0.6510
v -0.2589 7.9350 -0.6235
v -0.3446 8.1269 -0.6137
v -0.3598 8.0519 -0.5871
v -0.3702 7.9782 -0.5599
v -0.3776 7.8346 -0.5103
v -0.2682 7.7928 -0.5761
v -0.1346 7.7556 -0.6215
v -0.3845 7.7606 -0.5032
v -0.2713 7.7214 -0.5604
v -0.1362 7.6879 -0.5966
v -0.3909 7.6862 -0.5024
v -0.2733 7.6500 -0.5462
v -0.1374 7.6212 -0.5705
v -0.1382 7.4929 -0.5061
v -0.1380 7.4321 -0.4652
v -0.1375 7.3711 -0.4214
v -0.2709 7.5111 -0.5015
v -0.2671 7.4470 -0.4646
v -0.2623 7.3852 -0.4210
v -0.3926 7.5374 -0.4854
v -0.3882 7.4651 -0.4627
v -0.3807 7.4002 -0.4225
v -0.5626 7.4255 -0.3657
v -0.6074 7.4420 -0.2761
v -0.6524 7.4537 -0.1872
v -0.5677 7.5058 -0.3717
v -0.6104 7.5219 -0.2826
v -0.6490 7.5338 -0.1922
v -0.5687 7.5846 -0.3769
v -0.6125 7.6006 -0.2902
v -0.6473 7.6132 -0.1996
v -0.5651 7.7394 -0.3853
v -0.6148 7.7565 -0.3055
v -0.6483 7.7707 -0.2174
v -0.5612 7.8161 -0.3899
v -0.6138 7.8341 -0.3139
v -0.6483 7.8492 -0.2275
v -0.5539 7.8925 -0.3967
v -0.6098 7.9114 -0.3246
v -0.6459 7.9274 -0.2400
v -0.7234 7.7925 -0.0386
v -0.7736 7.8005 0.0472
v -0.8306 7.8064 0.1306
v -0.7183 7.8732 -0.0473
v -0.7643 7.8822 0.0415
v -0.8177 7.8890 0.1280
v -0.7132 7.9534 -0.0589
v -0.7554 7.9632 0.0324
v -0.8039 7.9708 0.1232
v -0.7385 7.6303 -0.0266
v -0.7472 7.5492 -0.0221
v -0.7541 7.4680 -0.0182
v -0.7918 7.6361 0.0565
v -0.7987 7.5538 0.0616
v -0.8028 7.4717 0.0668
v -0.8438 7.6397 0.1418
v -0.8465 7.5564 0.1487
v -0.8462 7.4732 0.1555
v -0.8390 7.4752 0.3514
v -0.7879 7.4752 0.4405
v -0.7423 7.4723 0.5302
v -0.8507 7.5582 0.3458
v -0.8193 7.5544 0.4448
v -0.7760 7.5501 0.5366
v -0.8599 7.6417 0.3391
v -0.8174 7.6389 0.4338
v -0.7794 7.6343 0.5293
v -0.7472 7.4373 0.7040
v -0.7968 7.3993 0.7625
v -0.8368 7.3630 0.8249
v -0.7883 7.5103 0.7029
v -0.8379 7.4722 0.7660
v -0.8634 7.4407 0.8419
v -0.8298 7.5830 0.6981
v -0.8666 7.5503 0.7756
v -0.8653 7.5219 0.8605
v -0.8569 7.2932 0.9702
v -0.8412 7.2517 1.0402
v -0.8191 7.2051 1.1048
v -0.8377 7.3715 0.9945
v -0.8080 7.3269 1.0617
v -0.7803 7.2788 1.1265
v -0.8034 7.4456 1.0086
v -0.7692 7.3991 1.0768
v -0.7444 7.3523 1.1474
v -0.7438 7.2652 1.2919
v -0.7570 7.1850 1.2593
v -0.7858 7.1074 1.2274
v -0.7624 7.2234 1.3592
v -0.7652 7.1409 1.3246
v -0.7838 7.0602 1.2889
v -0.7842 7.1814 1.4239
v -0.7826 7.0975 1.3872
v -0.7931 7.0146 1.3494
v -0.8286 6.8556 1.2715
v -0.8350 6.9042 1.2150
v -0.8406 6.9521 1.1570
v -0.8242 6.7791 1.2288
v -0.8280 6.8267 1.1720
v -0.8276 6.8739 1.1140
v -0.8086 6.7078 1.1847
v -0.8046 6.7548 1.1286
v -0.7952 6.8019 1.0730
v -0.7531 6.8984 0.9692
v -0.8060 6.9680 0.9977
v -0.8417 7.0453 1.0343
v -0.7219 6.9478 0.9237
v -0.7823 7.0156 0.9430
v -0.8301 7.0906 0.9715
v -0.6881 6.9970 0.8812
v -0.7519 7.0634 0.8930
v -0.8080 7.1354 0.9118
v -0.6277 7.0840 0.7846
v -0.6844 7.1524 0.7963
v -0.7407 7.2212 0.8057
v -0.6088 7.1154 0.7215
v -0.6541 7.1879 0.7388
v -0.7021 7.2589 0.7520
v -0.6085 7.1343 0.6481
v -0.6370 7.2125 0.6679
v -0.6715 7.2882 0.6852
v -0.6886 7.1430 0.5044
v -0.6909 7.2269 0.5094
v -0.7006 7.3100 0.5165
v -0.7548 7.1437 0.4401
v -0.7544 7.2270 0.4387
v -0.7581 7.3104 0.4378
v -0.8143 7.1434 0.3644
v -0.8177 7.2264 0.3631
v -0.8218 7.3094 0.3601
v -0.7948 7.1493 0.1787
v -0.8182 7.2278 0.1727
v -0.8356 7.3082 0.1673
v -0.7251 7.1642 0.1123
v -0.7576 7.2362 0.0966
v -0.7869 7.3103 0.0825
v -0.6551 7.1782 0.0454
v -0.6909 7.2472 0.0267
v -0.7325 7.3103 0.0017
v -0.5326 7.1813 -0.1173
v -0.5868 7.2326 -0.1456
v -0.6314 7.2951 -0.1699
v -0.4795 7.1638 -0.2098
v -0.5363 7.2151 -0.2368
v -0.5795 7.2817 -0.2584
v -0.4317 7.1343 -0.3047
v -0.4862 7.1917 -0.3292
v -0.5268 7.2635 -0.3477
v -0.3168 7.0822 -0.4805
v -0.3381 7.1651 -0.4740
v -0.3575 7.2360 -0.4256
v -0.2144 7.0850 -0.5099
v -0.2290 7.1573 -0.4650
v -0.2459 7.2258 -0.4134
v -0.1083 7.0793 -0.5016
v -0.1200 7.1447 -0.4478
v -0.1314 7.2153 -0.3988
v -0.2060 6.8122 -0.4171
v -0.2112 6.8879 -0.4241
v -0.2428 6.9512 -0.4441
v -0.1347 6.8001 -0.4917
v -0.1615 6.8654 -0.5131
v -0.1859 6.9320 -0.5295
v -0.0743 6.7901 -0.5723
v -0.0860 6.8633 -0.5799
v -0.0931 6.9367 -0.5699
v -0.3904 6.8653 -0.3100
v -0.4858 6.8973 -0.2565
v -0.5597 6.9091 -0.1731
v -0.3701 6.9379 -0.2851
v -0.4604 6.9665 -0.2241
v -0.5361 6.9810 -0.1441
v -0.3539 7.0126 -0.2681
v -0.4312 7.0312 -0.1901
v -0.5104 7.0512 -0.1163
v -0.6011 6.8700 0.0284
v -0.6397 6.8535 0.1181
v -0.6957 6.8391 0.1954
v -0.5930 6.9486 0.0523
v -0.6507 6.9339 0.1311
v -0.7213 6.9160 0.1947
v -0.6005 7.0290 0.0646
v -0.6715 7.0127 0.1309
v -0.7459 6.9936 0.1904
v -0.7915 6.8126 0.3496
v -0.7666 6.8080 0.4356
v -0.7034 6.8010 0.4946
v -0.7993 6.8935 0.3567
v -0.7601 6.8902 0.4377
v -0.6987 6.8851 0.4985
v -0.8049 6.9765 0.3612
v -0.7577 6.9748 0.4395
v -0.6950 6.9718 0.5006
v -0.5850 6.7968 0.6043
v -0.5352 6.7971 0.6609
v -0.4910 6.7946 0.7184
v -0.5828 6.8792 0.6108
v -0.5366 6.8764 0.6701
v -0.5041 6.8702 0.7336
v -0.5836 6.9653 0.6176
v -0.5476 6.9585 0.6834
v -0.5322 6.9444 0.7520
v -0.4502 6.7749 0.8444
v -0.4641 6.7465 0.9007
v -0.4904 6.7044 0.9416
v -0.4999 6.8312 0.8586
v -0.5241 6.7924 0.9062
v -0.5552 6.7447 0.9413
v -0.5583 6.8835 0.8684
v -0.5887 6.8381 0.9092
v -0.6227 6.7879 0.9429
v -0.6185 6.5173 1.0513
v -0.6819 6.5497 1.0690
v -0.7380 6.5914 1.0997
v -0.5859 6.5619 1.0229
v -0.6524 6.5957 1.0326
v -0.7150 6.6378 1.0541
v -0.5532 6.6084 0.9969
v -0.6209 6.6439 1.0001
v -0.6877 6.6863 1.0129
v -0.0653 8.7981 -1.2187
v -0.0123 8.7588 -1.2419
v -0.0880 8.7823 -1.1982
v -0.1475 8.8164 -1.1435
v -0.0890 8.8253 -1.1954
v -0.0121 8.8230 -1.2353
v -0.0073 8.7885 -1.2492
v 0.2161 8.8962 -1.1090
v 0.2992 8.8751 -1.0537
v 0.2371 8.8774 -1.1269
v 0.1604 8.8808 -1.1729
v 0.1567 8.9024 -1.1323
v 0.1649 8.9224 -1.0703
v 0.2443 8.9057 -1.0554
v -0.0716 8.9064 -1.1194
v -0.0131 8.8862 -1.1787
v -0.0923 8.8884 -1.1384
v -0.1592 8.8921 -1.0705
v -0.1024 8.9187 -1.0682
v -0.0213 8.9293 -1.0771
v -0.0107 8.9083 -1.1383
v 0.3884 6.4737 1.0277
v 0.4121 6.4452 1.0668
v 0.4366 6.4180 1.1056
v 0.3362 6.4339 1.0203
v 0.3574 6.4107 1.0588
v 0.3795 6.3889 1.0968
v 0.2875 6.3897 1.0107
v 0.3065 6.3702 1.0477
v 0.3248 6.3533 1.0854
v 0.3547 6.5632 0.8353
v 0.3463 6.5537 0.8896
v 0.3511 6.5325 0.9417
v 0.3247 6.4941 0.8361
v 0.3095 6.4919 0.8834
v 0.3067 6.4796 0.9335
v 0.2979 6.4246 0.8384
v 0.2765 6.4279 0.8789
v 0.2649 6.4244 0.9255
v 0.1922 6.2858 0.9846
v 0.1959 6.2809 1.0251
v 0.2000 6.2812 1.0652
v 0.1171 6.2692 0.9772
v 0.1196 6.2655 1.0171
v 0.1227 6.2646 1.0562
v 0.0384 6.2668 0.9731
v 0.0398 6.2606 1.0121
v 0.0417 6.2569 1.0504
v 0.1938 6.3331 0.8216
v 0.1923 6.3122 0.8582
v 0.1901 6.3013 0.9004
v 0.1195 6.3437 0.8348
v 0.1164 6.3085 0.8572
v 0.1153 6.2888 0.8953
v 0.0444 6.3551 0.8435
v 0.0400 6.3169 0.8597
v 0.0381 6.2923 0.8942
v -0.1147 6.2812 0.9709
v -0.1160 6.2717 1.0093
v -0.1168 6.2679 1.0480
v -0.1622 6.3356 0.9876
v -0.1773 6.3135 1.0176
v -0.1875 6.2947 1.0508
v -0.2093 6.3876 1.0023
v -0.2263 6.3647 1.0330
v -0.2450 6.3398 1.0599
v -0.1039 6.3769 0.8441
v -0.1092 6.3389 0.8612
v -0.1121 6.3121 0.8942
v -0.1758 6.3874 0.8387
v -0.1804 6.3539 0.8636
v -0.1780 6.3413 0.9047
v -0.2465 6.4017 0.8395
v -0.2406 6.3897 0.8799
v -0.2254 6.3922 0.9214
v -0.4897 6.4656 1.0466
v -0.4579 6.5044 1.0261
v -0.4272 6.5440 1.0044
v -0.4273 6.4398 1.0524
v -0.3978 6.4752 1.0324
v -0.3694 6.5106 1.0097
v -0.3655 6.4118 1.0597
v -0.3390 6.4438 1.0384
v -0.3136 6.4748 1.0134
v -0.3758 6.6187 0.9403
v -0.3660 6.6407 0.8894
v -0.3799 6.6431 0.8352
v -0.3269 6.5705 0.9385
v -0.3295 6.5798 0.8877
v -0.3574 6.5738 0.8466
v -0.2851 6.5167 0.9344
v -0.3032 6.5145 0.8897
v -0.3363 6.5055 0.8586
v 0.2045 6.4098 0.8224
v 0.1314 6.4191 0.8437
v 0.0563 6.4294 0.8580
v 0.2090 6.4460 0.8283
v 0.1363 6.4535 0.8495
v 0.0614 6.4627 0.8645
v 0.2054 6.4727 0.8059
v 0.1324 6.4632 0.8210
v 0.0594 6.4485 0.8377
v 0.6140 6.5889 0.6266
v 0.5613 6.5914 0.6748
v 0.5082 6.5886 0.7158
v 0.6209 6.5316 0.5932
v 0.5777 6.5330 0.6456
v 0.5375 6.5309 0.6927
v 0.6166 6.4888 0.5445
v 0.5753 6.4904 0.5945
v 0.5409 6.4864 0.6415
v -0.3710 6.5011 0.7905
v -0.4300 6.5389 0.7987
v -0.4568 6.5972 0.7747
v -0.3565 6.5382 0.7732
v -0.4182 6.5549 0.7535
v -0.4789 6.5553 0.7380
v -0.3462 6.5231 0.7325
v -0.4056 6.5337 0.7078
v -0.4603 6.5370 0.6836
v -0.2425 6.6581 -0.4795
v -0.1575 6.6442 -0.5371
v -0.0726 6.6325 -0.5902
v -0.2627 6.5773 -0.5268
v -0.1705 6.5546 -0.5684
v -0.0749 6.5383 -0.5938
v -0.2691 6.4797 -0.5408
v -0.1714 6.4571 -0.5619
v -0.0739 6.4444 -0.5713
v 0.1224 6.6329 -0.6023
v 0.2171 6.6494 -0.5705
v 0.3056 6.6722 -0.5199
v 0.1213 6.5409 -0.5873
v 0.2185 6.5554 -0.5682
v 0.3139 6.5789 -0.5354
v 0.1198 6.4463 -0.5666
v 0.2170 6.4593 -0.5548
v 0.3152 6.4810 -0.5347
v -0.6095 6.7609 -0.2435
v -0.5318 6.7459 -0.3273
v -0.4348 6.7156 -0.3845
v -0.6336 6.6821 -0.2827
v -0.5517 6.6625 -0.3649
v -0.4549 6.6332 -0.4267
v -0.6580 6.6025 -0.3243
v -0.5707 6.5764 -0.4038
v -0.4705 6.5438 -0.4640
v 0.4151 6.5235 0.7635
v 0.3782 6.4644 0.7688
v 0.3447 6.3999 0.7728
v 0.4588 6.4844 0.7608
v 0.4182 6.4388 0.7812
v 0.3510 6.4371 0.7951
v 0.4592 6.4550 0.7079
v 0.4048 6.4585 0.7367
v 0.3436 6.4671 0.7628
v -0.7044 6.6908 0.1482
v -0.6829 6.7101 0.0567
v -0.6621 6.7303 -0.0386
v -0.7555 6.6448 0.1108
v -0.7328 6.6581 0.0179
v -0.7103 6.6726 -0.0789
v -0.8097 6.6058 0.0709
v -0.7863 6.6123 -0.0242
v -0.7584 6.6162 -0.1232
v -0.7132 6.6525 0.4660
v -0.7812 6.6598 0.4106
v -0.7544 6.6656 0.3243
v -0.7124 6.5929 0.4323
v -0.7733 6.6035 0.3695
v -0.8059 6.6312 0.2896
v -0.7104 6.5404 0.3927
v -0.7664 6.5524 0.3259
v -0.8141 6.5739 0.2510
v 0.4805 6.7205 -0.3910
v 0.5665 6.7439 -0.3159
v 0.6326 6.7546 -0.2221
v 0.5007 6.6350 -0.4260
v 0.5898 6.6612 -0.3525
v 0.6620 6.6778 -0.2611
v 0.5161 6.5431 -0.4561
v 0.6122 6.5761 -0.3895
v 0.6891 6.5976 -0.2985
v -0.0933 6.4525 0.8545
v -0.1647 6.4643 0.8402
v -0.2342 6.4759 0.8225
v -0.0872 6.4843 0.8475
v -0.1569 6.4969 0.8301
v -0.2249 6.5093 0.8108
v -0.0894 6.4556 0.8315
v -0.1576 6.4710 0.8093
v -0.2210 6.4897 0.7827
v -0.5169 6.6575 0.6859
v -0.5523 6.6586 0.6288
v -0.5934 6.6543 0.5704
v -0.5320 6.5996 0.6507
v -0.5604 6.5999 0.5961
v -0.6000 6.5943 0.5415
v -0.5337 6.5483 0.6058
v -0.5667 6.5456 0.5577
v -0.6075 6.5390 0.5076
v 0.6736 6.7215 -0.0147
v 0.6948 6.7062 0.0817
v 0.7067 6.6833 0.1738
v 0.7240 6.6642 -0.0524
v 0.7426 6.6503 0.0457
v 0.7570 6.6344 0.1396
v 0.7757 6.6085 -0.0927
v 0.7951 6.5998 0.0085
v 0.8115 6.5916 0.1055
v 0.7130 6.6252 0.3473
v 0.7229 6.6073 0.4348
v 0.7329 6.5954 0.5207
v 0.7707 6.5947 0.3197
v 0.7712 6.5684 0.4062
v 0.7268 6.5430 0.4774
v 0.8087 6.5473 0.2854
v 0.7730 6.5166 0.3631
v 0.7190 6.4984 0.4299
v 0.0401 8.0459 -0.8648
v 0.0546 8.3280 -1.0077
v 0.0632 8.5433 -1.1693
v 0.0734 8.6671 -1.3215
v 0.0782 8.9185 -1.2901
v 0.0741 9.0435 -1.0158
v 0.0582 9.1261 -0.5528
v 0.0401 9.1954 -0.0353
v 0.0353 9.2488 0.5669
v 0.0025 9.1072 1.1682
v -0.0233 8.8469 1.7480
v -0.0581 8.4797 2.3876
v -0.6077 6.4133 1.0337
v -0.3415 6.7995 -0.4630
v -0.6830 6.8583 -0.1079
v -0.8075 6.7453 0.2209
v -0.7042 6.7100 0.6039
v -0.5189 6.6945 0.8170
v -0.4789 6.5782 0.8944
v 0.0224 7.7604 -0.7487
v 0.0047 7.4934 -0.6224
v -0.0074 7.2647 -0.4722
v 0.0071 7.0563 -0.6130
v 0.0075 6.7124 -0.7099
v -0.8681 7.5114 1.7111
v -0.7049 7.7817 1.8751
v -0.9077 6.8968 1.3742
v -0.5278 8.0210 1.9591
v -0.9021 7.2185 1.5111
v -0.7811 7.6462 1.8120
v -0.8734 6.5782 1.2098
v -0.5247 7.9246 -0.5389
v -0.7816 7.8721 1.0035
v -0.8844 7.6776 1.2820
v -0.9264 8.0371 0.6463
v -0.7580 8.0197 -0.1983
v -0.9423 8.0755 0.1563
v -0.9214 7.0930 1.1613
v -0.9024 7.2257 0.8279
v -0.7786 7.3544 0.6131
v -0.9535 7.3840 0.2655
v -0.7811 7.3624 -0.1430
v -0.5112 7.3105 -0.5204
v -0.4197 8.5202 -0.7422
v -0.7109 8.4673 0.9876
v -0.9332 8.2424 1.4138
v -0.7845 8.6402 0.5690
v -0.5950 8.6478 -0.4051
v -0.7682 8.6944 0.0540
v -0.7748 6.7564 0.9234
v -0.6510 6.9354 0.7713
v -0.7061 7.0508 0.6175
v -0.9069 7.0432 0.2468
v -0.6222 7.0875 -0.0668
v -0.3998 6.9842 -0.3986
v -0.4787 8.2259 -0.6392
v -0.7539 8.1892 1.0102
v -0.9470 7.9662 1.3506
v -0.8353 8.3429 0.6164
v -0.7093 8.3320 -0.2966
v -0.8575 8.3885 0.1114
v -0.8178 7.3918 1.2341
v -0.8774 7.5883 0.9977
v -0.8976 7.6600 0.5823
v -0.9718 7.7231 0.2152
v -0.7672 7.7010 -0.1575
v -0.5454 7.6356 -0.5259
v -0.3358 8.8424 -1.0300
v -0.7583 8.7517 0.9552
v -0.6753 8.4183 1.4627
v -0.6618 8.9326 0.5247
v -0.4812 8.9705 -0.5111
v -0.5773 8.9868 -0.0265
v 0.5609 6.3611 1.1378
v 0.4013 6.8242 -0.4787
v 0.6942 6.8496 -0.0813
v 0.7633 6.7316 0.2755
v 0.7190 6.6558 0.6664
v 0.4836 6.6135 0.8257
v 0.4676 6.4992 0.9315
v 0.7814 7.5020 1.7835
v 0.6361 7.7723 1.9349
v 0.8397 6.8543 1.4630
v 0.4588 8.0251 2.0157
v 0.8503 7.2027 1.6334
v 0.7020 7.6348 1.8713
v 0.7829 6.5590 1.3214
v 0.5649 7.8757 -0.4846
v 0.7779 7.8397 1.0630
v 0.9326 7.6732 1.3844
v 0.9079 7.9741 0.6984
v 0.7757 7.9614 -0.1386
v 0.9879 8.0250 0.2606
v 0.8914 7.0356 1.1883
v 0.8356 7.1777 0.8918
v 0.7420 7.2998 0.6656
v 0.9359 7.3331 0.3208
v 0.8053 7.3247 -0.1018
v 0.4632 7.2946 -0.3958
v 0.5562 8.4807 -0.7385
v 0.7138 8.4442 1.0356
v 0.9052 8.2330 1.4957
v 0.7802 8.5932 0.6232
v 0.6490 8.5990 -0.3513
v 0.7876 8.6402 0.1075
v 0.7226 6.7159 1.0178
v 0.6257 6.8735 0.8164
v 0.6864 6.9910 0.6666
v 0.8712 6.9821 0.2800
v 0.6209 7.0669 -0.0264
v 0.4072 6.9768 -0.3869
v 0.5627 8.1664 -0.6027
v 0.7477 8.1601 1.0608
v 0.9374 7.9635 1.4573
v 0.8254 8.2984 0.6771
v 0.7405 8.2782 -0.2345
v 0.8786 8.3378 0.1764
v 0.8845 7.3716 1.2781
v 0.8403 7.5336 1.0470
v 0.8342 7.6150 0.6476
v 0.9626 7.6704 0.3005
v 0.7584 7.6762 -0.1109
v 0.5223 7.6071 -0.4028
v 0.4688 8.8173 -0.9980
v 0.7610 8.7279 1.0076
v 0.6461 8.4121 1.5202
v 0.6935 8.8927 0.5693
v 0.5853 8.9131 -0.4669
v 0.6334 8.9364 0.0160
v 0.3187 6.2308 1.0497
v 0.3004 6.2989 0.7317
v 0.3019 6.3063 0.9310
v -0.0449 6.1629 1.0339
v -0.0212 6.4199 0.7601
v -0.0485 6.1954 0.8970
v -0.3470 6.3017 1.0117
v -0.3474 6.3821 0.7641
v -0.3169 6.3976 0.9522
v -0.3947 6.4253 -0.6163
v -0.8152 6.6041 -0.3042
v -0.9394 6.5909 0.1416
v -0.7277 6.4540 0.4723
v -0.5560 6.4450 0.6466
v 0.0243 6.3192 -0.6412
v 0.4389 6.4283 -0.6142
v 0.8453 6.6010 -0.2696
v 0.9318 6.5827 0.1885
v 0.7027 6.3862 0.4762
v 0.5005 6.3794 0.6168
v 0.2748 6.3827 0.6518
v -0.0255 6.3780 0.8270
v -0.3187 6.4516 0.7324
v 0.0613 8.5102 -1.1340
v 0.0595 8.4596 -1.0930
v 0.0572 8.3968 -1.0500
v 0.0782 8.8639 -1.3296
v 0.0770 8.7888 -1.3549
v 0.0750 8.7143 -1.3451
v 0.0762 9.0201 -1.1047
v 0.0774 8.9945 -1.1796
v 0.0781 8.9618 -1.2416
v 0.0629 9.1073 -0.6789
v 0.0672 9.0872 -0.8002
v 0.0710 9.0659 -0.9136
v 0.0438 9.1767 -0.1635
v 0.0485 9.1605 -0.2946
v 0.0534 9.1437 -0.4247
v 0.0376 9.2403 0.4066
v 0.0326 9.2355 0.2629
v 0.0361 9.2325 0.0993
v 0.0070 9.1506 1.0248
v 0.0179 9.1971 0.8775
v 0.0251 9.2228 0.7207
v -0.0157 8.9241 1.6021
v -0.0085 8.9938 1.4596
v -0.0023 9.0561 1.3151
v -0.0493 8.5754 2.2221
v -0.0402 8.6703 2.0592
v -0.0315 8.7617 1.9005
v -0.4607 8.1003 2.0438
v -0.3880 8.2106 2.1632
v -0.2844 8.3589 2.2955
v -0.1082 6.7206 -0.6339
v -0.1892 6.7425 -0.5633
v -0.2608 6.7690 -0.5087
v -0.4385 6.8346 -0.4177
v -0.5535 6.8695 -0.3557
v -0.6571 6.8815 -0.2379
v -0.7051 6.8377 -0.0122
v -0.7311 6.8091 0.0705
v -0.7658 6.7764 0.1448
v -0.8627 6.7279 0.3179
v -0.8582 6.7252 0.4688
v -0.7674 6.7154 0.5558
v -0.6570 6.7144 0.6526
v -0.6141 6.7227 0.7063
v -0.5689 6.7224 0.7609
v -0.4919 6.6707 0.8468
v -0.4762 6.6415 0.8576
v -0.4696 6.6128 0.8738
v -0.5023 6.5379 0.9160
v -0.5342 6.4953 0.9382
v -0.5705 6.4534 0.9618
v 0.0716 8.6292 -1.2962
v 0.0688 8.5903 -1.2547
v 0.0657 8.5638 -1.2062
v 0.0516 8.2579 -0.9679
v 0.0480 8.1878 -0.9312
v 0.0442 8.1173 -0.8971
v 0.0358 7.9745 -0.8339
v 0.0319 7.9049 -0.8062
v 0.0267 7.8302 -0.7806
v 0.0181 7.6937 -0.7199
v 0.0143 7.6283 -0.6896
v 0.0095 7.5614 -0.6579
v 0.0001 7.4260 -0.5822
v -0.0041 7.3619 -0.5384
v -0.0072 7.3055 -0.4979
v -0.0036 7.2348 -0.4690
v 0.0013 7.1963 -0.4991
v 0.0053 7.1344 -0.5554
v 0.0089 6.9691 -0.6580
v 0.0106 6.8806 -0.6862
v 0.0075 6.7954 -0.7024
v -0.9084 7.2973 1.5657
v -0.9046 7.3770 1.6207
v -0.8899 7.4502 1.6699
v -0.7633 7.6729 1.8287
v -0.7457 7.7033 1.8443
v -0.7270 7.7387 1.8595
v -0.8986 6.6460 1.2262
v -0.9100 6.7213 1.2836
v -0.9127 6.8055 1.3341
v -0.6736 7.8375 1.8913
v -0.6299 7.9011 1.9049
v -0.5827 7.9595 1.9191
v -0.8981 6.9852 1.4018
v -0.8926 7.0667 1.4286
v -0.8941 7.1437 1.4646
v -0.8441 7.5581 1.7442
v -0.8211 7.5932 1.7710
v -0.8001 7.6210 1.7932
v -0.6871 6.4405 1.0516
v -0.7644 6.4750 1.0893
v -0.8289 6.5206 1.1451
v -0.6925 6.7026 0.8981
v -0.6122 6.6582 0.8886
v -0.5404 6.6182 0.8890
v -0.6060 6.8719 0.7767
v -0.5709 6.8120 0.7871
v -0.5423 6.7550 0.8013
v -0.7022 6.9687 0.6198
v -0.7020 6.8826 0.6199
v -0.7032 6.7952 0.6157
v -0.8862 6.9608 0.2356
v -0.8614 6.8792 0.2247
v -0.8327 6.8015 0.2179
v -0.6225 7.0487 -0.0582
v -0.6421 6.9892 -0.0635
v -0.6634 6.9207 -0.0813
v -0.3631 6.9499 -0.3967
v -0.3433 6.9106 -0.4149
v -0.3367 6.8590 -0.4384
v -0.4946 8.1516 -0.6154
v -0.5086 8.0737 -0.5863
v -0.5197 7.9978 -0.5600
v -0.7623 8.1074 1.0097
v -0.7704 8.0272 1.0069
v -0.7760 7.9475 1.0051
v -0.9374 7.8932 1.3327
v -0.9235 7.8211 1.3155
v -0.9055 7.7493 1.2986
v -0.8536 8.2673 0.6274
v -0.8749 8.1917 0.6366
v -0.8988 8.1157 0.6435
v -0.7241 8.2557 -0.2699
v -0.7381 8.1778 -0.2439
v -0.7495 8.0990 -0.2193
v -0.8794 8.3099 0.1249
v -0.9004 8.2312 0.1378
v -0.9196 8.1532 0.1483
v -0.9084 7.5525 1.6191
v -0.9343 7.5917 1.5083
v -0.9267 7.6326 1.3892
v -0.8295 7.7273 1.2007
v -0.7896 7.7775 1.1374
v -0.7742 7.8254 1.0756
v -0.8011 7.9195 0.9229
v -0.8337 7.9658 0.8421
v -0.8794 8.0069 0.7531
v -0.9551 8.0531 0.5267
v -0.9639 8.0650 0.4151
v -0.9719 8.0785 0.2975
v -0.8679 8.0566 0.0614
v -0.8287 8.0458 -0.0196
v -0.7915 8.0333 -0.1084
v -0.7247 8.0052 -0.2912
v -0.6786 7.9865 -0.3876
v -0.6079 7.9599 -0.4726
v -0.4298 7.8810 -0.6060
v -0.3092 7.8332 -0.6753
v -0.1574 7.7865 -0.7306
v -0.8256 7.3243 1.2293
v -0.8459 7.2543 1.2208
v -0.8799 7.1795 1.2024
v -0.9191 7.5071 0.9787
v -0.9504 7.4149 0.9376
v -0.9468 7.3168 0.8796
v -0.8591 7.5874 0.5952
v -0.8267 7.5099 0.6086
v -0.8020 7.4309 0.6127
v -0.9702 7.6380 0.2296
v -0.9665 7.5523 0.2433
v -0.9606 7.4675 0.2559
v -0.7701 7.6228 -0.1537
v -0.7753 7.5440 -0.1511
v -0.7819 7.4603 -0.1489
v -0.5468 7.5539 -0.5261
v -0.5417 7.4668 -0.5257
v -0.5249 7.3846 -0.5228
v -0.3841 8.7475 -0.9296
v -0.4092 8.6677 -0.8645
v -0.4252 8.5866 -0.8011
v -0.7163 8.6350 0.9590
v -0.7068 8.5771 0.9693
v -0.7058 8.5189 0.9792
v -0.7796 8.3967 1.4627
v -0.8651 8.3610 1.4519
v -0.9139 8.3036 1.4308
v -0.7254 8.8471 0.5290
v -0.7515 8.7704 0.5414
v -0.7700 8.7078 0.5557
v -0.5532 8.8618 -0.4842
v -0.5497 8.7657 -0.4475
v -0.5640 8.7057 -0.4247
v -0.6449 8.9094 -0.0051
v -0.6909 8.8484 0.0179
v -0.7387 8.7762 0.0368
v -0.8378 7.1465 0.7961
v -0.7710 7.0737 0.7793
v -0.7073 7.0031 0.7718
v -0.9048 6.9493 1.3203
v -0.9024 7.0012 1.2716
v -0.9084 7.0489 1.2206
v -0.9373 7.1325 1.0894
v -0.9447 7.1665 1.0050
v -0.9343 7.1963 0.9143
v -0.8563 7.2586 0.7548
v -0.8106 7.2959 0.6981
v -0.7827 7.3302 0.6543
v -0.7998 7.3695 0.5586
v -0.8444 7.3804 0.4875
v -0.9101 7.3860 0.3976
v -0.9294 7.3802 0.1317
v -0.8814 7.3755 0.0287
v -0.8310 7.3690 -0.0589
v -0.7303 7.3536 -0.2271
v -0.6799 7.3393 -0.3122
v -0.6255 7.3211 -0.4090
v -0.3607 7.3132 -0.5020
v -0.2508 7.2981 -0.4879
v -0.1323 7.2794 -0.4803
v -0.9355 6.9931 1.0931
v -0.9046 6.9003 1.0235
v -0.8482 6.8223 0.9663
v -0.7760 7.9100 1.7741
v -0.8383 8.0353 1.6644
v -0.8924 8.1481 1.5467
v -0.9391 8.3108 1.2594
v -0.8719 8.3564 1.1069
v -0.7638 8.4102 1.0257
v -0.7325 8.5175 0.9237
v -0.7621 8.5587 0.8069
v -0.7730 8.6000 0.6854
v -0.7947 8.6719 0.4410
v -0.7901 8.6893 0.3076
v -0.7793 8.6969 0.1807
v -0.7452 8.6849 -0.0727
v -0.7093 8.6762 -0.1907
v -0.6610 8.6660 -0.3039
v -0.5350 8.6250 -0.4857
v -0.4912 8.5950 -0.5638
v -0.4559 8.5593 -0.6477
v -0.3629 8.4663 -0.8568
v -0.2450 8.4079 -0.9448
v -0.1030 8.3576 -0.9934
v -0.7549 7.2775 0.6129
v -0.7331 7.2020 0.6133
v -0.7162 7.1275 0.6150
v -0.9463 7.2991 0.2695
v -0.9371 7.2126 0.2663
v -0.9242 7.1269 0.2578
v -0.7513 7.2576 -0.1229
v -0.6969 7.1807 -0.0948
v -0.6478 7.1254 -0.0779
v -0.5100 7.2212 -0.5126
v -0.4903 7.1256 -0.4801
v -0.4490 7.0387 -0.4319
v -0.4241 8.4662 -0.7080
v -0.4521 8.3949 -0.6945
v -0.4703 8.3037 -0.6690
v -0.7200 8.4122 0.9967
v -0.7301 8.3442 1.0037
v -0.7416 8.2691 1.0085
v -0.9433 8.1803 1.4009
v -0.9497 8.1126 1.3863
v -0.9512 8.0401 1.3690
v -0.7942 8.5686 0.5810
v -0.8057 8.4955 0.5930
v -0.8193 8.4194 0.6047
v -0.6381 8.5786 -0.3842
v -0.6739 8.4941 -0.3564
v -0.6946 8.4100 -0.3250
v -0.7908 8.6186 0.0689
v -0.8125 8.5435 0.0836
v -0.8348 8.4669 0.0977
v -0.8617 7.6048 1.2655
v -0.8395 7.5318 1.2511
v -0.8234 7.4604 1.2403
v -0.7936 7.8010 1.0034
v -0.8130 7.7314 1.0041
v -0.8407 7.6615 1.0036
v -0.9567 7.9478 0.6385
v -0.9705 7.8446 0.6134
v -0.9441 7.7429 0.5868
v -0.9663 7.9860 0.1635
v -0.9717 7.8901 0.1754
v -0.9710 7.8043 0.1978
v -0.7634 7.9395 -0.1823
v -0.7657 7.8591 -0.1708
v -0.7663 7.7796 -0.1628
v -0.5253 7.8580 -0.5254
v -0.5324 7.7913 -0.5255
v -0.5406 7.7153 -0.5262
v -0.0458 9.0420 -1.0136
v -0.1626 9.0218 -1.0070
v -0.2694 8.9688 -1.0091
v -0.2520 9.0584 1.1416
v -0.4554 8.9710 1.1062
v -0.6519 8.8979 1.0590
v -0.3011 8.7316 1.6700
v -0.4255 8.5597 1.5507
v -0.5498 8.4617 1.4815
v -0.2008 9.2218 0.5677
v -0.4099 9.1625 0.5426
v -0.5730 9.0528 0.5307
v -0.0975 9.1173 -0.5531
v -0.2434 9.0872 -0.5452
v -0.3719 9.0391 -0.5306
v -0.1432 9.1792 -0.0417
v -0.3184 9.1392 -0.0447
v -0.4657 9.0676 -0.0407
v -0.4470 7.0292 -0.3088
v -0.5006 7.0722 -0.2279
v -0.5594 7.0953 -0.1413
v -0.6820 7.0726 -0.0046
v -0.7501 7.0585 0.0541
v -0.8354 7.0449 0.1247
v -0.8963 7.0550 0.3949
v -0.8264 7.0620 0.5004
v -0.7567 7.0600 0.5666
v -0.6744 7.0327 0.6620
v -0.6569 7.0054 0.7015
v -0.6494 6.9717 0.7376
v -0.6654 6.8963 0.8038
v -0.6941 6.8525 0.8375
v -0.7331 6.8050 0.8763
v -0.8118 6.7092 0.9786
v -0.8411 6.6644 1.0394
v -0.8619 6.6218 1.1032
v -0.6398 7.6579 -0.4382
v -0.6976 7.6731 -0.3365
v -0.7330 7.6873 -0.2418
v -0.8097 7.7131 -0.0780
v -0.8605 7.7212 0.0022
v -0.9187 7.7234 0.0911
v -0.9537 7.7242 0.3577
v -0.9064 7.7154 0.4538
v -0.8820 7.6917 0.5207
v -0.9491 7.6387 0.6691
v -0.9634 7.6355 0.7996
v -0.9255 7.6209 0.9126
v -0.8390 7.5440 1.0673
v -0.8164 7.4942 1.1278
v -0.8101 7.4427 1.1818
v -0.8371 7.3432 1.2904
v -0.8638 7.2975 1.3567
v -0.8882 7.2570 1.4344
v -0.8406 7.7356 1.7178
v -0.8973 7.8214 1.6130
v -0.9400 7.8995 1.4914
v -0.8932 8.0248 1.2157
v -0.8089 8.0838 1.1309
v -0.7572 8.1398 1.0778
v -0.7642 8.2299 0.9158
v -0.7773 8.2659 0.8134
v -0.7995 8.3043 0.7164
v -0.8727 8.3734 0.4982
v -0.8860 8.3895 0.3675
v -0.8816 8.3959 0.2390
v -0.8153 8.3726 0.0016
v -0.7787 8.3599 -0.0972
v -0.7451 8.3470 -0.1966
v -0.6664 8.3146 -0.3947
v -0.6145 8.2938 -0.4872
v -0.5511 8.2662 -0.5670
v -0.5557 8.1047 1.8076
v -0.5906 8.2011 1.6749
v -0.6317 8.3068 1.5605
v -0.7220 8.5320 1.3717
v -0.7699 8.6402 1.2628
v -0.7939 8.7170 1.1089
v -0.6673 8.7874 0.8950
v -0.6973 8.8508 0.7905
v -0.6774 8.8969 0.6540
v -0.6496 8.9582 0.3862
v -0.6395 8.9817 0.2502
v -0.6179 8.9952 0.1053
v -0.5449 8.9851 -0.1460
v -0.5213 8.9854 -0.2648
v -0.5019 8.9832 -0.3887
v -0.4590 8.9518 -0.6297
v -0.4329 8.9283 -0.7491
v -0.4000 8.8957 -0.8753
v -0.0699 8.5780 -1.1471
v -0.1788 8.6371 -1.1093
v -0.2671 8.7107 -1.0680
v -0.1332 8.0692 -0.8488
v -0.2818 8.1171 -0.7898
v -0.3912 8.1744 -0.7107
v -0.1472 7.5103 -0.6235
v -0.2932 7.5463 -0.6130
v -0.4260 7.5951 -0.5822
v -0.1039 7.0415 -0.6276
v -0.2382 7.0016 -0.6159
v -0.3471 6.9637 -0.5165
v -0.0543 8.6824 -1.2948
v -0.1603 8.7173 -1.2309
v -0.2486 8.7671 -1.1498
v 0.2022 8.6788 -1.2932
v 0.3088 8.7098 -1.2231
v 0.3930 8.7551 -1.1311
v 0.2601 8.7310 1.6930
v 0.3935 8.5556 1.5870
v 0.5204 8.4549 1.5281
v 0.2502 9.2094 0.5699
v 0.4511 9.1360 0.5668
v 0.6021 9.0143 0.5664
v 0.4916 6.8477 -0.4149
v 0.5945 6.8706 -0.3341
v 0.6781 6.8746 -0.2080
v 0.7109 6.8344 0.0178
v 0.7301 6.8152 0.1151
v 0.7438 6.7774 0.2032
v 0.7927 6.6921 0.3492
v 0.8328 6.6664 0.4511
v 0.8044 6.6587 0.5907
v 0.6548 6.6609 0.7149
v 0.5922 6.6657 0.7580
v 0.5347 6.6549 0.7952
v 0.4687 6.5888 0.8446
v 0.4592 6.5633 0.8692
v 0.4578 6.5334 0.8984
v 0.4867 6.4626 0.9691
v 0.5099 6.4264 1.0094
v 0.5344 6.3923 1.0504
v 0.8407 7.2885 1.6750
v 0.8252 7.3694 1.7150
v 0.8046 7.4419 1.7516
v 0.6864 7.6620 1.8878
v 0.6710 7.6931 1.9035
v 0.6549 7.7290 1.9190
v 0.8015 6.6252 1.3289
v 0.8160 6.6968 1.3763
v 0.8287 6.7733 1.4202
v 0.6093 7.8281 1.9522
v 0.5669 7.8962 1.9684
v 0.5161 7.9604 1.9825
v 0.8481 6.9390 1.5062
v 0.8531 7.0264 1.5491
v 0.8541 7.1147 1.5914
v 0.7587 7.5476 1.8105
v 0.7378 7.5820 1.8335
v 0.7189 7.6096 1.8536
v 0.6328 6.3955 1.1597
v 0.7022 6.4422 1.2014
v 0.7530 6.4981 1.2601
v 0.6592 6.6519 0.9799
v 0.5905 6.5957 0.9536
v 0.5250 6.5459 0.9385
v 0.5828 6.8052 0.8095
v 0.5471 6.7413 0.8092
v 0.5162 6.6802 0.8157
v 0.6868 6.9100 0.6713
v 0.6931 6.8262 0.6748
v 0.7043 6.7420 0.6749
v 0.8313 6.9041 0.2669
v 0.7930 6.8336 0.2629
v 0.7684 6.7732 0.2674
v 0.6393 7.0463 -0.0267
v 0.6648 6.9860 -0.0352
v 0.6766 6.9095 -0.0546
v 0.3736 6.9550 -0.3854
v 0.3643 6.9307 -0.4102
v 0.3727 6.8857 -0.4375
v 0.5624 8.0922 -0.5677
v 0.5621 8.0195 -0.5348
v 0.5628 7.9488 -0.5069
v 0.7573 8.0792 1.0635
v 0.7652 7.9973 1.0643
v 0.7714 7.9172 1.0638
v 0.9403 7.8909 1.4430
v 0.9406 7.8186 1.4264
v 0.9381 7.7462 1.4071
v 0.8428 8.2229 0.6900
v 0.8641 8.1454 0.7006
v 0.8885 8.0620 0.7049
v 0.7512 8.2022 -0.2082
v 0.7629 8.1247 -0.1839
v 0.7723 8.0437 -0.1606
v 0.8994 8.2592 0.1930
v 0.9187 8.1804 0.2081
v 0.9377 8.1040 0.2249
v 0.8359 7.5436 1.7064
v 0.8894 7.5858 1.6194
v 0.9307 7.6296 1.5121
v 0.8829 7.7156 1.2708
v 0.8232 7.7577 1.1919
v 0.7866 7.7991 1.1290
v 0.7899 7.8811 0.9874
v 0.8202 7.9217 0.9054
v 0.8658 7.9553 0.8126
v 0.9201 7.9830 0.5762
v 0.9167 7.9988 0.4768
v 0.9273 8.0173 0.3914
v 0.8982 8.0193 0.1229
v 0.8509 7.9993 0.0384
v 0.8138 7.9794 -0.0479
v 0.7340 7.9423 -0.2279
v 0.6884 7.9224 -0.3133
v 0.6361 7.9010 -0.3976
v 0.1579 7.4966 -0.6138
v 0.3105 7.5202 -0.5890
v 0.4530 7.5631 -0.5170
v 0.8750 7.2962 1.2576
v 0.8759 7.2211 1.2387
v 0.8880 7.1384 1.2190
v 0.8648 7.4509 1.0270
v 0.8832 7.3626 0.9904
v 0.8775 7.2686 0.9382
v 0.8041 7.5375 0.6556
v 0.7816 7.4582 0.6614
v 0.7612 7.3792 0.6648
v 0.9555 7.5853 0.3058
v 0.9489 7.5005 0.3116
v 0.9425 7.4163 0.3172
v 0.7828 7.6017 -0.1180
v 0.8053 7.5110 -0.1167
v 0.8119 7.4174 -0.1089
v 0.5321 7.5519 -0.4248
v 0.5300 7.4527 -0.4455
v 0.5025 7.3420 -0.4333
v 0.5077 8.7207 -0.8967
v 0.5279 8.6403 -0.8362
v 0.5447 8.5592 -0.7848
v 0.7216 8.6100 1.0070
v 0.7111 8.5473 1.0160
v 0.7101 8.4961 1.0262
v 0.7511 8.3910 1.5292
v 0.8382 8.3530 1.5249
v 0.8867 8.2937 1.5084
v 0.7402 8.7949 0.5785
v 0.7589 8.7226 0.5941
v 0.7720 8.6587 0.6088
v 0.6183 8.7987 -0.4209
v 0.6106 8.7215 -0.3857
v 0.6170 8.6619 -0.3657
v 0.6899 8.8574 0.0409
v 0.7345 8.7867 0.0656
v 0.7648 8.7124 0.0879
v 0.7795 7.0973 0.8639
v 0.7262 7.0220 0.8451
v 0.6747 6.9468 0.8290
v 0.8584 6.8953 1.4018
v 0.8751 6.9360 1.3345
v 0.8878 6.9821 1.2618
v 0.8839 7.0866 1.1239
v 0.8781 7.1222 1.0568
v 0.8651 7.1492 0.9756
v 0.7968 7.2103 0.8184
v 0.7605 7.2452 0.7594
v 0.7407 7.2762 0.7111
v 0.7677 7.3169 0.6134
v 0.8244 7.3288 0.5481
v 0.8989 7.3340 0.4525
v 0.9245 7.3315 0.1949
v 0.8912 7.3300 0.0873
v 0.8502 7.3274 -0.0091
v 0.7552 7.3231 -0.1938
v 0.6967 7.3201 -0.2865
v 0.5996 7.3084 -0.3872
v 0.1200 7.0597 -0.6057
v 0.2460 7.0269 -0.5834
v 0.3504 6.9742 -0.5041
v 0.8584 6.9392 1.1483
v 0.8190 6.8602 1.1061
v 0.7752 6.7865 1.0618
v 0.7207 7.8979 1.8402
v 0.7943 8.0222 1.7346
v 0.8562 8.1361 1.6217
v 0.9275 8.3054 1.3481
v 0.8879 8.3510 1.1873
v 0.7831 8.3929 1.0785
v 0.7255 8.4888 0.9729
v 0.7584 8.5255 0.8634
v 0.7690 8.5583 0.7366
v 0.8024 8.6239 0.4994
v 0.8060 8.6399 0.3632
v 0.7989 8.6449 0.2333
v 0.7705 8.6298 -0.0162
v 0.7414 8.6209 -0.1364
v 0.7002 8.6143 -0.2515
v 0.6079 8.5749 -0.4347
v 0.5894 8.5480 -0.5204
v 0.5786 8.5207 -0.6176
v 0.2090 8.0549 -0.8304
v 0.3532 8.0849 -0.7664
v 0.4711 8.1246 -0.6883
v 0.7234 7.2209 0.6640
v 0.7062 7.1435 0.6626
v 0.6931 7.0678 0.6633
v 0.9291 7.2488 0.3205
v 0.9205 7.1599 0.3137
v 0.9027 7.0685 0.2985
v 0.7794 7.2218 -0.0925
v 0.7151 7.1308 -0.0677
v 0.6472 7.0821 -0.0409
v 0.4521 7.2560 -0.4075
v 0.4669 7.1764 -0.4525
v 0.4596 7.0397 -0.4325
v 0.5625 8.4076 -0.7018
v 0.5665 8.3263 -0.6727
v 0.5642 8.2431 -0.6381
v 0.7200 8.3841 1.0444
v 0.7278 8.3150 1.0515
v 0.7377 8.2397 1.0569
v 0.9154 8.1727 1.4882
v 0.9244 8.1069 1.4801
v 0.9320 8.0362 1.4698
v 0.7897 8.5240 0.6374
v 0.7993 8.4497 0.6504
v 0.8109 8.3741 0.6637
v 0.6862 8.5228 -0.3273
v 0.7141 8.4391 -0.2949
v 0.7300 8.3566 -0.2630
v 0.8111 8.5678 0.1253
v 0.8339 8.4927 0.1427
v 0.8566 8.4159 0.1597
v 0.9239 7.5993 1.3582
v 0.9122 7.5242 1.3302
v 0.8984 7.4480 1.3026
v 0.7871 7.7638 1.0621
v 0.8002 7.6884 1.0605
v 0.8179 7.6122 1.0565
v 0.9186 7.8790 0.6821
v 0.9057 7.7795 0.6594
v 0.8696 7.6923 0.6462
v 0.9906 7.9255 0.2664
v 0.9761 7.8378 0.2870
v 0.9692 7.7555 0.2951
v 0.7724 7.8786 -0.1207
v 0.7608 7.8005 -0.1082
v 0.7501 7.7367 -0.1041
v 0.5626 7.7990 -0.4630
v 0.5540 7.7214 -0.4385
v 0.5363 7.6543 -0.4128
v 0.2144 9.1110 -0.5437
v 0.3600 9.0707 -0.5266
v 0.4865 9.0074 -0.5021
v 0.2550 9.0483 1.1595
v 0.4583 8.9592 1.1422
v 0.6542 8.8789 1.1051
v 0.2268 9.1768 -0.0269
v 0.4020 9.1262 -0.0186
v 0.5421 9.0339 -0.0038
v 0.1935 9.0333 -1.0053
v 0.3086 9.0034 -0.9899
v 0.4099 8.9410 -0.9829
v 0.2087 8.5571 -1.1570
v 0.3277 8.6166 -1.1094
v 0.4111 8.6932 -1.0517
v 0.4569 7.0179 -0.2911
v 0.5119 7.0617 -0.2013
v 0.5723 7.0744 -0.1133
v 0.6706 7.0399 0.0446
v 0.7234 7.0138 0.1093
v 0.7951 6.9914 0.1773
v 0.8902 6.9928 0.4248
v 0.8301 7.0044 0.5489
v 0.7477 7.0031 0.6214
v 0.6506 6.9700 0.7043
v 0.6318 6.9415 0.7403
v 0.6238 6.9084 0.7772
v 0.6394 6.8370 0.8586
v 0.6636 6.7979 0.9056
v 0.6933 6.7572 0.9587
v 0.7466 6.6753 1.0810
v 0.7644 6.6358 1.1464
v 0.7766 6.5981 1.2124
v 0.5780 7.6302 -0.3235
v 0.6350 7.6467 -0.2511
v 0.6945 7.6633 -0.1796
v 0.8311 7.6807 -0.0392
v 0.9005 7.6751 0.0511
v 0.9506 7.6688 0.1658
v 0.9272 7.6771 0.4241
v 0.8779 7.6724 0.5248
v 0.8344 7.6484 0.5932
v 0.8737 7.5874 0.7224
v 0.9023 7.5754 0.8422
v 0.8794 7.5618 0.9604
v 0.8174 7.4952 1.1101
v 0.8186 7.4535 1.1616
v 0.8418 7.4122 1.2129
v 0.9235 7.3268 1.3732
v 0.9178 7.2801 1.4794
v 0.8858 7.2394 1.5641
v 0.7713 7.7233 1.7847
v 0.8381 7.8106 1.6917
v 0.8978 7.8927 1.5866
v 0.9223 8.0190 1.3085
v 0.8451 8.0674 1.1911
v 0.7737 8.1159 1.1237
v 0.7555 8.1971 0.9767
v 0.7695 8.2299 0.8743
v 0.7903 8.2639 0.7754
v 0.8679 8.3262 0.5648
v 0.8936 8.3417 0.4359
v 0.8969 8.3456 0.3049
v 0.8414 8.3229 0.0635
v 0.8062 8.3090 -0.0387
v 0.7724 8.2945 -0.1378
v 0.7088 8.2591 -0.3302
v 0.6725 8.2355 -0.4234
v 0.6270 8.2048 -0.5138
v 0.4994 8.1069 1.8660
v 0.5456 8.2017 1.7339
v 0.5958 8.3041 1.6189
v 0.6978 8.5231 1.4293
v 0.7529 8.6292 1.3228
v 0.7881 8.7017 1.1690
v 0.6729 8.7582 0.9395
v 0.7076 8.8116 0.8339
v 0.6982 8.8560 0.6980
v 0.6843 8.9134 0.4250
v 0.6659 8.9235 0.2902
v 0.6593 8.9388 0.1517
v 0.6107 8.9308 -0.1030
v 0.6118 8.9321 -0.2284
v 0.6005 8.9182 -0.3500
v 0.5671 8.9041 -0.5877
v 0.5475 8.8879 -0.7097
v 0.5228 8.8607 -0.8393
v 0.4709 8.4285 -0.8458
v 0.3573 8.3750 -0.9264
v 0.2156 8.3349 -0.9841
v 0.4645 7.8457 -0.5642
v 0.3460 7.8091 -0.6418
v 0.1993 7.7750 -0.7093
v 0.3573 7.2779 -0.4136
v 0.2429 7.2671 -0.4360
v 0.1206 7.2603 -0.4592
v 0.1524 6.7311 -0.6899
v 0.2503 6.7695 -0.6170
v 0.3231 6.8012 -0.5449
v 0.3869 8.1064 2.0923
v 0.3068 8.2208 2.2036
v 0.1894 8.3747 2.3256
v 0.3926 8.8699 -1.1191
v 0.3004 8.9000 -1.2070
v 0.1932 8.9136 -1.2663
v -0.2477 8.8891 -1.1442
v -0.1485 8.9126 -1.2238
v -0.0375 8.9197 -1.2743
v 0.3214 6.2857 0.8301
v 0.3168 6.3029 0.8897
v 0.3042 6.3126 0.9155
v 0.3082 6.2850 0.9572
v 0.3129 6.2598 0.9995
v 0.3146 6.2386 1.0482
v 0.4971 6.3331 1.1274
v 0.4405 6.3052 1.1238
v 0.3853 6.2711 1.0834
v 0.3387 6.3587 0.9316
v 0.3770 6.4056 0.9311
v 0.4193 6.4526 0.9301
v 0.3922 6.3649 0.8376
v 0.4118 6.4657 0.8561
v 0.4400 6.5344 0.8477
v -0.0326 6.3492 0.7556
v -0.0436 6.2700 0.7873
v -0.0481 6.2212 0.8443
v -0.0475 6.1796 0.9459
v -0.0463 6.1705 0.9934
v -0.0457 6.1660 1.0376
v 0.2339 6.1963 1.0556
v 0.1420 6.1731 1.0474
v 0.0490 6.1615 1.0367
v 0.0352 6.1882 0.9033
v 0.1254 6.1869 0.9121
v 0.2404 6.2192 0.9205
v 0.0437 6.4096 0.7571
v 0.1086 6.3934 0.7447
v 0.1809 6.3609 0.7248
v -0.3685 6.3761 0.8728
v -0.3479 6.4043 0.9331
v -0.3290 6.4098 0.9527
v -0.3089 6.3837 0.9523
v -0.3145 6.3628 0.9664
v -0.3286 6.3329 0.9885
v -0.1379 6.1769 1.0335
v -0.2293 6.2078 1.0180
v -0.2978 6.2564 0.9895
v -0.2792 6.3423 0.9625
v -0.2343 6.2728 0.9441
v -0.1496 6.2112 0.9057
v -0.2393 6.4057 0.7349
v -0.1569 6.4214 0.7443
v -0.0872 6.4239 0.7553
v -0.4272 6.5359 0.9031
v -0.3840 6.4914 0.9151
v -0.3488 6.4459 0.9321
v -0.5333 6.3885 1.0308
v -0.4650 6.3634 1.0357
v -0.4018 6.3357 1.0443
v -0.4790 6.6305 0.8640
v -0.4539 6.5510 0.8908
v -0.4340 6.4377 0.8625
v -0.0765 6.3227 -0.6408
v -0.1805 6.3406 -0.6391
v -0.2849 6.3756 -0.6327
v -0.5098 6.4793 -0.5784
v -0.6254 6.5296 -0.5144
v -0.7368 6.5783 -0.4255
v -0.8644 6.6259 -0.1900
v -0.8958 6.6342 -0.0778
v -0.9225 6.6283 0.0302
v -0.9094 6.5238 0.2508
v -0.8430 6.4766 0.3340
v -0.7834 6.4590 0.4066
v -0.6790 6.4562 0.5274
v -0.6377 6.4599 0.5732
v -0.6001 6.4570 0.6101
v 0.5596 6.4791 -0.5674
v 0.6750 6.5352 -0.4984
v 0.7775 6.5791 -0.3933
v 0.8870 6.6221 -0.1499
v 0.9084 6.6326 -0.0303
v 0.9249 6.6269 0.0797
v 0.9067 6.5053 0.2787
v 0.8432 6.4371 0.3526
v 0.7710 6.4026 0.4205
v 0.6481 6.3826 0.5274
v 0.5985 6.3824 0.5687
v 0.5530 6.3813 0.5984
v 0.1242 6.3287 -0.6435
v 0.2277 6.3487 -0.6403
v 0.3316 6.3810 -0.6314
v 0.3160 6.4050 0.5995
v 0.3658 6.4048 0.6580
v 0.4340 6.3851 0.6319
v 0.0793 6.3839 0.8189
v 0.1647 6.3897 0.7933
v 0.2315 6.3756 0.7340
v -0.2685 6.4305 0.7599
v -0.1964 6.4152 0.7901
v -0.1181 6.3959 0.8123
v -0.5046 6.4393 0.6984
v -0.4559 6.4525 0.7541
v -0.3946 6.4622 0.8034
v -0.0138 6.4485 0.7706
v -0.0222 6.3844 0.8298
v -0.0256 6.3997 0.8371
v 0.2695 6.3877 0.6569
v 0.2552 6.4212 0.7219
v 0.2625 6.3992 0.7077
v 0.5015 6.5790 0.8267
v 0.5564 6.4999 0.8001
v 0.5473 6.3970 0.7019
v 0.7151 6.4260 0.5296
v 0.7285 6.4841 0.5870
v 0.7308 6.5653 0.6385
v -0.5545 6.6489 0.7937
v -0.5859 6.5624 0.7434
v -0.5702 6.4893 0.6909
v -0.3199 6.4493 0.7275
v -0.3023 6.4376 0.7535
v -0.2996 6.4435 0.7224
v 0.0164 6.6164 -0.7055
v 0.0243 6.5102 -0.6865
v 0.0247 6.4137 -0.6613
v -0.3933 6.5286 -0.5927
v -0.3840 6.6404 -0.5566
v -0.3598 6.7322 -0.5037
v 0.4332 6.7356 -0.5294
v 0.4469 6.6268 -0.5669
v 0.4445 6.5242 -0.5899
v -0.7807 6.6707 -0.2543
v -0.7534 6.7385 -0.2010
v -0.7195 6.8044 -0.1485
v -0.9067 6.6525 0.1736
v -0.8433 6.7106 0.2013
v -0.8025 6.7281 0.2185
v -0.7190 6.5032 0.5100
v -0.7123 6.5605 0.5491
v -0.7069 6.6311 0.5818
v 0.7336 6.7970 -0.1198
v 0.7731 6.7335 -0.1695
v 0.8094 6.6686 -0.2211
v 0.7764 6.7087 0.2707
v 0.8223 6.6820 0.2482
v 0.8864 6.6323 0.2197
v 0.2635 8.6303 -1.2050
v 0.1941 8.5779 -1.1952
v 0.1854 8.6031 -1.2398
v 0.1945 8.6418 -1.2730
v 0.2932 8.6680 -1.2100
v 0.3624 8.6891 -1.1319
v 0.2972 8.6284 -1.1613
v 0.2166 8.5213 -1.1177
v 0.3461 8.5801 -1.0608
v 0.4380 8.6535 -0.9850
v 0.2188 8.4682 -1.0739
v 0.3547 8.5211 -1.0135
v 0.4540 8.5867 -0.9309
v 0.2179 8.4042 -1.0286
v 0.3575 8.4504 -0.9689
v 0.4644 8.5095 -0.8860
v 0.5903 8.5900 -0.6665
v 0.5847 8.6748 -0.7263
v 0.5646 8.7642 -0.7866
v 0.5987 8.6114 -0.5527
v 0.6111 8.6930 -0.6036
v 0.5974 8.7893 -0.6617
v 0.6007 8.6360 -0.4541
v 0.6119 8.7041 -0.4878
v 0.6151 8.7981 -0.5383
v 0.4409 8.9541 -0.8659
v 0.3298 9.0193 -0.8846
v 0.2030 9.0538 -0.9030
v 0.4589 8.9733 -0.7440
v 0.3432 9.0363 -0.7701
v 0.2087 9.0737 -0.7898
v 0.4733 8.9909 -0.6236
v 0.3524 9.0537 -0.6501
v 0.2122 9.0928 -0.6690
v 0.4993 9.0205 -0.3779
v 0.3683 9.0864 -0.4004
v 0.2167 9.1282 -0.4162
v 0.5109 9.0262 -0.2492
v 0.3784 9.0994 -0.2717
v 0.2192 9.1446 -0.2867
v 0.5204 9.0224 -0.1248
v 0.3891 9.1102 -0.1442
v 0.2220 9.1603 -0.1561
v 0.5644 9.0431 0.1320
v 0.4191 9.1418 0.1170
v 0.2359 9.2077 0.1097
v 0.5814 9.0429 0.2773
v 0.4324 9.1448 0.2750
v 0.2395 9.2091 0.2691
v 0.5954 9.0317 0.4191
v 0.4379 9.1429 0.4174
v 0.2428 9.2116 0.4118
v 0.5986 8.9771 0.6974
v 0.4566 9.1155 0.7116
v 0.2491 9.1909 0.7217
v 0.6346 8.9674 0.8296
v 0.4604 9.0856 0.8563
v 0.2523 9.1548 0.8737
v 0.6581 8.9382 0.9708
v 0.4579 9.0315 1.0012
v 0.2494 9.1016 1.0172
v 0.6273 8.7895 1.2422
v 0.4436 8.8499 1.2547
v 0.2628 8.9782 1.2977
v 0.5894 8.6740 1.3414
v 0.4270 8.7452 1.3592
v 0.2679 8.8985 1.4274
v 0.5541 8.5605 1.4301
v 0.4092 8.6464 1.4663
v 0.2669 8.8151 1.5568
v 0.2480 8.6448 1.8407
v 0.2316 8.5556 1.9974
v 0.2126 8.4641 2.1596
v 0.3779 8.4697 1.7255
v 0.3585 8.3855 1.8774
v 0.3349 8.3024 2.0382
v 0.4850 8.3565 1.6448
v 0.4502 8.2660 1.7807
v 0.4177 8.1832 1.9312
v 0.6846 8.2821 1.6269
v 0.6245 8.1720 1.7314
v 0.5722 8.0620 1.8505
v 0.7650 8.2542 1.6400
v 0.6969 8.1421 1.7464
v 0.6386 8.0199 1.8588
v 0.8279 8.1985 1.6352
v 0.7621 8.0853 1.7482
v 0.6930 7.9573 1.8551
v 0.8686 8.0782 1.6127
v 0.8082 7.9677 1.7229
v 0.7357 7.8491 1.8258
v 0.8783 8.0187 1.6053
v 0.8180 7.9153 1.7129
v 0.7476 7.8049 1.8123
v 0.8880 7.9563 1.5968
v 0.8276 7.8628 1.7028
v 0.7591 7.7630 1.7987
v 0.9075 7.8291 1.5739
v 0.8498 7.7587 1.6791
v 0.7851 7.6847 1.7697
v 0.9165 7.7647 1.5579
v 0.8626 7.7053 1.6634
v 0.8006 7.6440 1.7522
v 0.9244 7.6985 1.5376
v 0.8760 7.6483 1.6439
v 0.8177 7.5980 1.7315
v 0.8539 7.4785 1.6761
v 0.8693 7.4042 1.6412
v 0.8802 7.3238 1.6033
v 0.9017 7.5163 1.5893
v 0.9113 7.4411 1.5546
v 0.9168 7.3619 1.5172
v 0.9344 7.5573 1.4811
v 0.9345 7.4821 1.4461
v 0.9306 7.4050 1.4092
v 0.8483 7.4880 1.2264
v 0.8150 7.5286 1.1694
v 0.8044 7.5708 1.1163
v 0.8587 7.5643 1.2416
v 0.8156 7.6044 1.1776
v 0.7958 7.6460 1.1209
v 0.8708 7.6402 1.2570
v 0.8189 7.6808 1.1855
v 0.7904 7.7219 1.1252
v 0.7830 7.8774 1.1316
v 0.7797 7.9567 1.1319
v 0.7764 8.0365 1.1292
v 0.8275 7.8351 1.1955
v 0.8320 7.9124 1.1961
v 0.8376 7.9899 1.1943
v 0.8942 7.7908 1.2821
v 0.9045 7.8663 1.2913
v 0.9140 7.9422 1.2997
v 0.7727 8.1941 1.1157
v 0.7737 8.2683 1.1054
v 0.7772 8.3353 1.0929
v 0.8550 8.1447 1.1877
v 0.8666 8.2193 1.1854
v 0.8784 8.2889 1.1851
v 0.9288 8.0963 1.3185
v 0.9322 8.1718 1.3293
v 0.9317 8.2424 1.3395
v 0.7913 8.4434 1.0653
v 0.8036 8.4967 1.0601
v 0.8277 8.5800 1.0822
v 0.8941 8.4088 1.1931
v 0.8937 8.4721 1.2118
v 0.8618 8.5539 1.2619
v 0.9192 8.3653 1.3595
v 0.8923 8.4280 1.3822
v 0.8196 8.4879 1.4160
v 0.7229 8.5471 0.9678
v 0.7581 8.5890 0.8588
v 0.7640 8.6212 0.7257
v 0.7115 8.6023 0.9577
v 0.7512 8.6518 0.8534
v 0.7551 8.6854 0.7156
v 0.6963 8.6598 0.9401
v 0.7351 8.7185 0.8459
v 0.7344 8.7545 0.7055
v 0.7862 8.6903 0.4803
v 0.7826 8.7060 0.3438
v 0.7735 8.7125 0.2146
v 0.7658 8.7526 0.4604
v 0.7570 8.7684 0.3245
v 0.7481 8.7804 0.1939
v 0.7377 8.8250 0.4405
v 0.7250 8.8419 0.3068
v 0.7128 8.8545 0.1723
v 0.7505 8.7061 -0.0410
v 0.7151 8.6957 -0.1673
v 0.6615 8.6829 -0.2773
v 0.7203 8.7876 -0.0638
v 0.6868 8.7670 -0.1954
v 0.6304 8.7401 -0.2973
v 0.6716 8.8566 -0.0836
v 0.6579 8.8378 -0.2151
v 0.6152 8.8068 -0.3194
v 0.7309 8.5329 -0.2206
v 0.7611 8.5424 -0.1077
v 0.7884 8.5549 0.0055
v 0.7480 8.4507 -0.1898
v 0.7777 8.4646 -0.0835
v 0.8066 8.4789 0.0254
v 0.7607 8.3716 -0.1630
v 0.7927 8.3866 -0.0612
v 0.8247 8.4014 0.0445
v 0.8738 8.4235 0.2870
v 0.8493 8.4999 0.2693
v 0.8240 8.5739 0.2515
v 0.8737 8.4197 0.4188
v 0.8522 8.4965 0.4009
v 0.8293 8.5703 0.3824
v 0.8511 8.4037 0.5508
v 0.8349 8.4802 0.5351
v 0.8186 8.5544 0.5179
v 0.7831 8.3401 0.7652
v 0.7785 8.4163 0.7560
v 0.7741 8.4902 0.7473
v 0.7646 8.3078 0.8713
v 0.7619 8.3851 0.8697
v 0.7596 8.4592 0.8677
v 0.7466 8.2767 0.9773
v 0.7385 8.3534 0.9778
v 0.7316 8.4256 0.9767
v 0.8020 8.1885 0.7872
v 0.7769 8.1521 0.8800
v 0.7644 8.1165 0.9772
v 0.8183 8.1130 0.7994
v 0.7869 8.0746 0.8880
v 0.7729 8.0364 0.9796
v 0.8400 8.0357 0.8093
v 0.8008 7.9980 0.8975
v 0.7798 7.9572 0.9832
v 0.8063 7.8056 0.9904
v 0.8282 7.7285 0.9895
v 0.8543 7.6477 0.9811
v 0.8449 7.8434 0.9077
v 0.8730 7.7599 0.9002
v 0.8967 7.6696 0.8782
v 0.8921 7.8691 0.8051
v 0.9109 7.7746 0.7832
v 0.9052 7.6772 0.7500
v 0.8544 7.7208 0.5758
v 0.8795 7.7474 0.5066
v 0.9267 7.7598 0.4182
v 0.8834 7.7969 0.5668
v 0.8911 7.8210 0.4897
v 0.9274 7.8380 0.4077
v 0.9147 7.8879 0.5688
v 0.9141 7.9077 0.4788
v 0.9343 7.9248 0.3982
v 0.9622 8.1008 0.3722
v 0.9387 8.1881 0.3412
v 0.9183 8.2673 0.3228
v 0.9288 8.0854 0.4791
v 0.9295 8.1804 0.4689
v 0.9121 8.2634 0.4523
v 0.9212 8.0722 0.5844
v 0.9052 8.1646 0.5857
v 0.8854 8.2482 0.5773
v 0.8828 8.0899 0.1155
v 0.8469 8.0752 0.0247
v 0.8091 8.0606 -0.0679
v 0.8713 8.1659 0.1014
v 0.8342 8.1550 0.0058
v 0.7980 8.1416 -0.0899
v 0.8569 8.2445 0.0828
v 0.8202 8.2324 -0.0160
v 0.7849 8.2188 -0.1132
v 0.7323 8.0238 -0.2509
v 0.6882 8.0018 -0.3379
v 0.6345 7.9776 -0.4226
v 0.7263 8.1039 -0.2757
v 0.6848 8.0796 -0.3649
v 0.6326 8.0517 -0.4511
v 0.7176 8.1820 -0.3018
v 0.6792 8.1574 -0.3934
v 0.6300 8.1275 -0.4819
v 0.6238 8.2881 -0.5452
v 0.6109 8.3809 -0.5711
v 0.5849 8.4589 -0.5888
v 0.6632 8.3203 -0.4542
v 0.6395 8.4129 -0.4814
v 0.6043 8.4891 -0.5001
v 0.6979 8.3408 -0.3611
v 0.6750 8.4289 -0.3926
v 0.6372 8.5089 -0.4173
v 0.4724 8.1967 -0.7269
v 0.3542 8.1555 -0.8047
v 0.2102 8.1253 -0.8659
v 0.4740 8.2712 -0.7671
v 0.3552 8.2268 -0.8441
v 0.2116 8.1951 -0.9028
v 0.4741 8.3486 -0.8069
v 0.3563 8.2999 -0.8849
v 0.2134 8.2648 -0.9422
v 0.2078 7.9844 -0.7960
v 0.3521 8.0145 -0.7290
v 0.4697 8.0530 -0.6506
v 0.2064 7.9157 -0.7639
v 0.3505 7.9458 -0.6944
v 0.4679 7.9831 -0.6157
v 0.2040 7.8452 -0.7360
v 0.3488 7.8781 -0.6653
v 0.4660 7.9152 -0.5865
v 0.4621 7.7755 -0.5468
v 0.4616 7.7031 -0.5341
v 0.4611 7.6292 -0.5227
v 0.3401 7.7422 -0.6238
v 0.3335 7.6732 -0.6133
v 0.3243 7.5984 -0.6032
v 0.1919 7.7085 -0.6859
v 0.1822 7.6406 -0.6656
v 0.1705 7.5697 -0.6430
v 0.1460 7.4251 -0.5753
v 0.2921 7.4405 -0.5617
v 0.4379 7.4843 -0.5194
v 0.1359 7.3584 -0.5298
v 0.2726 7.3638 -0.5176
v 0.4117 7.3882 -0.5003
v 0.1277 7.3014 -0.4852
v 0.2566 7.3025 -0.4663
v 0.3817 7.3100 -0.4492
v 0.6213 7.3997 -0.3829
v 0.6145 7.5094 -0.3637
v 0.5862 7.5856 -0.3338
v 0.6980 7.4202 -0.2861
v 0.6788 7.5221 -0.2766
v 0.6478 7.5981 -0.2597
v 0.7575 7.4212 -0.1990
v 0.7417 7.5189 -0.1988
v 0.7128 7.6027 -0.1894
v 0.5904 7.6735 -0.3294
v 0.6140 7.7397 -0.3494
v 0.6301 7.8205 -0.3734
v 0.6447 7.6933 -0.2543
v 0.6653 7.7589 -0.2697
v 0.6817 7.8400 -0.2909
v 0.6969 7.7150 -0.1776
v 0.7144 7.7783 -0.1890
v 0.7289 7.8589 -0.2073
v 0.8126 7.7544 -0.0349
v 0.8084 7.8244 -0.0317
v 0.8133 7.9001 -0.0359
v 0.8851 7.7596 0.0418
v 0.8674 7.8390 0.0392
v 0.8554 7.9214 0.0406
v 0.9516 7.7544 0.1516
v 0.9501 7.8382 0.1329
v 0.9360 7.9299 0.1183
v 0.8520 7.5944 -0.0350
v 0.9068 7.5863 0.0641
v 0.9455 7.5828 0.1772
v 0.8608 7.5031 -0.0243
v 0.9048 7.4992 0.0755
v 0.9390 7.4987 0.1855
v 0.8587 7.4152 -0.0146
v 0.8990 7.4150 0.0833
v 0.9323 7.4154 0.1914
v 0.9071 7.4144 0.4463
v 0.9191 7.4979 0.4379
v 0.9257 7.5885 0.4292
v 0.8385 7.4074 0.5459
v 0.8590 7.4880 0.5449
v 0.8812 7.5834 0.5425
v 0.7840 7.3964 0.6139
v 0.8008 7.4766 0.6137
v 0.8229 7.5629 0.6107
v 0.7670 7.3529 0.7104
v 0.7976 7.4296 0.7088
v 0.8340 7.5067 0.7104
v 0.8005 7.3201 0.7649
v 0.8440 7.3988 0.7781
v 0.8822 7.4838 0.8047
v 0.8464 7.2904 0.8417
v 0.8829 7.3787 0.8807
v 0.8930 7.4710 0.9252
v 0.8776 7.2483 1.0362
v 0.8588 7.3367 1.0785
v 0.8356 7.4178 1.0997
v 0.8617 7.2215 1.1098
v 0.8415 7.3014 1.1382
v 0.8274 7.3781 1.1528
v 0.8639 7.1864 1.1643
v 0.8489 7.2637 1.1854
v 0.8418 7.3375 1.2002
v 0.9158 7.2481 1.3417
v 0.9144 7.1963 1.4435
v 0.8859 7.1531 1.5249
v 0.9109 7.1669 1.3168
v 0.9070 7.1104 1.4098
v 0.8811 7.0660 1.4854
v 0.9065 7.0768 1.2938
v 0.8941 7.0222 1.3745
v 0.8718 6.9793 1.4444
v 0.8421 6.8150 1.3587
v 0.8240 6.7385 1.3143
v 0.8033 6.6660 1.2663
v 0.8527 6.8553 1.2916
v 0.8284 6.7788 1.2468
v 0.8004 6.7054 1.1986
v 0.8586 6.8965 1.2213
v 0.8272 6.8194 1.1772
v 0.7914 6.7457 1.1301
v 0.7519 6.8271 0.9955
v 0.7240 6.8676 0.9338
v 0.6963 6.9079 0.8783
v 0.8029 6.9007 1.0353
v 0.7803 6.9408 0.9666
v 0.7531 6.9816 0.9024
v 0.8506 6.9815 1.0759
v 0.8354 7.0202 1.0035
v 0.8105 7.0584 0.9309
v 0.6628 6.9834 0.7836
v 0.6607 7.0166 0.7414
v 0.6692 7.0451 0.7025
v 0.7049 7.0600 0.7938
v 0.6926 7.0937 0.7473
v 0.6919 7.1212 0.7047
v 0.7488 7.1354 0.8051
v 0.7255 7.1703 0.7541
v 0.7162 7.1988 0.7088
v 0.7427 7.0834 0.6184
v 0.8210 7.0895 0.5539
v 0.8936 7.0826 0.4422
v 0.7451 7.1609 0.6153
v 0.8159 7.1708 0.5538
v 0.8934 7.1695 0.4515
v 0.7541 7.2384 0.6136
v 0.8169 7.2501 0.5512
v 0.8944 7.2528 0.4543
v 0.8460 7.0618 0.1779
v 0.7706 7.0667 0.0953
v 0.7037 7.0773 0.0286
v 0.8917 7.1490 0.1860
v 0.8314 7.1406 0.0878
v 0.7699 7.1349 0.0085
v 0.9138 7.2434 0.1937
v 0.8748 7.2362 0.0869
v 0.8276 7.2282 -0.0054
v 0.5947 7.0778 -0.1184
v 0.5472 7.0610 -0.2025
v 0.5078 7.0366 -0.3037
v 0.6669 7.1239 -0.1500
v 0.6233 7.1150 -0.2415
v 0.5726 7.1183 -0.3612
v 0.7308 7.2174 -0.1813
v 0.6782 7.2156 -0.2761
v 0.5913 7.2277 -0.3886
v 0.3535 7.1002 -0.5179
v 0.2256 7.1369 -0.5357
v 0.1100 7.1405 -0.5427
v 0.3352 7.2100 -0.4646
v 0.2177 7.2089 -0.4704
v 0.1081 7.2001 -0.4832
v 0.3389 7.2584 -0.4179
v 0.2273 7.2450 -0.4354
v 0.1127 7.2343 -0.4535
v 0.2988 6.8611 -0.4991
v 0.2365 6.8387 -0.5674
v 0.1580 6.8208 -0.6661
v 0.2965 6.8925 -0.4758
v 0.2340 6.8755 -0.5498
v 0.1554 6.8844 -0.6545
v 0.3140 6.9193 -0.4721
v 0.2508 6.9214 -0.5731
v 0.1382 6.9647 -0.6478
v 0.4596 6.9139 -0.3775
v 0.4382 6.9708 -0.3465
v 0.4370 7.0065 -0.3156
v 0.5651 6.9420 -0.3012
v 0.5382 7.0094 -0.2714
v 0.5245 7.0635 -0.2420
v 0.6523 6.9415 -0.1781
v 0.6186 7.0133 -0.1511
v 0.5828 7.0672 -0.1264
v 0.6881 6.8854 0.0434
v 0.6754 6.9475 0.0591
v 0.6634 7.0038 0.0607
v 0.7049 6.8581 0.1287
v 0.6978 6.9110 0.1292
v 0.7010 6.9656 0.1227
v 0.7291 6.8175 0.2011
v 0.7344 6.8698 0.1927
v 0.7567 6.9299 0.1838
v 0.8184 6.7437 0.3538
v 0.8521 6.8183 0.3731
v 0.8773 6.9033 0.4001
v 0.8473 6.7391 0.4844
v 0.8468 6.8262 0.5158
v 0.8395 6.9157 0.5368
v 0.7866 6.7445 0.6087
v 0.7705 6.8313 0.6181
v 0.7576 6.9182 0.6218
v 0.6382 6.7387 0.7190
v 0.6330 6.8157 0.7155
v 0.6380 6.8935 0.7097
v 0.5819 6.7301 0.7569
v 0.5897 6.7976 0.7513
v 0.6075 6.8685 0.7446
v 0.5404 6.7095 0.7895
v 0.5623 6.7714 0.7822
v 0.5902 6.8377 0.7771
v 0.5038 6.6506 0.8391
v 0.5415 6.7101 0.8385
v 0.5868 6.7715 0.8452
v 0.4995 6.6198 0.8678
v 0.5473 6.6760 0.8729
v 0.6029 6.7344 0.8852
v 0.5069 6.5850 0.9013
v 0.5647 6.6375 0.9111
v 0.6288 6.6940 0.9298
v 0.6043 6.4294 1.0675
v 0.5767 6.4662 1.0228
v 0.5497 6.5055 0.9794
v 0.6768 6.4770 1.1017
v 0.6487 6.5139 1.0498
v 0.6196 6.5538 1.0002
v 0.7363 6.5348 1.1541
v 0.7145 6.5712 1.0933
v 0.6885 6.6104 1.0349
v 0.2648 8.7961 -1.2857
v 0.1968 8.7220 -1.3174
v 0.1890 8.7910 -1.3300
v 0.1917 8.8615 -1.3045
v 0.2918 8.8442 -1.2508
v 0.3629 8.8062 -1.1859
v 0.2961 8.7536 -1.2557
v -0.1173 8.6377 -1.2007
v -0.0542 8.5904 -1.1849
v -0.1490 8.6405 -1.1568
v -0.2151 8.6995 -1.1400
v -0.1456 8.6747 -1.2121
v -0.0491 8.6461 -1.2719
v -0.0438 8.6091 -1.2339
v -0.0812 8.5478 -1.1114
v -0.0897 8.4961 -1.0722
v -0.0966 8.4304 -1.0324
v -0.2003 8.6086 -1.0658
v -0.2171 8.5546 -1.0232
v -0.2316 8.4851 -0.9833
v -0.2987 8.6779 -1.0059
v -0.3225 8.6166 -0.9526
v -0.3447 8.5421 -0.9043
v -0.4682 8.6183 -0.6935
v -0.4931 8.6491 -0.5935
v -0.5195 8.6799 -0.5045
v -0.4719 8.7020 -0.7594
v -0.5086 8.7229 -0.6467
v -0.5270 8.7413 -0.5403
v -0.4499 8.7963 -0.8243
v -0.4938 8.8260 -0.7068
v -0.5263 8.8442 -0.5921
v -0.3077 8.9851 -0.8941
v -0.3324 9.0063 -0.7730
v -0.3529 9.0242 -0.6525
v -0.1897 9.0391 -0.9028
v -0.2102 9.0562 -0.7889
v -0.2273 9.0724 -0.6688
v -0.0613 9.0626 -0.9119
v -0.0744 9.0822 -0.7990
v -0.0862 9.1004 -0.6784
v -0.3921 9.0497 -0.4068
v -0.4140 9.0557 -0.2821
v -0.4370 9.0590 -0.1596
v -0.2602 9.1001 -0.4198
v -0.2780 9.1116 -0.2930
v -0.2969 9.1226 -0.1669
v -0.1090 9.1327 -0.4257
v -0.1206 9.1470 -0.2967
v -0.1322 9.1603 -0.1673
v -0.5052 9.0913 0.0955
v -0.5231 9.0818 0.2455
v -0.5473 9.0680 0.3836
v -0.3540 9.1730 0.0937
v -0.3666 9.1687 0.2475
v -0.3874 9.1661 0.3873
v -0.1485 9.2125 0.0856
v -0.1766 9.2202 0.2534
v -0.1960 9.2231 0.3966
v -0.5767 9.0125 0.6617
v -0.6157 9.0006 0.7943
v -0.6456 8.9640 0.9333
v -0.4211 9.1369 0.6868
v -0.4341 9.1023 0.8302
v -0.4436 9.0430 0.9732
v -0.2138 9.1977 0.7079
v -0.2266 9.1692 0.8615
v -0.2378 9.1120 1.0042
v -0.6411 8.8045 1.1960
v -0.6102 8.6873 1.3012
v -0.5779 8.5709 1.3864
v -0.4648 8.8809 1.2389
v -0.4448 8.7567 1.3319
v -0.4330 8.6546 1.4331
v -0.2696 8.9944 1.2836
v -0.2856 8.9073 1.4133
v -0.2964 8.8199 1.5371
v -0.3014 8.6412 1.8150
v -0.4197 8.4698 1.6866
v -0.5225 8.3599 1.5965
v -0.2984 8.5481 1.9697
v -0.4127 8.3823 1.8372
v -0.4985 8.2663 1.7314
v -0.2934 8.4525 2.1305
v -0.4024 8.2959 1.9977
v -0.4787 8.1805 1.8823
v -0.7189 8.2840 1.5607
v -0.7961 8.2593 1.5688
v -0.8599 8.2092 1.5622
v -0.6663 8.1699 1.6639
v -0.7328 8.1444 1.6743
v -0.7986 8.0965 1.6775
v -0.6234 8.0591 1.7820
v -0.6839 8.0222 1.7861
v -0.7412 7.9687 1.7872
v -0.9085 8.0892 1.5343
v -0.9207 8.0285 1.5227
v -0.9314 7.9648 1.5087
v -0.8573 7.9800 1.6514
v -0.8710 7.9273 1.6399
v -0.8840 7.8744 1.6276
v -0.7956 7.8610 1.7600
v -0.8108 7.8169 1.7465
v -0.8254 7.7754 1.7327
v -0.9449 7.8343 1.4709
v -0.9451 7.7685 1.4468
v -0.9394 7.7015 1.4193
v -0.9104 7.7684 1.5950
v -0.9222 7.7137 1.5721
v -0.9310 7.6553 1.5434
v -0.8570 7.6966 1.7006
v -0.8747 7.6552 1.6795
v -0.8924 7.6081 1.6528
v -0.9192 7.4863 1.5773
v -0.9293 7.5218 1.4673
v -0.9070 7.5608 1.3577
v -0.9205 7.4117 1.5291
v -0.9138 7.4471 1.4243
v -0.8813 7.4872 1.3285
v -0.9093 7.3330 1.4788
v -0.8894 7.3706 1.3854
v -0.8553 7.4136 1.3054
v -0.8033 7.5102 1.1841
v -0.8066 7.5802 1.1881
v -0.8163 7.6531 1.1943
v -0.7991 7.5616 1.1294
v -0.7904 7.6305 1.1310
v -0.7882 7.7026 1.1340
v -0.8115 7.6130 1.0701
v -0.7932 7.6815 1.0711
v -0.7817 7.7521 1.0727
v -0.7696 7.9017 1.0793
v -0.7923 7.8539 1.1395
v -0.8443 7.8014 1.2054
v -0.7657 7.9812 1.0817
v -0.7963 7.9310 1.1394
v -0.8599 7.8757 1.2087
v -0.7614 8.0612 1.0814
v -0.8016 8.0080 1.1364
v -0.8760 7.9501 1.2118
v -0.7558 8.2173 1.0697
v -0.8206 8.1582 1.1231
v -0.9110 8.1003 1.2227
v -0.7559 8.2904 1.0579
v -0.8363 8.2301 1.1150
v -0.9264 8.1751 1.2334
v -0.7589 8.3558 1.0434
v -0.8543 8.2967 1.1089
v -0.9362 8.2461 1.2463
v -0.7735 8.4574 1.0066
v -0.8871 8.4136 1.1114
v -0.9352 8.3726 1.2757
v -0.7898 8.5106 0.9967
v -0.8960 8.4796 1.1321
v -0.9116 8.4369 1.3045
v -0.8229 8.5943 1.0148
v -0.8730 8.5647 1.1898
v -0.8416 8.4968 1.3469
v -0.7412 8.5810 0.9248
v -0.7167 8.6367 0.9125
v -0.7002 8.6907 0.8942
v -0.7620 8.6271 0.8052
v -0.7542 8.6926 0.8040
v -0.7320 8.7598 0.7999
v -0.7660 8.6648 0.6755
v -0.7544 8.7296 0.6664
v -0.7300 8.8035 0.6590
v -0.7720 8.7400 0.4258
v -0.7452 8.8024 0.4090
v -0.7098 8.8735 0.3949
v -0.7629 8.7576 0.2924
v -0.7335 8.8262 0.2774
v -0.6909 8.8907 0.2610
v -0.7503 8.7692 0.1640
v -0.7156 8.8427 0.1448
v -0.6710 8.9030 0.1250
v -0.7193 8.7747 -0.0966
v -0.6682 8.8465 -0.1118
v -0.6185 8.9109 -0.1294
v -0.6733 8.7555 -0.2127
v -0.6348 8.8271 -0.2288
v -0.5931 8.9033 -0.2460
v -0.6324 8.7347 -0.3294
v -0.6108 8.8021 -0.3515
v -0.5803 8.8909 -0.3701
v -0.6958 8.5890 -0.2778
v -0.7179 8.5047 -0.2486
v -0.7317 8.4238 -0.2216
v -0.7322 8.5967 -0.1636
v -0.7512 8.5172 -0.1402
v -0.7656 8.4380 -0.1187
v -0.7631 8.6068 -0.0510
v -0.7803 8.5300 -0.0321
v -0.7983 8.4522 -0.0150
v -0.8564 8.4736 0.2243
v -0.8631 8.4679 0.3529
v -0.8534 8.4513 0.4857
v -0.8303 8.5498 0.2100
v -0.8387 8.5446 0.3380
v -0.8337 8.5279 0.4718
v -0.8044 8.6232 0.1956
v -0.8140 8.6175 0.3229
v -0.8141 8.6007 0.4564
v -0.7918 8.3814 0.7082
v -0.7729 8.3443 0.8123
v -0.7553 8.3103 0.9202
v -0.7848 8.4586 0.7006
v -0.7695 8.4233 0.8129
v -0.7467 8.3883 0.9244
v -0.7785 8.5320 0.6937
v -0.7645 8.4972 0.8124
v -0.7377 8.4606 0.9260
v -0.8121 8.2293 0.7263
v -0.8297 8.1550 0.7365
v -0.8520 8.0812 0.7460
v -0.7849 8.1888 0.8176
v -0.7964 8.1130 0.8247
v -0.8124 8.0386 0.8334
v -0.7714 8.1493 0.9136
v -0.7793 8.0705 0.9144
v -0.7884 7.9931 0.9177
v -0.8208 7.8488 0.9282
v -0.8619 7.8932 0.8481
v -0.9129 7.9289 0.7542
v -0.8487 7.7778 0.9310
v -0.8975 7.8169 0.8477
v -0.9490 7.8408 0.7419
v -0.8849 7.7033 0.9282
v -0.9368 7.7319 0.8339
v -0.9694 7.7401 0.7094
v -0.9102 7.7651 0.5053
v -0.9472 7.8493 0.5034
v -0.9698 7.9519 0.5169
v -0.9159 7.7883 0.4376
v -0.9363 7.8659 0.4255
v -0.9642 7.9617 0.4200
v -0.9608 7.8009 0.3460
v -0.9813 7.8827 0.3297
v -0.9877 7.9826 0.3115
v -0.9475 8.1608 0.2824
v -0.9461 8.1523 0.4059
v -0.9324 8.1381 0.5253
v -0.9273 8.2386 0.2688
v -0.9273 8.2316 0.3946
v -0.9119 8.2170 0.5186
v -0.9053 8.3176 0.2542
v -0.9073 8.3107 0.3817
v -0.8921 8.2953 0.5093
v -0.8574 8.1362 0.0501
v -0.8443 8.2153 0.0356
v -0.8297 8.2939 0.0192
v -0.8177 8.1252 -0.0350
v -0.8054 8.2041 -0.0538
v -0.7926 8.2822 -0.0751
v -0.7831 8.1129 -0.1263
v -0.7724 8.1921 -0.1482
v -0.7590 8.2703 -0.1719
v -0.7135 8.0834 -0.3135
v -0.6994 8.1610 -0.3390
v -0.6832 8.2382 -0.3660
v -0.6651 8.0614 -0.4076
v -0.6513 8.1380 -0.4317
v -0.6334 8.2164 -0.4578
v -0.5970 8.0324 -0.4888
v -0.5880 8.1079 -0.5154
v -0.5713 8.1883 -0.5420
v -0.5322 8.3485 -0.5925
v -0.5893 8.3766 -0.5139
v -0.6476 8.3956 -0.4259
v -0.5023 8.4389 -0.6134
v -0.5555 8.4648 -0.5365
v -0.6160 8.4825 -0.4540
v -0.4672 8.5091 -0.6252
v -0.5150 8.5399 -0.5492
v -0.5716 8.5626 -0.4721
v -0.3880 8.2441 -0.7481
v -0.3823 8.3250 -0.7855
v -0.3722 8.3999 -0.8156
v -0.2738 8.1862 -0.8268
v -0.2655 8.2586 -0.8665
v -0.2565 8.3319 -0.9062
v -0.1253 8.1401 -0.8830
v -0.1174 8.2112 -0.9184
v -0.1098 8.2836 -0.9555
v -0.1406 7.9994 -0.8151
v -0.1474 7.9316 -0.7847
v -0.1537 7.8587 -0.7594
v -0.2889 8.0491 -0.7565
v -0.2959 7.9788 -0.7271
v -0.3034 7.9062 -0.7003
v -0.4018 8.1052 -0.6834
v -0.4151 8.0298 -0.6582
v -0.4246 7.9544 -0.6313
v -0.4276 7.8176 -0.5864
v -0.3096 7.7669 -0.6555
v -0.1572 7.7193 -0.7052
v -0.4284 7.7534 -0.5839
v -0.3066 7.7000 -0.6437
v -0.1545 7.6515 -0.6814
v -0.4296 7.6771 -0.5856
v -0.3010 7.6251 -0.6317
v -0.1508 7.5815 -0.6551
v -0.1443 7.4398 -0.5852
v -0.1428 7.3736 -0.5410
v -0.1400 7.3190 -0.5014
v -0.2840 7.4671 -0.5843
v -0.2751 7.3923 -0.5427
v -0.2646 7.3386 -0.5038
v -0.4165 7.5106 -0.5716
v -0.3998 7.4248 -0.5474
v -0.3777 7.3654 -0.5100
v -0.6377 7.4110 -0.4174
v -0.6894 7.4324 -0.3169
v -0.7332 7.4493 -0.2309
v -0.6433 7.4962 -0.4235
v -0.6938 7.5153 -0.3208
v -0.7318 7.5315 -0.2322
v -0.6432 7.5786 -0.4306
v -0.6964 7.5946 -0.3276
v -0.7318 7.6095 -0.2357
v -0.6346 7.7362 -0.4454
v -0.6972 7.7515 -0.3461
v -0.7344 7.7659 -0.2497
v -0.6274 7.8133 -0.4537
v -0.6949 7.8301 -0.3571
v -0.7344 7.8453 -0.2598
v -0.6182 7.8872 -0.4622
v -0.6892 7.9089 -0.3709
v -0.7316 7.9254 -0.2733
v -0.8046 7.7928 -0.0814
v -0.8515 7.8041 -0.0013
v -0.9080 7.8079 0.0812
v -0.8014 7.8726 -0.0866
v -0.8441 7.8859 -0.0038
v -0.8924 7.8917 0.0746
v -0.7976 7.9530 -0.0953
v -0.8373 7.9661 -0.0091
v -0.8781 7.9751 0.0693
v -0.8169 7.6329 -0.0744
v -0.8255 7.5516 -0.0700
v -0.8330 7.4660 -0.0652
v -0.8699 7.6380 0.0081
v -0.8782 7.5541 0.0155
v -0.8837 7.4680 0.0231
v -0.9266 7.6385 0.1018
v -0.9313 7.5532 0.1133
v -0.9325 7.4676 0.1241
v -0.9233 7.4639 0.3857
v -0.8667 7.4525 0.4813
v -0.8235 7.4426 0.5606
v -0.9379 7.5513 0.3737
v -0.9030 7.5425 0.4804
v -0.8608 7.5281 0.5638
v -0.9478 7.6408 0.3659
v -0.9028 7.6391 0.4676
v -0.8689 7.6203 0.5439
v -0.8151 7.4049 0.6507
v -0.8594 7.3682 0.7024
v -0.9137 7.3378 0.7811
v -0.8533 7.4777 0.6461
v -0.9119 7.4460 0.7180
v -0.9531 7.4290 0.8260
v -0.9007 7.5524 0.6479
v -0.9545 7.5356 0.7531
v -0.9556 7.5275 0.8769
v -0.9482 7.2951 0.9806
v -0.9272 7.2650 1.0699
v -0.9003 7.2252 1.1429
v -0.9198 7.3890 1.0320
v -0.8845 7.3503 1.1072
v -0.8583 7.3037 1.1683
v -0.8768 7.4709 1.0579
v -0.8446 7.4249 1.1226
v -0.8279 7.3749 1.1784
v -0.8345 7.2749 1.2801
v -0.8462 7.2049 1.2693
v -0.8709 7.1312 1.2529
v -0.8513 7.2279 1.3362
v -0.8555 7.1569 1.3183
v -0.8723 7.0826 1.2995
v -0.8727 7.1848 1.3993
v -0.8720 7.1109 1.3707
v -0.8830 7.0334 1.3469
v -0.9202 6.8563 1.2791
v -0.9266 6.9062 1.2232
v -0.9323 6.9517 1.1623
v -0.9155 6.7684 1.2255
v -0.9183 6.8134 1.1619
v -0.9158 6.8574 1.0945
v -0.8970 6.6911 1.1662
v -0.8895 6.7341 1.1001
v -0.8741 6.7776 1.0325
v -0.8124 6.8682 0.9054
v -0.8815 6.9428 0.9517
v -0.9307 7.0317 1.0157
v -0.7717 6.9149 0.8534
v -0.8474 6.9861 0.8849
v -0.9119 7.0691 0.9354
v -0.7343 6.9605 0.8101
v -0.8078 7.0303 0.8276
v -0.8789 7.1072 0.8604
v -0.6926 7.0420 0.7340
v -0.7429 7.1143 0.7359
v -0.7977 7.1862 0.7422
v -0.6886 7.0771 0.6963
v -0.7261 7.1503 0.6950
v -0.7667 7.2238 0.6963
v -0.6953 7.1062 0.6579
v -0.7220 7.1796 0.6560
v -0.7520 7.2547 0.6556
v -0.7580 7.1406 0.5645
v -0.7658 7.2179 0.5615
v -0.7802 7.2940 0.5592
v -0.8237 7.1457 0.5010
v -0.8245 7.2263 0.4982
v -0.8310 7.3046 0.4932
v -0.8977 7.1404 0.4026
v -0.8990 7.2246 0.4057
v -0.9024 7.3065 0.4041
v -0.8654 7.1209 0.1258
v -0.8956 7.2013 0.1297
v -0.9192 7.2895 0.1332
v -0.7800 7.1265 0.0469
v -0.8186 7.1955 0.0389
v -0.8590 7.2788 0.0333
v -0.7103 7.1305 -0.0137
v -0.7489 7.1931 -0.0238
v -0.8009 7.2671 -0.0448
v -0.5886 7.1126 -0.1503
v -0.6462 7.1659 -0.1757
v -0.7027 7.2485 -0.2082
v -0.5372 7.0921 -0.2307
v -0.5986 7.1493 -0.2624
v -0.6526 7.2369 -0.2955
v -0.4930 7.0646 -0.3204
v -0.5527 7.1308 -0.3562
v -0.5997 7.2229 -0.3897
v -0.3654 7.0571 -0.5560
v -0.3602 7.1789 -0.5612
v -0.3544 7.2561 -0.5140
v -0.2252 7.1108 -0.5960
v -0.2212 7.2052 -0.5411
v -0.2334 7.2612 -0.4956
v -0.0999 7.1305 -0.5755
v -0.1060 7.2012 -0.5171
v -0.1188 7.2465 -0.4828
v -0.2647 6.8151 -0.4874
v -0.2826 6.8601 -0.4771
v -0.3139 6.9053 -0.4848
v -0.2012 6.7817 -0.5537
v -0.2269 6.8311 -0.5706
v -0.2417 6.9045 -0.5991
v -0.1261 6.7712 -0.6471
v -0.1249 6.8513 -0.6630
v -0.1144 6.9462 -0.6580
v -0.4229 6.9018 -0.3860
v -0.5311 6.9410 -0.3218
v -0.6353 6.9503 -0.2054
v -0.4168 6.9659 -0.3577
v -0.5082 7.0100 -0.2879
v -0.6095 7.0226 -0.1800
v -0.4242 7.0063 -0.3273
v -0.4938 7.0557 -0.2518
v -0.5844 7.0814 -0.1609
v -0.6864 6.8937 0.0033
v -0.7200 6.8607 0.0741
v -0.7680 6.8265 0.1395
v -0.6735 6.9574 0.0091
v -0.7190 6.9238 0.0701
v -0.7850 6.8947 0.1310
v -0.6699 7.0176 0.0049
v -0.7294 6.9908 0.0618
v -0.8084 6.9693 0.1263
v -0.8822 6.8007 0.3425
v -0.8454 6.8089 0.4830
v -0.7643 6.8024 0.5634
v -0.8902 6.8853 0.3667
v -0.8351 6.8924 0.4909
v -0.7616 6.8886 0.5656
v -0.8936 6.9697 0.3834
v -0.8298 6.9766 0.4965
v -0.7588 6.9751 0.5668
v -0.6530 6.7942 0.6659
v -0.6079 6.7919 0.7166
v -0.5694 6.7792 0.7632
v -0.6534 6.8759 0.6694
v -0.6149 6.8631 0.7158
v -0.5880 6.8409 0.7561
v -0.6604 6.9561 0.6669
v -0.6321 6.9344 0.7094
v -0.6150 6.9049 0.7460
v -0.5256 6.7252 0.8256
v -0.5158 6.6946 0.8438
v -0.5202 6.6602 0.8657
v -0.5616 6.7806 0.8117
v -0.5638 6.7464 0.8361
v -0.5814 6.7055 0.8615
v -0.6073 6.8372 0.8049
v -0.6232 6.7978 0.8333
v -0.6534 6.7521 0.8633
v -0.6488 6.4822 0.9713
v -0.7303 6.5172 0.9976
v -0.8050 6.5631 1.0434
v -0.6088 6.5261 0.9407
v -0.6904 6.5614 0.9557
v -0.7717 6.6065 0.9886
v -0.5716 6.5722 0.9136
v -0.6501 6.6090 0.9196
v -0.7334 6.6533 0.9399
v -0.1131 8.8024 -1.2971
v -0.0468 8.7247 -1.3213
v -0.1466 8.7603 -1.2662
v -0.2156 8.8187 -1.2051
v -0.1401 8.8538 -1.2661
v -0.0363 8.8666 -1.3125
v -0.0356 8.7940 -1.3363
v 0.2450 8.9795 -1.1412
v 0.3553 8.9417 -1.0863
v 0.2792 8.9486 -1.1697
v 0.1832 8.9568 -1.2220
v 0.1735 8.9887 -1.1658
v 0.1805 9.0124 -1.0936
v 0.2775 8.9898 -1.0808
v -0.0925 8.9910 -1.1544
v -0.0278 8.9628 -1.2298
v -0.1265 8.9614 -1.1851
v -0.2076 8.9621 -1.1081
v -0.1273 9.0049 -1.0961
v -0.0286 9.0202 -1.1012
v -0.0193 8.9951 -1.1733
v 0.4333 6.4219 0.9651
v 0.4526 6.3906 1.0036
v 0.4736 6.3605 1.0427
v 0.3876 6.3821 0.9630
v 0.4044 6.3563 1.0002
v 0.4216 6.3289 1.0397
v 0.3472 6.3406 0.9595
v 0.3617 6.3158 0.9967
v 0.3737 6.2887 1.0401
v 0.4352 6.5241 0.8553
v 0.4235 6.5049 0.8771
v 0.4161 6.4805 0.9013
v 0.4032 6.4617 0.8704
v 0.3889 6.4462 0.8905
v 0.3781 6.4266 0.9084
v 0.3722 6.3870 0.8762
v 0.3541 6.3857 0.9030
v 0.3414 6.3736 0.9182
v 0.2368 6.2080 0.9598
v 0.2332 6.1976 1.0078
v 0.2315 6.1945 1.0559
v 0.1289 6.1784 0.9596
v 0.1322 6.1739 1.0067
v 0.1369 6.1731 1.0506
v 0.0387 6.1757 0.9524
v 0.0420 6.1684 0.9990
v 0.0455 6.1645 1.0412
v 0.2008 6.2667 0.7552
v 0.2245 6.2290 0.8299
v 0.2375 6.2230 0.8843
v 0.1057 6.3113 0.7487
v 0.1124 6.2354 0.7978
v 0.1204 6.2017 0.8603
v 0.0358 6.3360 0.7533
v 0.0311 6.2554 0.7890
v 0.0321 6.2096 0.8496
v -0.1538 6.2010 0.9438
v -0.1481 6.1887 0.9814
v -0.1406 6.1794 1.0319
v -0.2286 6.2787 0.9570
v -0.2316 6.2565 0.9681
v -0.2310 6.2214 1.0132
v -0.2735 6.3373 0.9583
v -0.2757 6.3210 0.9678
v -0.2871 6.2851 0.9974
v -0.1026 6.3532 0.7545
v -0.1220 6.2766 0.7918
v -0.1378 6.2321 0.8524
v -0.1829 6.3450 0.7557
v -0.2137 6.2797 0.8168
v -0.2306 6.2656 0.8948
v -0.2823 6.3317 0.7884
v -0.3002 6.3193 0.8822
v -0.2936 6.3353 0.9443
v -0.4998 6.4263 0.9632
v -0.4685 6.4650 0.9428
v -0.4426 6.5025 0.9227
v -0.4359 6.3982 0.9698
v -0.4102 6.4330 0.9506
v -0.3906 6.4651 0.9315
v -0.3779 6.3677 0.9788
v -0.3584 6.3987 0.9594
v -0.3463 6.4254 0.9417
v -0.4279 6.5633 0.8871
v -0.4419 6.5892 0.8804
v -0.4573 6.6170 0.8765
v -0.3935 6.5140 0.9079
v -0.4086 6.5393 0.9102
v -0.4244 6.5598 0.9075
v -0.3617 6.4657 0.9342
v -0.3763 6.4828 0.9347
v -0.4002 6.4783 0.9181
v 0.1811 6.4280 0.7360
v 0.1135 6.4387 0.7563
v 0.0500 6.4470 0.7686
v 0.1858 6.4169 0.7431
v 0.1203 6.4056 0.7707
v 0.0557 6.3928 0.8017
v 0.2117 6.3802 0.7051
v 0.1485 6.3781 0.7643
v 0.0705 6.3855 0.8147
v 0.6756 6.5765 0.6931
v 0.6212 6.5924 0.7445
v 0.5620 6.5994 0.7899
v 0.6803 6.4877 0.6462
v 0.6413 6.4988 0.7012
v 0.6017 6.5083 0.7535
v 0.6625 6.4208 0.5841
v 0.6199 6.4194 0.6307
v 0.5866 6.4134 0.6724
v -0.4047 6.4282 0.7420
v -0.4968 6.4847 0.8299
v -0.5231 6.5894 0.8375
v -0.3767 6.4520 0.7419
v -0.4519 6.4687 0.7589
v -0.5368 6.4971 0.7781
v -0.3825 6.4629 0.7904
v -0.4414 6.4683 0.7603
v -0.5038 6.4695 0.7271
v -0.2732 6.7059 -0.5496
v -0.1961 6.6819 -0.6095
v -0.1063 6.6463 -0.6736
v -0.2929 6.6043 -0.6076
v -0.1999 6.5622 -0.6545
v -0.0915 6.5245 -0.6840
v -0.2915 6.4815 -0.6295
v -0.1880 6.4418 -0.6519
v -0.0807 6.4185 -0.6611
v 0.1440 6.6219 -0.6915
v 0.2538 6.6568 -0.6538
v 0.3465 6.6997 -0.5958
v 0.1358 6.5175 -0.6766
v 0.2442 6.5424 -0.6563
v 0.3480 6.5821 -0.6202
v 0.1282 6.4226 -0.6567
v 0.2325 6.4440 -0.6451
v 0.3366 6.4787 -0.6240
v -0.6778 6.8090 -0.2815
v -0.5756 6.7907 -0.3928
v -0.4614 6.7613 -0.4575
v -0.6970 6.7295 -0.3284
v -0.5953 6.7049 -0.4319
v -0.4854 6.6732 -0.5016
v -0.7138 6.6528 -0.3757
v -0.6105 6.6175 -0.4737
v -0.5005 6.5755 -0.5430
v 0.4477 6.5294 0.8493
v 0.4016 6.4849 0.8560
v 0.4204 6.4375 0.7367
v 0.5036 6.4540 0.8342
v 0.4134 6.3685 0.8393
v 0.3001 6.4242 0.7192
v 0.4804 6.3644 0.7059
v 0.3958 6.3706 0.7037
v 0.3255 6.3877 0.6274
v -0.7768 6.7482 0.1374
v -0.7552 6.7690 0.0523
v -0.7353 6.7884 -0.0410
v -0.8113 6.7204 0.1095
v -0.7939 6.7296 0.0172
v -0.7775 6.7376 -0.0849
v -0.8701 6.6778 0.0694
v -0.8451 6.6853 -0.0299
v -0.8209 6.6836 -0.1387
v -0.7709 6.6285 0.5321
v -0.8645 6.6482 0.4465
v -0.8409 6.6957 0.3124
v -0.7724 6.5549 0.4889
v -0.8534 6.5856 0.4095
v -0.8894 6.6692 0.3054
v -0.7755 6.5043 0.4445
v -0.8403 6.5228 0.3698
v -0.9007 6.5804 0.2815
v 0.5236 6.7642 -0.4576
v 0.6212 6.7899 -0.3721
v 0.7043 6.8049 -0.2509
v 0.5443 6.6679 -0.4981
v 0.6435 6.7026 -0.4129
v 0.7296 6.7268 -0.2993
v 0.5524 6.5720 -0.5337
v 0.6595 6.6182 -0.4543
v 0.7497 6.6494 -0.3432
v -0.0799 6.4486 0.7636
v -0.1469 6.4506 0.7507
v -0.2175 6.4521 0.7345
v -0.1050 6.3944 0.8282
v -0.1737 6.4075 0.8071
v -0.2384 6.4220 0.7789
v -0.1158 6.4181 0.8224
v -0.1927 6.4296 0.7947
v -0.2613 6.4387 0.7587
v -0.5931 6.6612 0.7371
v -0.6278 6.6516 0.6803
v -0.6621 6.6395 0.6290
v -0.6115 6.5821 0.6926
v -0.6345 6.5789 0.6453
v -0.6664 6.5707 0.5993
v -0.6044 6.5103 0.6492
v -0.6340 6.5141 0.6104
v -0.6714 6.5091 0.5651
v 0.7454 6.7815 -0.0150
v 0.7655 6.7677 0.0851
v 0.7774 6.7438 0.1872
v 0.7915 6.7291 -0.0547
v 0.8072 6.7186 0.0480
v 0.8195 6.7041 0.1519
v 0.8385 6.6774 -0.1018
v 0.8534 6.6737 0.0084
v 0.8712 6.6641 0.1160
v 0.7899 6.6778 0.3481
v 0.8118 6.6318 0.4403
v 0.8130 6.5796 0.5619
v 0.8397 6.6553 0.3402
v 0.8558 6.5893 0.4375
v 0.8019 6.5132 0.5194
v 0.8935 6.5699 0.3153
v 0.8531 6.4910 0.3984
v 0.7803 6.4437 0.4685
vt 0.9619 0.9500
vt 0.9627 0.9473
vt 0.9632 0.9487
vt 0.9629 0.9508
vt 0.9638 0.9509
vt 0.9639 0.9482
vt 0.9639 0.9454
vt 0.9595 0.9525
vt 0.9605 0.9489
vt 0.9619 0.9500
vt 0.9612 0.9531
vt 0.9625 0.9536
vt 0.9617 0.9455
vt 0.9646 0.9539
vt 0.9636 0.9538
vt 0.9638 0.9509
vt 0.9646 0.9509
vt 0.9648 0.9480
vt 0.9654 0.9403
vt 0.9650 0.9448
vt 0.9639 0.9454
vt 0.9633 0.9426
vt 0.9587 0.9478
vt 0.9564 0.9467
vt 0.9579 0.9425
vt 0.9601 0.9439
vt 0.9594 0.9385
vt 0.9617 0.9403
vt 0.9539 0.9456
vt 0.9554 0.9412
vt 0.9569 0.9370
vt 0.9574 0.9518
vt 0.9587 0.9478
vt 0.9631 0.9369
vt 0.9607 0.9348
vt 0.9582 0.9332
vt 0.9543 0.9357
vt 0.9555 0.9318
vt 0.9528 0.9400
vt 0.9512 0.9445
vt 0.9525 0.9501
vt 0.9498 0.9492
vt 0.9551 0.9510
vt 0.9590 0.9296
vt 0.9596 0.9261
vt 0.9619 0.9277
vt 0.9614 0.9313
vt 0.9641 0.9294
vt 0.9637 0.9332
vt 0.9600 0.9224
vt 0.9624 0.9240
vt 0.9646 0.9256
vt 0.9564 0.9282
vt 0.9590 0.9296
vt 0.9658 0.9352
vt 0.9663 0.9312
vt 0.9668 0.9273
vt 0.9650 0.9217
vt 0.9673 0.9233
vt 0.9628 0.9201
vt 0.9605 0.9186
vt 0.9576 0.9210
vt 0.9580 0.9172
vt 0.9571 0.9246
vt 0.9681 0.9369
vt 0.9687 0.9330
vt 0.9717 0.9350
vt 0.9707 0.9386
vt 0.9750 0.9370
vt 0.9736 0.9407
vt 0.9695 0.9291
vt 0.9727 0.9310
vt 0.9764 0.9330
vt 0.9681 0.9369
vt 0.9677 0.9406
vt 0.9699 0.9419
vt 0.9723 0.9439
vt 0.9769 0.9429
vt 0.9751 0.9462
vt 0.9787 0.9392
vt 0.9804 0.9351
vt 0.9777 0.9288
vt 0.9821 0.9307
vt 0.9737 0.9268
vt 0.9702 0.9250
vt 0.9709 0.9208
vt 0.9715 0.9164
vt 0.9755 0.9180
vt 0.9746 0.9225
vt 0.9801 0.9198
vt 0.9789 0.9243
vt 0.9721 0.9119
vt 0.9764 0.9134
vt 0.9812 0.9151
vt 0.9678 0.9191
vt 0.9709 0.9208
vt 0.9836 0.9262
vt 0.9850 0.9216
vt 0.9864 0.9169
vt 0.9823 0.9103
vt 0.9877 0.9121
vt 0.9772 0.9088
vt 0.9727 0.9073
vt 0.9687 0.9104
vt 0.9691 0.9059
vt 0.9683 0.9148
vt 0.9732 0.9026
vt 0.9737 0.8978
vt 0.9784 0.8989
vt 0.9778 0.9041
vt 0.9841 0.9003
vt 0.9832 0.9056
vt 0.9740 0.8930
vt 0.9791 0.8941
vt 0.9849 0.8953
vt 0.9695 0.9013
vt 0.9732 0.9026
vt 0.9890 0.9074
vt 0.9903 0.9018
vt 0.9910 0.8966
vt 0.9855 0.8900
vt 0.9919 0.8911
vt 0.9795 0.8891
vt 0.9743 0.8882
vt 0.9700 0.8920
vt 0.9702 0.8872
vt 0.9698 0.8966
vt 0.9744 0.8834
vt 0.9743 0.8786
vt 0.9798 0.8792
vt 0.9798 0.8842
vt 0.9861 0.8797
vt 0.9860 0.8849
vt 0.9740 0.8741
vt 0.9796 0.8743
vt 0.9863 0.8745
vt 0.9701 0.8825
vt 0.9744 0.8834
vt 0.9927 0.8857
vt 0.9933 0.8801
vt 0.9937 0.8746
vt 0.9862 0.8692
vt 0.9938 0.8691
vt 0.9792 0.8693
vt 0.9733 0.8695
vt 0.9699 0.8731
vt 0.9690 0.8689
vt 0.9700 0.8777
vt 0.9728 0.8648
vt 0.9723 0.8601
vt 0.9784 0.8593
vt 0.9788 0.8644
vt 0.9857 0.8587
vt 0.9860 0.8640
vt 0.9719 0.8553
vt 0.9780 0.8542
vt 0.9853 0.8532
vt 0.9683 0.8647
vt 0.9728 0.8648
vt 0.9938 0.8636
vt 0.9937 0.8581
vt 0.9934 0.8523
vt 0.9849 0.8474
vt 0.9929 0.8463
vt 0.9777 0.8488
vt 0.9716 0.8503
vt 0.9675 0.8561
vt 0.9671 0.8515
vt 0.9678 0.8605
vt 0.9845 0.8413
vt 0.9774 0.8430
vt 0.9771 0.8368
vt 0.9840 0.8348
vt 0.9769 0.8303
vt 0.9835 0.8281
vt 0.9714 0.8449
vt 0.9713 0.8390
vt 0.9712 0.8327
vt 0.9845 0.8413
vt 0.9923 0.8399
vt 0.9915 0.8333
vt 0.9905 0.8265
vt 0.9829 0.8212
vt 0.9896 0.8196
vt 0.9767 0.8236
vt 0.9711 0.8261
vt 0.9666 0.8348
vt 0.9665 0.8283
vt 0.9668 0.8409
vt 0.9669 0.8464
vt 0.9640 0.8473
vt 0.9621 0.8475
vt 0.9616 0.8423
vt 0.9636 0.8419
vt 0.9610 0.8365
vt 0.9633 0.8360
vt 0.9608 0.8472
vt 0.9601 0.8421
vt 0.9593 0.8364
vt 0.9643 0.8521
vt 0.9640 0.8473
vt 0.9631 0.8296
vt 0.9605 0.8302
vt 0.9586 0.8302
vt 0.9579 0.8360
vt 0.9569 0.8300
vt 0.9588 0.8416
vt 0.9596 0.8467
vt 0.9614 0.8518
vt 0.9603 0.8512
vt 0.9626 0.8521
vt 0.9582 0.8461
vt 0.9566 0.8454
vt 0.9559 0.8405
vt 0.9574 0.8411
vt 0.9551 0.8352
vt 0.9565 0.8356
vt 0.9549 0.8446
vt 0.9543 0.8399
vt 0.9537 0.8349
vt 0.9589 0.8506
vt 0.9582 0.8461
vt 0.9555 0.8298
vt 0.9542 0.8297
vt 0.9530 0.8297
vt 0.9523 0.8347
vt 0.9518 0.8298
vt 0.9527 0.8394
vt 0.9531 0.8439
vt 0.9554 0.8490
vt 0.9535 0.8481
vt 0.9572 0.8498
vt 0.9513 0.8432
vt 0.9494 0.8425
vt 0.9494 0.8385
vt 0.9511 0.8389
vt 0.9494 0.8344
vt 0.9509 0.8345
vt 0.9474 0.8418
vt 0.9476 0.8381
vt 0.9478 0.8343
vt 0.9515 0.8472
vt 0.9513 0.8432
vt 0.9507 0.8300
vt 0.9495 0.8302
vt 0.9481 0.8304
vt 0.9459 0.8341
vt 0.9463 0.8306
vt 0.9456 0.8377
vt 0.9453 0.8412
vt 0.9473 0.8455
vt 0.9450 0.8447
vt 0.9494 0.8463
vt 0.9437 0.8339
vt 0.9433 0.8372
vt 0.9407 0.8368
vt 0.9411 0.8336
vt 0.9381 0.8362
vt 0.9384 0.8331
vt 0.9429 0.8406
vt 0.9404 0.8400
vt 0.9377 0.8394
vt 0.9437 0.8339
vt 0.9441 0.8306
vt 0.9415 0.8304
vt 0.9387 0.8301
vt 0.9355 0.8326
vt 0.9358 0.8297
vt 0.9352 0.8356
vt 0.9350 0.8387
vt 0.9374 0.8426
vt 0.9347 0.8419
vt 0.9401 0.8433
vt 0.9426 0.8440
vt 0.9371 0.8460
vt 0.9397 0.8468
vt 0.9393 0.8504
vt 0.9367 0.8496
vt 0.9390 0.8540
vt 0.9363 0.8532
vt 0.9423 0.8475
vt 0.9419 0.8512
vt 0.9416 0.8549
vt 0.9371 0.8460
vt 0.9344 0.8452
vt 0.9340 0.8487
vt 0.9336 0.8523
vt 0.9359 0.8569
vt 0.9331 0.8559
vt 0.9386 0.8578
vt 0.9412 0.8587
vt 0.9441 0.8558
vt 0.9437 0.8596
vt 0.9444 0.8520
vt 0.9447 0.8483
vt 0.9465 0.8568
vt 0.9468 0.8530
vt 0.9492 0.8540
vt 0.9489 0.8578
vt 0.9514 0.8550
vt 0.9513 0.8588
vt 0.9471 0.8492
vt 0.9493 0.8502
vt 0.9515 0.8511
vt 0.9465 0.8568
vt 0.9462 0.8606
vt 0.9487 0.8616
vt 0.9511 0.8627
vt 0.9536 0.8598
vt 0.9534 0.8637
vt 0.9537 0.8560
vt 0.9537 0.8521
vt 0.9558 0.8607
vt 0.9559 0.8569
vt 0.9579 0.8577
vt 0.9579 0.8616
vt 0.9597 0.8585
vt 0.9599 0.8623
vt 0.9557 0.8530
vt 0.9576 0.8539
vt 0.9594 0.8546
vt 0.9558 0.8607
vt 0.9558 0.8646
vt 0.9580 0.8654
vt 0.9600 0.8661
vt 0.9615 0.8629
vt 0.9617 0.8667
vt 0.9612 0.8591
vt 0.9608 0.8553
vt 0.9629 0.8634
vt 0.9625 0.8596
vt 0.9636 0.8600
vt 0.9641 0.8638
vt 0.9651 0.8603
vt 0.9657 0.8641
vt 0.9620 0.8558
vt 0.9631 0.8562
vt 0.9646 0.8564
vt 0.9629 0.8634
vt 0.9632 0.8672
vt 0.9645 0.8677
vt 0.9663 0.8681
vt 0.9635 0.8713
vt 0.9651 0.8719
vt 0.9653 0.8764
vt 0.9637 0.8757
vt 0.9654 0.8808
vt 0.9637 0.8800
vt 0.9669 0.8725
vt 0.9671 0.8770
vt 0.9673 0.8816
vt 0.9635 0.8713
vt 0.9619 0.8707
vt 0.9620 0.8749
vt 0.9619 0.8792
vt 0.9637 0.8845
vt 0.9617 0.8836
vt 0.9654 0.8854
vt 0.9674 0.8863
vt 0.9634 0.8890
vt 0.9653 0.8899
vt 0.9650 0.8945
vt 0.9631 0.8934
vt 0.9647 0.8990
vt 0.9627 0.8979
vt 0.9673 0.8909
vt 0.9671 0.8955
vt 0.9668 0.9001
vt 0.9634 0.8890
vt 0.9614 0.8880
vt 0.9610 0.8924
vt 0.9605 0.8968
vt 0.9622 0.9022
vt 0.9600 0.9011
vt 0.9643 0.9034
vt 0.9665 0.9046
vt 0.9618 0.9065
vt 0.9640 0.9077
vt 0.9635 0.9119
vt 0.9613 0.9106
vt 0.9632 0.9161
vt 0.9609 0.9147
vt 0.9661 0.9090
vt 0.9657 0.9133
vt 0.9654 0.9176
vt 0.9618 0.9065
vt 0.9595 0.9053
vt 0.9590 0.9094
vt 0.9585 0.9134
vt 0.9561 0.9121
vt 0.9536 0.9109
vt 0.9542 0.9070
vt 0.9566 0.9082
vt 0.9547 0.9029
vt 0.9571 0.9041
vt 0.9511 0.9097
vt 0.9517 0.9058
vt 0.9522 0.9018
vt 0.9556 0.9160
vt 0.9561 0.9121
vt 0.9577 0.9000
vt 0.9553 0.8988
vt 0.9528 0.8976
vt 0.9497 0.9006
vt 0.9503 0.8965
vt 0.9492 0.9046
vt 0.9486 0.9085
vt 0.9505 0.9135
vt 0.9480 0.9123
vt 0.9531 0.9147
vt 0.9534 0.8935
vt 0.9540 0.8893
vt 0.9564 0.8903
vt 0.9558 0.8946
vt 0.9588 0.8914
vt 0.9582 0.8957
vt 0.9545 0.8850
vt 0.9569 0.8860
vt 0.9592 0.8870
vt 0.9509 0.8923
vt 0.9534 0.8935
vt 0.9596 0.8827
vt 0.9573 0.8817
vt 0.9549 0.8808
vt 0.9520 0.8840
vt 0.9523 0.8798
vt 0.9515 0.8882
vt 0.9552 0.8766
vt 0.9554 0.8725
vt 0.9578 0.8734
vt 0.9576 0.8775
vt 0.9600 0.8742
vt 0.9598 0.8784
vt 0.9556 0.8685
vt 0.9579 0.8693
vt 0.9600 0.8701
vt 0.9527 0.8756
vt 0.9552 0.8766
vt 0.9532 0.8676
vt 0.9530 0.8716
vt 0.9502 0.8746
vt 0.9476 0.8736
vt 0.9480 0.8695
vt 0.9505 0.8706
vt 0.9483 0.8656
vt 0.9508 0.8666
vt 0.9451 0.8725
vt 0.9455 0.8685
vt 0.9458 0.8645
vt 0.9498 0.8787
vt 0.9502 0.8746
vt 0.9433 0.8635
vt 0.9429 0.8674
vt 0.9424 0.8714
vt 0.9447 0.8766
vt 0.9420 0.8755
vt 0.9473 0.8776
vt 0.9407 0.8625
vt 0.9402 0.8664
vt 0.9375 0.8654
vt 0.9381 0.8616
vt 0.9347 0.8644
vt 0.9353 0.8606
vt 0.9397 0.8704
vt 0.9370 0.8694
vt 0.9342 0.8682
vt 0.9407 0.8625
vt 0.9325 0.8596
vt 0.9319 0.8633
vt 0.9312 0.8671
vt 0.9335 0.8723
vt 0.9305 0.8711
vt 0.9365 0.8734
vt 0.9393 0.8745
vt 0.9329 0.8765
vt 0.9359 0.8775
vt 0.9354 0.8817
vt 0.9324 0.8807
vt 0.9348 0.8859
vt 0.9318 0.8849
vt 0.9388 0.8786
vt 0.9382 0.8828
vt 0.9377 0.8868
vt 0.9329 0.8765
vt 0.9299 0.8753
vt 0.9293 0.8796
vt 0.9287 0.8840
vt 0.9312 0.8892
vt 0.9281 0.8883
vt 0.9342 0.8900
vt 0.9369 0.8910
vt 0.9409 0.8874
vt 0.9397 0.8914
vt 0.9413 0.8836
vt 0.9416 0.8796
vt 0.9433 0.8888
vt 0.9440 0.8847
vt 0.9464 0.8859
vt 0.9457 0.8900
vt 0.9489 0.8871
vt 0.9483 0.8912
vt 0.9443 0.8806
vt 0.9469 0.8818
vt 0.9494 0.8829
vt 0.9433 0.8888
vt 0.9425 0.8930
vt 0.9451 0.8941
vt 0.9477 0.8953
vt 0.9419 0.8970
vt 0.9446 0.8981
vt 0.9440 0.9021
vt 0.9414 0.9010
vt 0.9434 0.9061
vt 0.9407 0.9049
vt 0.9472 0.8993
vt 0.9466 0.9033
vt 0.9460 0.9073
vt 0.9419 0.8970
vt 0.9393 0.8959
vt 0.9387 0.8999
vt 0.9380 0.9038
vt 0.9401 0.9087
vt 0.9374 0.9077
vt 0.9428 0.9099
vt 0.9454 0.9111
vt 0.9394 0.9125
vt 0.9421 0.9136
vt 0.9414 0.9171
vt 0.9388 0.9160
vt 0.9407 0.9207
vt 0.9380 0.9196
vt 0.9447 0.9148
vt 0.9441 0.9184
vt 0.9434 0.9219
vt 0.9394 0.9125
vt 0.9367 0.9115
vt 0.9360 0.9151
vt 0.9353 0.9187
vt 0.9371 0.9234
vt 0.9344 0.9225
vt 0.9398 0.9244
vt 0.9424 0.9256
vt 0.9460 0.9231
vt 0.9451 0.9268
vt 0.9467 0.9196
vt 0.9474 0.9160
vt 0.9486 0.9243
vt 0.9493 0.9208
vt 0.9519 0.9220
vt 0.9512 0.9256
vt 0.9545 0.9233
vt 0.9538 0.9268
vt 0.9499 0.9172
vt 0.9525 0.9184
vt 0.9550 0.9197
vt 0.9486 0.9243
vt 0.9477 0.9280
vt 0.9503 0.9292
vt 0.9529 0.9305
vt 0.9465 0.9321
vt 0.9491 0.9333
vt 0.9475 0.9377
vt 0.9449 0.9367
vt 0.9459 0.9425
vt 0.9433 0.9416
vt 0.9516 0.9345
vt 0.9501 0.9388
vt 0.9485 0.9435
vt 0.9465 0.9321
vt 0.9438 0.9310
vt 0.9423 0.9356
vt 0.9407 0.9407
vt 0.9419 0.9467
vt 0.9393 0.9459
vt 0.9445 0.9475
vt 0.9471 0.9483
vt 0.9381 0.9398
vt 0.9354 0.9390
vt 0.9370 0.9337
vt 0.9397 0.9346
vt 0.9385 0.9288
vt 0.9412 0.9298
vt 0.9328 0.9383
vt 0.9343 0.9329
vt 0.9358 0.9278
vt 0.9367 0.9452
vt 0.9381 0.9398
vt 0.9331 0.9270
vt 0.9317 0.9322
vt 0.9302 0.9377
vt 0.9315 0.9440
vt 0.9290 0.9434
vt 0.9341 0.9445
vt 0.9304 0.9265
vt 0.9290 0.9316
vt 0.9264 0.9313
vt 0.9277 0.9261
vt 0.9237 0.9311
vt 0.9249 0.9259
vt 0.9277 0.9372
vt 0.9251 0.9368
vt 0.9226 0.9365
vt 0.9304 0.9265
vt 0.9316 0.9219
vt 0.9289 0.9215
vt 0.9262 0.9213
vt 0.9221 0.9258
vt 0.9233 0.9211
vt 0.9210 0.9309
vt 0.9201 0.9362
vt 0.9218 0.9419
vt 0.9194 0.9416
vt 0.9242 0.9424
vt 0.9266 0.9429
vt 0.9176 0.9360
vt 0.9150 0.9358
vt 0.9157 0.9307
vt 0.9184 0.9308
vt 0.9164 0.9258
vt 0.9193 0.9258
vt 0.9123 0.9358
vt 0.9129 0.9308
vt 0.9135 0.9259
vt 0.9169 0.9412
vt 0.9176 0.9360
vt 0.9204 0.9211
vt 0.9173 0.9211
vt 0.9142 0.9211
vt 0.9105 0.9261
vt 0.9111 0.9215
vt 0.9099 0.9309
vt 0.9095 0.9358
vt 0.9119 0.9407
vt 0.9093 0.9406
vt 0.9145 0.9409
vt 0.9151 0.9167
vt 0.9155 0.9123
vt 0.9187 0.9125
vt 0.9182 0.9167
vt 0.9217 0.9127
vt 0.9212 0.9168
vt 0.9159 0.9079
vt 0.9191 0.9082
vt 0.9222 0.9086
vt 0.9118 0.9169
vt 0.9151 0.9167
vt 0.9242 0.9170
vt 0.9247 0.9131
vt 0.9253 0.9091
vt 0.9227 0.9044
vt 0.9257 0.9050
vt 0.9195 0.9039
vt 0.9163 0.9035
vt 0.9126 0.9077
vt 0.9129 0.9032
vt 0.9122 0.9123
vt 0.9270 0.9172
vt 0.9276 0.9134
vt 0.9305 0.9138
vt 0.9298 0.9176
vt 0.9333 0.9144
vt 0.9326 0.9180
vt 0.9282 0.9095
vt 0.9311 0.9100
vt 0.9339 0.9107
vt 0.9270 0.9172
vt 0.9346 0.9069
vt 0.9317 0.9062
vt 0.9288 0.9055
vt 0.9293 0.9015
vt 0.9300 0.8974
vt 0.9330 0.8981
vt 0.9323 0.9022
vt 0.9359 0.8989
vt 0.9352 0.9029
vt 0.9306 0.8933
vt 0.9336 0.8941
vt 0.9363 0.8948
vt 0.9263 0.9009
vt 0.9293 0.9015
vt 0.9275 0.8926
vt 0.9269 0.8967
vt 0.9232 0.9003
vt 0.9200 0.8997
vt 0.9205 0.8954
vt 0.9237 0.8961
vt 0.9211 0.8910
vt 0.9243 0.8918
vt 0.9167 0.8992
vt 0.9172 0.8948
vt 0.9177 0.8903
vt 0.9232 0.9003
vt 0.9249 0.8875
vt 0.9217 0.8866
vt 0.9183 0.8858
vt 0.9143 0.8896
vt 0.9148 0.8850
vt 0.9138 0.8942
vt 0.9134 0.8987
vt 0.9189 0.8811
vt 0.9196 0.8764
vt 0.9229 0.8774
vt 0.9223 0.8820
vt 0.9262 0.8786
vt 0.9256 0.8830
vt 0.9203 0.8718
vt 0.9236 0.8729
vt 0.9268 0.8741
vt 0.9154 0.8802
vt 0.9189 0.8811
vt 0.9275 0.8699
vt 0.9243 0.8687
vt 0.9211 0.8674
vt 0.9168 0.8707
vt 0.9177 0.8663
vt 0.9161 0.8753
vt 0.9219 0.8634
vt 0.9228 0.8597
vt 0.9259 0.8609
vt 0.9251 0.8647
vt 0.9290 0.8621
vt 0.9282 0.8659
vt 0.9236 0.8561
vt 0.9267 0.8573
vt 0.9296 0.8585
vt 0.9186 0.8623
vt 0.9219 0.8634
vt 0.9302 0.8549
vt 0.9273 0.8538
vt 0.9242 0.8527
vt 0.9202 0.8550
vt 0.9210 0.8515
vt 0.9194 0.8585
vt 0.9248 0.8492
vt 0.9253 0.8458
vt 0.9283 0.8468
vt 0.9278 0.8503
vt 0.9312 0.8478
vt 0.9308 0.8513
vt 0.9257 0.8424
vt 0.9287 0.8434
vt 0.9316 0.8444
vt 0.9215 0.8481
vt 0.9248 0.8492
vt 0.9319 0.8411
vt 0.9290 0.8401
vt 0.9260 0.8391
vt 0.9225 0.8413
vt 0.9229 0.8380
vt 0.9220 0.8447
vt 0.9321 0.8379
vt 0.9292 0.8370
vt 0.9294 0.8340
vt 0.9324 0.8349
vt 0.9296 0.8311
vt 0.9326 0.8319
vt 0.9262 0.8360
vt 0.9265 0.8330
vt 0.9266 0.8302
vt 0.9321 0.8379
vt 0.9328 0.8290
vt 0.9298 0.8283
vt 0.9268 0.8274
vt 0.9237 0.8291
vt 0.9239 0.8264
vt 0.9235 0.8320
vt 0.9232 0.8349
vt 0.9208 0.8280
vt 0.9205 0.8308
vt 0.9174 0.8296
vt 0.9180 0.8268
vt 0.9145 0.8284
vt 0.9152 0.8256
vt 0.9201 0.8338
vt 0.9169 0.8326
vt 0.9137 0.8313
vt 0.9208 0.8280
vt 0.9211 0.8252
vt 0.9185 0.8240
vt 0.9158 0.8229
vt 0.9124 0.8245
vt 0.9133 0.8218
vt 0.9115 0.8272
vt 0.9106 0.8300
vt 0.9129 0.8344
vt 0.9096 0.8330
vt 0.9163 0.8357
vt 0.9196 0.8369
vt 0.9121 0.8376
vt 0.9156 0.8390
vt 0.9149 0.8423
vt 0.9112 0.8410
vt 0.9142 0.8458
vt 0.9103 0.8444
vt 0.9191 0.8402
vt 0.9186 0.8435
vt 0.9180 0.8470
vt 0.9121 0.8376
vt 0.9085 0.8362
vt 0.9074 0.8395
vt 0.9064 0.8429
vt 0.9095 0.8479
vt 0.9055 0.8465
vt 0.9135 0.8493
vt 0.9174 0.8504
vt 0.9088 0.8516
vt 0.9128 0.8528
vt 0.9121 0.8564
vt 0.9081 0.8554
vt 0.9113 0.8602
vt 0.9073 0.8593
vt 0.9167 0.8539
vt 0.9159 0.8574
vt 0.9150 0.8612
vt 0.9088 0.8516
vt 0.9047 0.8502
vt 0.9039 0.8541
vt 0.9031 0.8583
vt 0.9064 0.8635
vt 0.9022 0.8626
vt 0.9104 0.8643
vt 0.9141 0.8652
vt 0.9055 0.8680
vt 0.9095 0.8688
vt 0.9087 0.8736
vt 0.9048 0.8729
vt 0.9081 0.8786
vt 0.9042 0.8780
vt 0.9132 0.8697
vt 0.9125 0.8744
vt 0.9118 0.8794
vt 0.9055 0.8680
vt 0.9013 0.8673
vt 0.9006 0.8722
vt 0.9001 0.8774
vt 0.9037 0.8831
vt 0.8997 0.8826
vt 0.9075 0.8837
vt 0.9112 0.8843
vt 0.9034 0.8882
vt 0.9072 0.8885
vt 0.9067 0.8934
vt 0.9030 0.8932
vt 0.9063 0.8982
vt 0.9027 0.8982
vt 0.9108 0.8891
vt 0.9103 0.8937
vt 0.9099 0.8984
vt 0.9034 0.8882
vt 0.8994 0.8878
vt 0.8992 0.8930
vt 0.8990 0.8981
vt 0.9026 0.9031
vt 0.8991 0.9032
vt 0.9061 0.9030
vt 0.9095 0.9031
vt 0.9023 0.9081
vt 0.9057 0.9079
vt 0.9054 0.9129
vt 0.9019 0.9133
vt 0.9050 0.9178
vt 0.9015 0.9185
vt 0.9092 0.9078
vt 0.9088 0.9125
vt 0.9083 0.9171
vt 0.9023 0.9081
vt 0.8989 0.9084
vt 0.8986 0.9137
vt 0.8980 0.9189
vt 0.9009 0.9235
vt 0.8977 0.9243
vt 0.9041 0.9225
vt 0.9076 0.9218
vt 0.9003 0.9280
vt 0.9037 0.9272
vt 0.9035 0.9319
vt 0.9003 0.9326
vt 0.9034 0.9365
vt 0.9004 0.9370
vt 0.9072 0.9266
vt 0.9068 0.9314
vt 0.9065 0.9361
vt 0.9003 0.9280
vt 0.8973 0.9291
vt 0.8972 0.9334
vt 0.8975 0.9376
vt 0.9007 0.9411
vt 0.8979 0.9415
vt 0.9036 0.9408
vt 0.9065 0.9406
vt 0.8886 0.9313
vt 0.8915 0.9306
vt 0.8918 0.9349
vt 0.8890 0.9356
vt 0.8922 0.9389
vt 0.8895 0.9397
vt 0.8944 0.9298
vt 0.8945 0.9343
vt 0.8948 0.9383
vt 0.8851 0.9276
vt 0.8884 0.9266
vt 0.8886 0.9313
vt 0.8856 0.9323
vt 0.8861 0.9366
vt 0.8867 0.9406
vt 0.8903 0.9434
vt 0.8876 0.9443
vt 0.8928 0.9427
vt 0.8953 0.9421
vt 0.8946 0.9250
vt 0.8915 0.9258
vt 0.8881 0.9214
vt 0.8879 0.9159
vt 0.8915 0.9151
vt 0.8915 0.9207
vt 0.8952 0.9145
vt 0.8948 0.9200
vt 0.8878 0.9102
vt 0.8915 0.9094
vt 0.8952 0.9088
vt 0.8847 0.9224
vt 0.8881 0.9214
vt 0.8954 0.9033
vt 0.8915 0.9038
vt 0.8876 0.9045
vt 0.8839 0.9112
vt 0.8835 0.9054
vt 0.8843 0.9169
vt 0.8873 0.8989
vt 0.8870 0.8933
vt 0.8913 0.8929
vt 0.8914 0.8984
vt 0.8954 0.8928
vt 0.8953 0.8980
vt 0.8868 0.8877
vt 0.8911 0.8875
vt 0.8954 0.8876
vt 0.8831 0.8997
vt 0.8873 0.8989
vt 0.8955 0.8822
vt 0.8912 0.8819
vt 0.8867 0.8820
vt 0.8824 0.8882
vt 0.8821 0.8824
vt 0.8828 0.8940
vt 0.8867 0.8762
vt 0.8870 0.8704
vt 0.8917 0.8709
vt 0.8914 0.8764
vt 0.8963 0.8716
vt 0.8958 0.8768
vt 0.8874 0.8649
vt 0.8922 0.8656
vt 0.8969 0.8665
vt 0.8821 0.8765
vt 0.8867 0.8762
vt 0.8977 0.8616
vt 0.8930 0.8606
vt 0.8882 0.8596
vt 0.8828 0.8647
vt 0.8834 0.8591
vt 0.8823 0.8705
vt 0.8893 0.8546
vt 0.8907 0.8499
vt 0.8952 0.8513
vt 0.8940 0.8558
vt 0.8996 0.8528
vt 0.8987 0.8571
vt 0.8922 0.8455
vt 0.8964 0.8471
vt 0.9005 0.8487
vt 0.8846 0.8539
vt 0.8893 0.8546
vt 0.9015 0.8449
vt 0.8976 0.8432
vt 0.8935 0.8412
vt 0.8877 0.8442
vt 0.8888 0.8386
vt 0.8862 0.8490
vt 0.8952 0.8375
vt 0.8968 0.8342
vt 0.9002 0.8362
vt 0.8988 0.8396
vt 0.9038 0.8380
vt 0.9026 0.8414
vt 0.8984 0.8311
vt 0.9016 0.8331
vt 0.9050 0.8347
vt 0.8916 0.8349
vt 0.8952 0.8375
vt 0.9063 0.8316
vt 0.9031 0.8301
vt 0.9000 0.8283
vt 0.8955 0.8288
vt 0.8972 0.8263
vt 0.8936 0.8317
vt 0.9046 0.8216
vt 0.9071 0.8226
vt 0.9058 0.8249
vt 0.9032 0.8236
vt 0.9045 0.8274
vt 0.9016 0.8258
vt 0.9097 0.8235
vt 0.9086 0.8260
vt 0.9075 0.8287
vt 0.9037 0.8188
vt 0.9059 0.8197
vt 0.9046 0.8216
vt 0.9023 0.8204
vt 0.9007 0.8221
vt 0.8990 0.8241
vt 0.9107 0.8211
vt 0.9083 0.8204
vt 0.9655 0.9511
vt 0.9656 0.9485
vt 0.9661 0.9493
vt 0.9663 0.9511
vt 0.9672 0.9506
vt 0.9666 0.9482
vt 0.9659 0.9461
vt 0.9655 0.9511
vt 0.9657 0.9539
vt 0.9667 0.9537
vt 0.9693 0.9526
vt 0.9679 0.9533
vt 0.9672 0.9506
vt 0.9682 0.9498
vt 0.9674 0.9471
vt 0.9667 0.9442
vt 0.9659 0.9461
vt 0.9601 0.6487
vt 0.9611 0.6479
vt 0.9615 0.6500
vt 0.9610 0.6514
vt 0.9622 0.6533
vt 0.9621 0.6505
vt 0.9620 0.6478
vt 0.9576 0.6464
vt 0.9593 0.6457
vt 0.9601 0.6487
vt 0.9587 0.6499
vt 0.9601 0.6532
vt 0.9606 0.6452
vt 0.9638 0.6583
vt 0.9617 0.6561
vt 0.9622 0.6533
vt 0.9633 0.6539
vt 0.9630 0.6507
vt 0.9626 0.6448
vt 0.9628 0.6478
vt 0.9620 0.6478
vt 0.9616 0.6450
vt 0.9569 0.6511
vt 0.9585 0.6548
vt 0.9563 0.6563
vt 0.9547 0.6522
vt 0.9538 0.6577
vt 0.9522 0.6534
vt 0.9602 0.6584
vt 0.9579 0.6602
vt 0.9554 0.6617
vt 0.9569 0.6511
vt 0.9556 0.6471
vt 0.9533 0.6480
vt 0.9507 0.6489
vt 0.9496 0.6545
vt 0.9481 0.6499
vt 0.9512 0.6589
vt 0.9528 0.6631
vt 0.9567 0.6655
vt 0.9542 0.6670
vt 0.9592 0.6638
vt 0.9615 0.6618
vt 0.9576 0.6690
vt 0.9600 0.6674
vt 0.9605 0.6709
vt 0.9582 0.6726
vt 0.9610 0.6746
vt 0.9587 0.6762
vt 0.9622 0.6654
vt 0.9627 0.6692
vt 0.9631 0.6730
vt 0.9576 0.6690
vt 0.9551 0.6706
vt 0.9557 0.6741
vt 0.9562 0.6777
vt 0.9592 0.6800
vt 0.9568 0.6814
vt 0.9614 0.6785
vt 0.9636 0.6769
vt 0.9654 0.6712
vt 0.9659 0.6752
vt 0.9648 0.6673
vt 0.9643 0.6634
vt 0.9665 0.6616
vt 0.9690 0.6598
vt 0.9700 0.6635
vt 0.9672 0.6655
vt 0.9711 0.6674
vt 0.9680 0.6694
vt 0.9719 0.6577
vt 0.9733 0.6613
vt 0.9747 0.6653
vt 0.9661 0.6580
vt 0.9665 0.6616
vt 0.9688 0.6734
vt 0.9722 0.6715
vt 0.9761 0.6695
vt 0.9788 0.6631
vt 0.9804 0.6674
vt 0.9770 0.6591
vt 0.9752 0.6554
vt 0.9706 0.6546
vt 0.9733 0.6522
vt 0.9682 0.6566
vt 0.9695 0.6776
vt 0.9731 0.6758
vt 0.9741 0.6802
vt 0.9702 0.6820
vt 0.9750 0.6848
vt 0.9708 0.6864
vt 0.9774 0.6738
vt 0.9786 0.6783
vt 0.9797 0.6830
vt 0.9695 0.6776
vt 0.9665 0.6793
vt 0.9670 0.6836
vt 0.9675 0.6880
vt 0.9714 0.6910
vt 0.9679 0.6925
vt 0.9758 0.6894
vt 0.9809 0.6877
vt 0.9849 0.6811
vt 0.9863 0.6859
vt 0.9834 0.6764
vt 0.9820 0.6719
vt 0.9720 0.6956
vt 0.9764 0.6942
vt 0.9773 0.6990
vt 0.9725 0.7002
vt 0.9778 0.7038
vt 0.9729 0.7050
vt 0.9821 0.6920
vt 0.9828 0.6976
vt 0.9834 0.7026
vt 0.9720 0.6956
vt 0.9684 0.6969
vt 0.9687 0.7015
vt 0.9689 0.7061
vt 0.9732 0.7098
vt 0.9691 0.7108
vt 0.9783 0.7089
vt 0.9844 0.7082
vt 0.9903 0.7012
vt 0.9913 0.7066
vt 0.9890 0.6961
vt 0.9876 0.6906
vt 0.9733 0.7145
vt 0.9787 0.7137
vt 0.9788 0.7186
vt 0.9734 0.7192
vt 0.9786 0.7235
vt 0.9731 0.7237
vt 0.9848 0.7129
vt 0.9851 0.7181
vt 0.9852 0.7232
vt 0.9733 0.7145
vt 0.9692 0.7154
vt 0.9691 0.7201
vt 0.9690 0.7247
vt 0.9724 0.7283
vt 0.9681 0.7289
vt 0.9783 0.7284
vt 0.9852 0.7284
vt 0.9925 0.7229
vt 0.9927 0.7284
vt 0.9924 0.7175
vt 0.9919 0.7120
vt 0.9719 0.7330
vt 0.9779 0.7334
vt 0.9775 0.7384
vt 0.9715 0.7377
vt 0.9772 0.7434
vt 0.9711 0.7424
vt 0.9851 0.7336
vt 0.9847 0.7389
vt 0.9844 0.7444
vt 0.9719 0.7330
vt 0.9674 0.7331
vt 0.9670 0.7373
vt 0.9667 0.7417
vt 0.9709 0.7474
vt 0.9664 0.7463
vt 0.9769 0.7488
vt 0.9841 0.7501
vt 0.9925 0.7451
vt 0.9921 0.7511
vt 0.9927 0.7394
vt 0.9928 0.7339
vt 0.9837 0.7562
vt 0.9833 0.7626
vt 0.9765 0.7607
vt 0.9767 0.7546
vt 0.9706 0.7586
vt 0.9707 0.7528
vt 0.9828 0.7693
vt 0.9763 0.7672
vt 0.9706 0.7649
vt 0.9915 0.7574
vt 0.9837 0.7562
vt 0.9662 0.7513
vt 0.9661 0.7569
vt 0.9661 0.7629
vt 0.9706 0.7714
vt 0.9660 0.7693
vt 0.9761 0.7739
vt 0.9824 0.7762
vt 0.9899 0.7708
vt 0.9890 0.7776
vt 0.9907 0.7640
vt 0.9633 0.7505
vt 0.9630 0.7559
vt 0.9610 0.7556
vt 0.9614 0.7503
vt 0.9595 0.7558
vt 0.9601 0.7506
vt 0.9628 0.7618
vt 0.9605 0.7614
vt 0.9588 0.7615
vt 0.9633 0.7505
vt 0.9635 0.7458
vt 0.9618 0.7457
vt 0.9607 0.7461
vt 0.9589 0.7512
vt 0.9596 0.7467
vt 0.9582 0.7563
vt 0.9573 0.7619
vt 0.9581 0.7676
vt 0.9564 0.7679
vt 0.9600 0.7676
vt 0.9626 0.7681
vt 0.9576 0.7519
vt 0.9568 0.7569
vt 0.9553 0.7574
vt 0.9560 0.7526
vt 0.9538 0.7580
vt 0.9543 0.7534
vt 0.9559 0.7623
vt 0.9545 0.7627
vt 0.9531 0.7630
vt 0.9576 0.7519
vt 0.9582 0.7474
vt 0.9566 0.7482
vt 0.9548 0.7490
vt 0.9525 0.7541
vt 0.9529 0.7499
vt 0.9522 0.7586
vt 0.9517 0.7633
vt 0.9525 0.7683
vt 0.9514 0.7682
vt 0.9537 0.7683
vt 0.9550 0.7681
vt 0.9507 0.7549
vt 0.9506 0.7591
vt 0.9489 0.7596
vt 0.9489 0.7556
vt 0.9471 0.7600
vt 0.9469 0.7563
vt 0.9504 0.7635
vt 0.9489 0.7636
vt 0.9473 0.7638
vt 0.9507 0.7549
vt 0.9509 0.7509
vt 0.9488 0.7517
vt 0.9467 0.7526
vt 0.9448 0.7569
vt 0.9444 0.7534
vt 0.9451 0.7605
vt 0.9454 0.7640
vt 0.9476 0.7676
vt 0.9458 0.7675
vt 0.9490 0.7678
vt 0.9502 0.7680
vt 0.9432 0.7642
vt 0.9407 0.7646
vt 0.9403 0.7614
vt 0.9428 0.7609
vt 0.9399 0.7582
vt 0.9424 0.7576
vt 0.9379 0.7651
vt 0.9376 0.7620
vt 0.9372 0.7588
vt 0.9436 0.7676
vt 0.9432 0.7642
vt 0.9420 0.7541
vt 0.9395 0.7549
vt 0.9368 0.7556
vt 0.9344 0.7596
vt 0.9341 0.7564
vt 0.9347 0.7627
vt 0.9350 0.7657
vt 0.9383 0.7682
vt 0.9353 0.7687
vt 0.9411 0.7678
vt 0.9365 0.7522
vt 0.9361 0.7487
vt 0.9387 0.7478
vt 0.9391 0.7514
vt 0.9413 0.7470
vt 0.9416 0.7506
vt 0.9357 0.7451
vt 0.9383 0.7442
vt 0.9409 0.7433
vt 0.9338 0.7531
vt 0.9365 0.7522
vt 0.9441 0.7498
vt 0.9437 0.7461
vt 0.9434 0.7423
vt 0.9405 0.7395
vt 0.9430 0.7385
vt 0.9379 0.7405
vt 0.9352 0.7414
vt 0.9330 0.7460
vt 0.9325 0.7424
vt 0.9334 0.7496
vt 0.9458 0.7414
vt 0.9482 0.7403
vt 0.9485 0.7441
vt 0.9462 0.7451
vt 0.9487 0.7479
vt 0.9464 0.7489
vt 0.9506 0.7393
vt 0.9507 0.7431
vt 0.9509 0.7470
vt 0.9455 0.7375
vt 0.9458 0.7414
vt 0.9530 0.7460
vt 0.9530 0.7421
vt 0.9528 0.7383
vt 0.9503 0.7355
vt 0.9527 0.7345
vt 0.9479 0.7365
vt 0.9551 0.7373
vt 0.9571 0.7365
vt 0.9571 0.7403
vt 0.9551 0.7412
vt 0.9570 0.7441
vt 0.9551 0.7450
vt 0.9590 0.7357
vt 0.9590 0.7395
vt 0.9586 0.7433
vt 0.9550 0.7335
vt 0.9551 0.7373
vt 0.9601 0.7426
vt 0.9605 0.7389
vt 0.9607 0.7351
vt 0.9592 0.7319
vt 0.9609 0.7313
vt 0.9572 0.7327
vt 0.9620 0.7346
vt 0.9633 0.7341
vt 0.9628 0.7379
vt 0.9617 0.7383
vt 0.9623 0.7417
vt 0.9612 0.7421
vt 0.9648 0.7338
vt 0.9643 0.7376
vt 0.9639 0.7415
vt 0.9624 0.7307
vt 0.9620 0.7346
vt 0.9654 0.7298
vt 0.9636 0.7302
vt 0.9627 0.7267
vt 0.9629 0.7223
vt 0.9644 0.7216
vt 0.9642 0.7260
vt 0.9662 0.7209
vt 0.9661 0.7254
vt 0.9628 0.7180
vt 0.9644 0.7172
vt 0.9663 0.7163
vt 0.9611 0.7273
vt 0.9627 0.7267
vt 0.9664 0.7117
vt 0.9644 0.7127
vt 0.9627 0.7136
vt 0.9610 0.7188
vt 0.9608 0.7145
vt 0.9611 0.7231
vt 0.9624 0.7091
vt 0.9620 0.7047
vt 0.9639 0.7037
vt 0.9642 0.7082
vt 0.9660 0.7026
vt 0.9662 0.7072
vt 0.9616 0.7004
vt 0.9636 0.6993
vt 0.9657 0.6981
vt 0.9605 0.7101
vt 0.9624 0.7091
vt 0.9653 0.6938
vt 0.9632 0.6950
vt 0.9611 0.6961
vt 0.9595 0.7015
vt 0.9589 0.6973
vt 0.9600 0.7058
vt 0.9606 0.6919
vt 0.9601 0.6879
vt 0.9623 0.6866
vt 0.9628 0.6907
vt 0.9645 0.6851
vt 0.9649 0.6894
vt 0.9596 0.6839
vt 0.9619 0.6824
vt 0.9641 0.6809
vt 0.9584 0.6932
vt 0.9606 0.6919
vt 0.9573 0.6852
vt 0.9578 0.6892
vt 0.9549 0.6865
vt 0.9555 0.6904
vt 0.9531 0.6916
vt 0.9524 0.6877
vt 0.9506 0.6928
vt 0.9500 0.6889
vt 0.9561 0.6943
vt 0.9537 0.6955
vt 0.9512 0.6967
vt 0.9549 0.6865
vt 0.9543 0.6827
vt 0.9519 0.6840
vt 0.9494 0.6852
vt 0.9475 0.6901
vt 0.9468 0.6864
vt 0.9481 0.6940
vt 0.9487 0.6979
vt 0.9518 0.7007
vt 0.9494 0.7019
vt 0.9543 0.6996
vt 0.9566 0.6984
vt 0.9524 0.7048
vt 0.9549 0.7037
vt 0.9555 0.7079
vt 0.9530 0.7090
vt 0.9560 0.7121
vt 0.9536 0.7132
vt 0.9572 0.7026
vt 0.9578 0.7068
vt 0.9583 0.7111
vt 0.9524 0.7048
vt 0.9500 0.7060
vt 0.9505 0.7101
vt 0.9511 0.7143
vt 0.9540 0.7174
vt 0.9515 0.7184
vt 0.9564 0.7164
vt 0.9587 0.7154
vt 0.9543 0.7215
vt 0.9567 0.7206
vt 0.9569 0.7247
vt 0.9546 0.7256
vt 0.9571 0.7287
vt 0.9548 0.7296
vt 0.9590 0.7197
vt 0.9591 0.7239
vt 0.9592 0.7280
vt 0.9543 0.7215
vt 0.9519 0.7225
vt 0.9522 0.7266
vt 0.9524 0.7305
vt 0.9494 0.7236
vt 0.9497 0.7276
vt 0.9472 0.7286
vt 0.9469 0.7246
vt 0.9447 0.7297
vt 0.9443 0.7257
vt 0.9500 0.7315
vt 0.9476 0.7326
vt 0.9451 0.7337
vt 0.9494 0.7236
vt 0.9490 0.7195
vt 0.9465 0.7206
vt 0.9439 0.7217
vt 0.9417 0.7268
vt 0.9412 0.7228
vt 0.9422 0.7308
vt 0.9426 0.7347
vt 0.9400 0.7357
vt 0.9374 0.7367
vt 0.9368 0.7329
vt 0.9395 0.7318
vt 0.9363 0.7290
vt 0.9390 0.7279
vt 0.9346 0.7377
vt 0.9340 0.7339
vt 0.9335 0.7301
vt 0.9400 0.7357
vt 0.9385 0.7239
vt 0.9358 0.7250
vt 0.9330 0.7261
vt 0.9307 0.7313
vt 0.9299 0.7273
vt 0.9312 0.7351
vt 0.9319 0.7388
vt 0.9323 0.7220
vt 0.9317 0.7178
vt 0.9346 0.7168
vt 0.9353 0.7209
vt 0.9375 0.7157
vt 0.9381 0.7198
vt 0.9312 0.7136
vt 0.9342 0.7126
vt 0.9370 0.7116
vt 0.9293 0.7232
vt 0.9323 0.7220
vt 0.9408 0.7187
vt 0.9403 0.7146
vt 0.9397 0.7106
vt 0.9364 0.7077
vt 0.9391 0.7067
vt 0.9335 0.7085
vt 0.9306 0.7094
vt 0.9281 0.7146
vt 0.9275 0.7103
vt 0.9287 0.7189
vt 0.9423 0.7095
vt 0.9449 0.7084
vt 0.9455 0.7124
vt 0.9429 0.7135
vt 0.9460 0.7165
vt 0.9435 0.7176
vt 0.9475 0.7072
vt 0.9480 0.7113
vt 0.9486 0.7154
vt 0.9417 0.7055
vt 0.9423 0.7095
vt 0.9469 0.7031
vt 0.9443 0.7044
vt 0.9411 0.7015
vt 0.9404 0.6976
vt 0.9430 0.6964
vt 0.9437 0.7004
vt 0.9456 0.6952
vt 0.9462 0.6991
vt 0.9398 0.6938
vt 0.9424 0.6926
vt 0.9450 0.6914
vt 0.9384 0.7026
vt 0.9411 0.7015
vt 0.9443 0.6876
vt 0.9417 0.6889
vt 0.9391 0.6900
vt 0.9371 0.6948
vt 0.9364 0.6911
vt 0.9378 0.6987
vt 0.9384 0.6864
vt 0.9377 0.6829
vt 0.9403 0.6817
vt 0.9410 0.6852
vt 0.9430 0.6805
vt 0.9436 0.6840
vt 0.9369 0.6794
vt 0.9396 0.6783
vt 0.9422 0.6771
vt 0.9357 0.6874
vt 0.9384 0.6864
vt 0.9462 0.6828
vt 0.9455 0.6793
vt 0.9448 0.6759
vt 0.9412 0.6734
vt 0.9439 0.6722
vt 0.9386 0.6746
vt 0.9359 0.6756
vt 0.9342 0.6803
vt 0.9332 0.6765
vt 0.9350 0.6838
vt 0.9474 0.6746
vt 0.9500 0.6733
vt 0.9507 0.6768
vt 0.9481 0.6781
vt 0.9513 0.6803
vt 0.9488 0.6816
vt 0.9526 0.6720
vt 0.9532 0.6755
vt 0.9538 0.6791
vt 0.9464 0.6710
vt 0.9474 0.6746
vt 0.9516 0.6684
vt 0.9490 0.6697
vt 0.9451 0.6669
vt 0.9435 0.6624
vt 0.9460 0.6613
vt 0.9476 0.6657
vt 0.9486 0.6601
vt 0.9502 0.6644
vt 0.9418 0.6575
vt 0.9444 0.6566
vt 0.9470 0.6555
vt 0.9425 0.6681
vt 0.9451 0.6669
vt 0.9454 0.6508
vt 0.9429 0.6517
vt 0.9403 0.6525
vt 0.9392 0.6585
vt 0.9377 0.6533
vt 0.9409 0.6635
vt 0.9366 0.6594
vt 0.9383 0.6645
vt 0.9356 0.6655
vt 0.9340 0.6602
vt 0.9330 0.6664
vt 0.9314 0.6610
vt 0.9399 0.6693
vt 0.9372 0.6704
vt 0.9346 0.6713
vt 0.9366 0.6594
vt 0.9352 0.6541
vt 0.9326 0.6548
vt 0.9301 0.6555
vt 0.9289 0.6617
vt 0.9276 0.6561
vt 0.9304 0.6671
vt 0.9319 0.6721
vt 0.9293 0.6727
vt 0.9266 0.6731
vt 0.9252 0.6680
vt 0.9278 0.6676
vt 0.9239 0.6626
vt 0.9264 0.6622
vt 0.9239 0.6733
vt 0.9226 0.6683
vt 0.9214 0.6630
vt 0.9305 0.6771
vt 0.9293 0.6727
vt 0.9252 0.6567
vt 0.9228 0.6571
vt 0.9205 0.6576
vt 0.9190 0.6633
vt 0.9181 0.6580
vt 0.9200 0.6685
vt 0.9212 0.6735
vt 0.9250 0.6778
vt 0.9222 0.6780
vt 0.9278 0.6776
vt 0.9165 0.6635
vt 0.9174 0.6687
vt 0.9147 0.6688
vt 0.9139 0.6638
vt 0.9119 0.6688
vt 0.9113 0.6639
vt 0.9184 0.6736
vt 0.9155 0.6737
vt 0.9127 0.6735
vt 0.9165 0.6635
vt 0.9157 0.6584
vt 0.9133 0.6588
vt 0.9108 0.6591
vt 0.9085 0.6639
vt 0.9082 0.6593
vt 0.9090 0.6687
vt 0.9096 0.6734
vt 0.9135 0.6781
vt 0.9103 0.6780
vt 0.9165 0.6782
vt 0.9194 0.6781
vt 0.9141 0.6825
vt 0.9172 0.6824
vt 0.9178 0.6866
vt 0.9147 0.6868
vt 0.9183 0.6908
vt 0.9152 0.6911
vt 0.9202 0.6823
vt 0.9208 0.6863
vt 0.9214 0.6903
vt 0.9141 0.6825
vt 0.9109 0.6824
vt 0.9115 0.6868
vt 0.9119 0.6913
vt 0.9156 0.6955
vt 0.9123 0.6958
vt 0.9188 0.6950
vt 0.9219 0.6944
vt 0.9244 0.6899
vt 0.9249 0.6939
vt 0.9238 0.6859
vt 0.9231 0.6820
vt 0.9259 0.6818
vt 0.9287 0.6815
vt 0.9295 0.6852
vt 0.9266 0.6856
vt 0.9302 0.6889
vt 0.9273 0.6894
vt 0.9315 0.6810
vt 0.9323 0.6846
vt 0.9330 0.6882
vt 0.9259 0.6818
vt 0.9279 0.6933
vt 0.9308 0.6927
vt 0.9336 0.6919
vt 0.9286 0.6972
vt 0.9315 0.6965
vt 0.9322 0.7005
vt 0.9292 0.7012
vt 0.9328 0.7045
vt 0.9299 0.7053
vt 0.9343 0.6958
vt 0.9350 0.6997
vt 0.9357 0.7036
vt 0.9286 0.6972
vt 0.9255 0.6979
vt 0.9262 0.7020
vt 0.9268 0.7061
vt 0.9225 0.6986
vt 0.9231 0.7027
vt 0.9199 0.7035
vt 0.9193 0.6992
vt 0.9166 0.7042
vt 0.9161 0.6998
vt 0.9237 0.7069
vt 0.9205 0.7078
vt 0.9172 0.7085
vt 0.9225 0.6986
vt 0.9128 0.7003
vt 0.9133 0.7048
vt 0.9138 0.7093
vt 0.9178 0.7130
vt 0.9144 0.7139
vt 0.9211 0.7121
vt 0.9243 0.7112
vt 0.9184 0.7177
vt 0.9218 0.7166
vt 0.9224 0.7212
vt 0.9191 0.7223
vt 0.9231 0.7257
vt 0.9198 0.7269
vt 0.9250 0.7156
vt 0.9256 0.7200
vt 0.9263 0.7244
vt 0.9184 0.7177
vt 0.9150 0.7186
vt 0.9156 0.7234
vt 0.9163 0.7280
vt 0.9206 0.7312
vt 0.9172 0.7323
vt 0.9238 0.7299
vt 0.9269 0.7286
vt 0.9214 0.7351
vt 0.9246 0.7339
vt 0.9254 0.7376
vt 0.9223 0.7388
vt 0.9261 0.7412
vt 0.9231 0.7424
vt 0.9277 0.7326
vt 0.9284 0.7364
vt 0.9290 0.7399
vt 0.9214 0.7351
vt 0.9181 0.7363
vt 0.9190 0.7400
vt 0.9198 0.7435
vt 0.9237 0.7458
vt 0.9205 0.7469
vt 0.9267 0.7446
vt 0.9296 0.7435
vt 0.9242 0.7492
vt 0.9273 0.7481
vt 0.9277 0.7516
vt 0.9247 0.7526
vt 0.9281 0.7550
vt 0.9251 0.7560
vt 0.9302 0.7470
vt 0.9306 0.7506
vt 0.9310 0.7540
vt 0.9242 0.7492
vt 0.9210 0.7504
vt 0.9215 0.7538
vt 0.9219 0.7571
vt 0.9254 0.7593
vt 0.9223 0.7604
vt 0.9284 0.7583
vt 0.9313 0.7573
vt 0.9316 0.7604
vt 0.9318 0.7635
vt 0.9289 0.7644
vt 0.9287 0.7614
vt 0.9259 0.7654
vt 0.9257 0.7624
vt 0.9321 0.7664
vt 0.9291 0.7673
vt 0.9261 0.7683
vt 0.9316 0.7604
vt 0.9226 0.7635
vt 0.9229 0.7665
vt 0.9232 0.7694
vt 0.9263 0.7711
vt 0.9234 0.7722
vt 0.9293 0.7701
vt 0.9323 0.7693
vt 0.9203 0.7706
vt 0.9174 0.7719
vt 0.9169 0.7690
vt 0.9199 0.7677
vt 0.9163 0.7660
vt 0.9195 0.7647
vt 0.9146 0.7731
vt 0.9139 0.7703
vt 0.9131 0.7674
vt 0.9206 0.7734
vt 0.9203 0.7706
vt 0.9190 0.7616
vt 0.9157 0.7629
vt 0.9123 0.7643
vt 0.9100 0.7688
vt 0.9090 0.7657
vt 0.9109 0.7716
vt 0.9119 0.7743
vt 0.9153 0.7758
vt 0.9127 0.7770
vt 0.9179 0.7746
vt 0.9115 0.7610
vt 0.9106 0.7577
vt 0.9144 0.7563
vt 0.9151 0.7597
vt 0.9181 0.7550
vt 0.9186 0.7584
vt 0.9098 0.7542
vt 0.9137 0.7528
vt 0.9175 0.7516
vt 0.9079 0.7625
vt 0.9115 0.7610
vt 0.9169 0.7481
vt 0.9131 0.7493
vt 0.9090 0.7506
vt 0.9058 0.7557
vt 0.9049 0.7520
vt 0.9068 0.7592
vt 0.9083 0.7469
vt 0.9076 0.7431
vt 0.9117 0.7421
vt 0.9124 0.7457
vt 0.9154 0.7411
vt 0.9162 0.7446
vt 0.9069 0.7392
vt 0.9108 0.7383
vt 0.9146 0.7374
vt 0.9042 0.7483
vt 0.9083 0.7469
vt 0.9137 0.7334
vt 0.9099 0.7343
vt 0.9060 0.7351
vt 0.9027 0.7402
vt 0.9018 0.7359
vt 0.9034 0.7443
vt 0.9052 0.7306
vt 0.9044 0.7258
vt 0.9083 0.7251
vt 0.9091 0.7299
vt 0.9120 0.7243
vt 0.9128 0.7290
vt 0.9039 0.7208
vt 0.9077 0.7202
vt 0.9114 0.7194
vt 0.9010 0.7313
vt 0.9052 0.7306
vt 0.9108 0.7146
vt 0.9072 0.7152
vt 0.9034 0.7157
vt 0.8999 0.7214
vt 0.8994 0.7162
vt 0.9004 0.7264
vt 0.9030 0.7107
vt 0.9026 0.7058
vt 0.9063 0.7056
vt 0.9067 0.7104
vt 0.9098 0.7053
vt 0.9103 0.7099
vt 0.9024 0.7010
vt 0.9059 0.7009
vt 0.9094 0.7007
vt 0.8991 0.7111
vt 0.9030 0.7107
vt 0.9090 0.6960
vt 0.9055 0.6962
vt 0.9021 0.6961
vt 0.8988 0.7010
vt 0.8986 0.6960
vt 0.8989 0.7060
vt 0.9018 0.6912
vt 0.9014 0.6862
vt 0.9048 0.6865
vt 0.9052 0.6913
vt 0.9081 0.6867
vt 0.9085 0.6914
vt 0.9009 0.6812
vt 0.9043 0.6817
vt 0.9077 0.6821
vt 0.8984 0.6910
vt 0.9018 0.6912
vt 0.9070 0.6777
vt 0.9038 0.6768
vt 0.9004 0.6762
vt 0.8976 0.6807
vt 0.8972 0.6756
vt 0.8981 0.6859
vt 0.8998 0.6716
vt 0.8994 0.6673
vt 0.9026 0.6679
vt 0.9029 0.6724
vt 0.9059 0.6684
vt 0.9062 0.6731
vt 0.8995 0.6630
vt 0.9025 0.6634
vt 0.9056 0.6637
vt 0.8968 0.6709
vt 0.8998 0.6716
vt 0.9055 0.6593
vt 0.9026 0.6592
vt 0.8998 0.6590
vt 0.8966 0.6625
vt 0.8971 0.6587
vt 0.8965 0.6666
vt 0.8883 0.6689
vt 0.8886 0.6647
vt 0.8912 0.6653
vt 0.8911 0.6696
vt 0.8939 0.6659
vt 0.8939 0.6702
vt 0.8890 0.6607
vt 0.8915 0.6613
vt 0.8940 0.6619
vt 0.8849 0.6726
vt 0.8853 0.6680
vt 0.8883 0.6689
vt 0.8881 0.6735
vt 0.8912 0.6742
vt 0.8942 0.6750
vt 0.8945 0.6582
vt 0.8920 0.6577
vt 0.8895 0.6570
vt 0.8863 0.6599
vt 0.8869 0.6562
vt 0.8857 0.6639
vt 0.8880 0.6785
vt 0.8913 0.6793
vt 0.8913 0.6847
vt 0.8878 0.6839
vt 0.8913 0.6901
vt 0.8877 0.6895
vt 0.8946 0.6800
vt 0.8947 0.6853
vt 0.8949 0.6906
vt 0.8880 0.6785
vt 0.8846 0.6776
vt 0.8843 0.6830
vt 0.8840 0.6885
vt 0.8875 0.6949
vt 0.8836 0.6941
vt 0.8913 0.6955
vt 0.8950 0.6959
vt 0.8873 0.7003
vt 0.8912 0.7008
vt 0.8911 0.7060
vt 0.8870 0.7057
vt 0.8910 0.7114
vt 0.8868 0.7111
vt 0.8951 0.7010
vt 0.8951 0.7061
vt 0.8952 0.7113
vt 0.8873 0.7003
vt 0.8833 0.6995
vt 0.8829 0.7050
vt 0.8826 0.7105
vt 0.8868 0.7167
vt 0.8824 0.7162
vt 0.8911 0.7167
vt 0.8953 0.7166
vt 0.8868 0.7222
vt 0.8913 0.7221
vt 0.8916 0.7275
vt 0.8870 0.7277
vt 0.8920 0.7327
vt 0.8872 0.7332
vt 0.8957 0.7218
vt 0.8961 0.7270
vt 0.8966 0.7320
vt 0.8868 0.7222
vt 0.8824 0.7219
vt 0.8826 0.7276
vt 0.8826 0.7332
vt 0.8878 0.7384
vt 0.8830 0.7387
vt 0.8926 0.7377
vt 0.8974 0.7368
vt 0.8888 0.7435
vt 0.8936 0.7425
vt 0.8946 0.7471
vt 0.8901 0.7483
vt 0.8958 0.7513
vt 0.8914 0.7529
vt 0.8982 0.7413
vt 0.8991 0.7457
vt 0.9000 0.7498
vt 0.8888 0.7435
vt 0.8840 0.7440
vt 0.8854 0.7490
vt 0.8868 0.7540
vt 0.8927 0.7573
vt 0.8878 0.7597
vt 0.8969 0.7553
vt 0.9009 0.7536
vt 0.8944 0.7611
vt 0.8981 0.7590
vt 0.8995 0.7625
vt 0.8960 0.7646
vt 0.9009 0.7658
vt 0.8976 0.7678
vt 0.9019 0.7572
vt 0.9031 0.7607
vt 0.9044 0.7641
vt 0.8944 0.7611
vt 0.8907 0.7638
vt 0.8927 0.7672
vt 0.8946 0.7702
vt 0.8993 0.7706
vt 0.8964 0.7728
vt 0.9024 0.7688
vt 0.9056 0.7672
vt 0.9040 0.7775
vt 0.9025 0.7754
vt 0.9052 0.7741
vt 0.9065 0.7764
vt 0.9080 0.7728
vt 0.9091 0.7754
vt 0.9009 0.7732
vt 0.9038 0.7715
vt 0.9069 0.7701
vt 0.9031 0.7803
vt 0.9016 0.7787
vt 0.9040 0.7775
vt 0.9054 0.7794
vt 0.9077 0.7786
vt 0.9102 0.7778
vt 0.8983 0.7750
vt 0.9000 0.7770
vt 0.9636 0.6476
vt 0.9644 0.6476
vt 0.9643 0.6494
vt 0.9638 0.6502
vt 0.9642 0.6525
vt 0.9648 0.6505
vt 0.9653 0.6481
vt 0.9637 0.6448
vt 0.9636 0.6476
vt 0.9648 0.6450
vt 0.9642 0.6525
vt 0.9649 0.6544
vt 0.9656 0.6515
vt 0.9673 0.6461
vt 0.9663 0.6489
vt 0.9653 0.6481
vt 0.9660 0.6454
vt 0.9679 0.9439
vt 0.9694 0.9447
vt 0.9692 0.9466
vt 0.9683 0.9467
vt 0.9691 0.9492
vt 0.9701 0.9482
vt 0.9712 0.9465
vt 0.9679 0.9439
vt 0.9691 0.9492
vt 0.9704 0.9517
vt 0.9717 0.9505
vt 0.9733 0.9487
vt 0.9712 0.9465
vt 0.9673 0.6495
vt 0.9683 0.6504
vt 0.9674 0.6521
vt 0.9665 0.6520
vt 0.9662 0.6547
vt 0.9677 0.6539
vt 0.9694 0.6521
vt 0.9685 0.6469
vt 0.9673 0.6495
vt 0.9698 0.6480
vt 0.9662 0.6547
vt 0.9694 0.6521
vt 0.9714 0.6498
vt 0.8967 0.8220
vt 0.8947 0.8196
vt 0.8966 0.8184
vt 0.8985 0.8204
vt 0.8983 0.8173
vt 0.9002 0.8190
vt 0.8930 0.8169
vt 0.8949 0.8160
vt 0.8966 0.8152
vt 0.8948 0.8238
vt 0.8967 0.8220
vt 0.9017 0.8177
vt 0.8999 0.8163
vt 0.8981 0.8145
vt 0.8950 0.8127
vt 0.8966 0.8122
vt 0.8934 0.8132
vt 0.8916 0.8138
vt 0.8911 0.8180
vt 0.8896 0.8146
vt 0.8928 0.8210
vt 0.8887 0.8312
vt 0.8862 0.8269
vt 0.8885 0.8249
vt 0.8909 0.8285
vt 0.8907 0.8228
vt 0.8929 0.8260
vt 0.8842 0.8222
vt 0.8867 0.8208
vt 0.8890 0.8193
vt 0.8860 0.8334
vt 0.8887 0.8312
vt 0.8875 0.8155
vt 0.8852 0.8165
vt 0.8829 0.8175
vt 0.8814 0.8236
vt 0.8811 0.8185
vt 0.8836 0.8286
vt 0.8903 0.8105
vt 0.8893 0.8069
vt 0.8910 0.8067
vt 0.8920 0.8101
vt 0.8926 0.8065
vt 0.8937 0.8098
vt 0.8887 0.8032
vt 0.8904 0.8031
vt 0.8920 0.8030
vt 0.8884 0.8109
vt 0.8903 0.8105
vt 0.8952 0.8095
vt 0.8941 0.8063
vt 0.8935 0.8030
vt 0.8917 0.7995
vt 0.8932 0.7995
vt 0.8901 0.7995
vt 0.8885 0.7995
vt 0.8869 0.8033
vt 0.8867 0.7994
vt 0.8875 0.8072
vt 0.8822 0.8131
vt 0.8813 0.8087
vt 0.8834 0.8081
vt 0.8843 0.8122
vt 0.8855 0.8075
vt 0.8864 0.8115
vt 0.8806 0.8041
vt 0.8828 0.8038
vt 0.8849 0.8035
vt 0.8801 0.8141
vt 0.8822 0.8131
vt 0.8847 0.7994
vt 0.8826 0.7994
vt 0.8803 0.7995
vt 0.8783 0.8043
vt 0.8781 0.7995
vt 0.8790 0.8092
vt 0.8886 0.7958
vt 0.8891 0.7922
vt 0.8909 0.7926
vt 0.8902 0.7960
vt 0.8924 0.7929
vt 0.8918 0.7961
vt 0.8899 0.7887
vt 0.8917 0.7893
vt 0.8933 0.7898
vt 0.8867 0.7957
vt 0.8886 0.7958
vt 0.8933 0.7962
vt 0.8939 0.7931
vt 0.8948 0.7903
vt 0.8945 0.7869
vt 0.8960 0.7876
vt 0.8928 0.7863
vt 0.8910 0.7855
vt 0.8880 0.7882
vt 0.8891 0.7847
vt 0.8871 0.7919
vt 0.8804 0.7950
vt 0.8808 0.7905
vt 0.8830 0.7911
vt 0.8826 0.7952
vt 0.8851 0.7916
vt 0.8848 0.7954
vt 0.8813 0.7862
vt 0.8835 0.7870
vt 0.8858 0.7877
vt 0.8781 0.7949
vt 0.8804 0.7950
vt 0.8869 0.7837
vt 0.8844 0.7828
vt 0.8820 0.7817
vt 0.8791 0.7853
vt 0.8799 0.7805
vt 0.8784 0.7902
vt 0.8995 0.7803
vt 0.8976 0.7822
vt 0.8958 0.7810
vt 0.8978 0.7788
vt 0.8940 0.7797
vt 0.8959 0.7772
vt 0.8959 0.7844
vt 0.8942 0.7835
vt 0.8923 0.7825
vt 0.9010 0.7816
vt 0.8995 0.7803
vt 0.8940 0.7753
vt 0.8920 0.7782
vt 0.8903 0.7814
vt 0.8974 0.7852
vt 0.8991 0.7832
vt 0.8920 0.7731
vt 0.8898 0.7764
vt 0.8876 0.7743
vt 0.8899 0.7705
vt 0.8852 0.7722
vt 0.8876 0.7677
vt 0.8882 0.7800
vt 0.8859 0.7785
vt 0.8833 0.7770
vt 0.8920 0.7731
vt 0.8848 0.7652
vt 0.8824 0.7704
vt 0.8808 0.7755
vt 0.8779 0.8148
vt 0.8755 0.8154
vt 0.8746 0.8100
vt 0.8768 0.8096
vt 0.8742 0.8047
vt 0.8762 0.8045
vt 0.8732 0.8160
vt 0.8727 0.8105
vt 0.8723 0.8049
vt 0.8794 0.8202
vt 0.8779 0.8148
vt 0.8760 0.7996
vt 0.8740 0.7996
vt 0.8721 0.7995
vt 0.8702 0.8051
vt 0.8702 0.7994
vt 0.8705 0.8109
vt 0.8710 0.8166
vt 0.8739 0.8215
vt 0.8713 0.8223
vt 0.8766 0.8209
vt 0.8801 0.8540
vt 0.8756 0.8550
vt 0.8770 0.8499
vt 0.8816 0.8490
vt 0.8784 0.8452
vt 0.8831 0.8443
vt 0.8713 0.8567
vt 0.8723 0.8516
vt 0.8735 0.8468
vt 0.8789 0.8594
vt 0.8801 0.8540
vt 0.8836 0.8396
vt 0.8791 0.8408
vt 0.8742 0.8422
vt 0.8686 0.8490
vt 0.8693 0.8440
vt 0.8680 0.8539
vt 0.8674 0.8588
vt 0.8706 0.8621
vt 0.8669 0.8638
vt 0.8746 0.8605
vt 0.8785 0.7739
vt 0.8751 0.7728
vt 0.8765 0.7666
vt 0.8796 0.7688
vt 0.8771 0.7612
vt 0.8810 0.7635
vt 0.8712 0.7722
vt 0.8719 0.7657
vt 0.8726 0.7598
vt 0.8773 0.7794
vt 0.8785 0.7739
vt 0.8824 0.7585
vt 0.8777 0.7568
vt 0.8729 0.7547
vt 0.8678 0.7577
vt 0.8680 0.7522
vt 0.8674 0.7641
vt 0.8670 0.7715
vt 0.8713 0.7789
vt 0.8685 0.7797
vt 0.8744 0.7790
vt 0.8821 0.6669
vt 0.8788 0.6655
vt 0.8795 0.6615
vt 0.8827 0.6628
vt 0.8802 0.6577
vt 0.8833 0.6589
vt 0.8756 0.6639
vt 0.8763 0.6601
vt 0.8771 0.6566
vt 0.8816 0.6714
vt 0.8821 0.6669
vt 0.8841 0.6553
vt 0.8811 0.6542
vt 0.8781 0.6532
vt 0.8741 0.6554
vt 0.8749 0.6521
vt 0.8734 0.6587
vt 0.8726 0.6622
vt 0.8748 0.6682
vt 0.8717 0.6663
vt 0.8782 0.6699
vt 0.8837 0.9417
vt 0.8807 0.9430
vt 0.8798 0.9392
vt 0.8829 0.9378
vt 0.8790 0.9351
vt 0.8823 0.9336
vt 0.8775 0.9444
vt 0.8766 0.9408
vt 0.8757 0.9369
vt 0.8847 0.9454
vt 0.8837 0.9417
vt 0.8817 0.9289
vt 0.8782 0.9306
vt 0.8748 0.9325
vt 0.8726 0.9387
vt 0.8716 0.9346
vt 0.8735 0.9424
vt 0.8745 0.9458
vt 0.8786 0.9479
vt 0.8754 0.9492
vt 0.8817 0.9466
vt 0.8801 0.6872
vt 0.8763 0.6856
vt 0.8769 0.6801
vt 0.8806 0.6817
vt 0.8776 0.6748
vt 0.8811 0.6763
vt 0.8725 0.6838
vt 0.8733 0.6782
vt 0.8741 0.6730
vt 0.8797 0.6929
vt 0.8801 0.6872
vt 0.8708 0.6710
vt 0.8699 0.6762
vt 0.8689 0.6819
vt 0.8719 0.6895
vt 0.8683 0.6876
vt 0.8758 0.6913
vt 0.8825 0.8349
vt 0.8785 0.8361
vt 0.8778 0.8317
vt 0.8805 0.8299
vt 0.8779 0.8267
vt 0.8798 0.8249
vt 0.8744 0.8376
vt 0.8748 0.8327
vt 0.8745 0.8272
vt 0.8825 0.8349
vt 0.8714 0.8277
vt 0.8710 0.8331
vt 0.8701 0.8386
vt 0.8784 0.7095
vt 0.8743 0.7082
vt 0.8748 0.7025
vt 0.8788 0.7039
vt 0.8753 0.6970
vt 0.8793 0.6984
vt 0.8703 0.7065
vt 0.8708 0.7008
vt 0.8714 0.6951
vt 0.8781 0.7151
vt 0.8784 0.7095
vt 0.8676 0.6932
vt 0.8671 0.6988
vt 0.8665 0.7047
vt 0.8701 0.7123
vt 0.8663 0.7107
vt 0.8740 0.7140
vt 0.8783 0.7326
vt 0.8743 0.7313
vt 0.8746 0.7253
vt 0.8785 0.7270
vt 0.8741 0.7196
vt 0.8779 0.7211
vt 0.8707 0.7298
vt 0.8706 0.7241
vt 0.8704 0.7182
vt 0.8785 0.7382
vt 0.8783 0.7326
vt 0.8667 0.7169
vt 0.8672 0.7228
vt 0.8673 0.7282
vt 0.8707 0.7352
vt 0.8673 0.7333
vt 0.8744 0.7370
vt 0.8811 0.9238
vt 0.8775 0.9255
vt 0.8767 0.9201
vt 0.8805 0.9183
vt 0.8760 0.9143
vt 0.8800 0.9126
vt 0.8739 0.9275
vt 0.8730 0.9220
vt 0.8721 0.9162
vt 0.8811 0.9238
vt 0.8795 0.9067
vt 0.8754 0.9084
vt 0.8714 0.9103
vt 0.8684 0.9183
vt 0.8677 0.9124
vt 0.8694 0.9242
vt 0.8706 0.9296
vt 0.8760 0.7948
vt 0.8741 0.7948
vt 0.8740 0.7899
vt 0.8762 0.7900
vt 0.8741 0.7847
vt 0.8765 0.7849
vt 0.8721 0.7948
vt 0.8719 0.7899
vt 0.8716 0.7846
vt 0.8760 0.7948
vt 0.8691 0.7849
vt 0.8699 0.7901
vt 0.8704 0.7948
vt 0.8821 0.7536
vt 0.8773 0.7522
vt 0.8762 0.7474
vt 0.8808 0.7487
vt 0.8751 0.7423
vt 0.8794 0.7436
vt 0.8725 0.7500
vt 0.8717 0.7453
vt 0.8710 0.7404
vt 0.8821 0.7536
vt 0.8674 0.7380
vt 0.8677 0.7427
vt 0.8679 0.7473
vt 0.8789 0.9010
vt 0.8748 0.9025
vt 0.8741 0.8966
vt 0.8784 0.8951
vt 0.8736 0.8906
vt 0.8780 0.8892
vt 0.8707 0.9044
vt 0.8700 0.8985
vt 0.8694 0.8923
vt 0.8789 0.9010
vt 0.8777 0.8833
vt 0.8734 0.8846
vt 0.8691 0.8861
vt 0.8652 0.8943
vt 0.8650 0.8878
vt 0.8660 0.9004
vt 0.8668 0.9066
vt 0.8776 0.8774
vt 0.8733 0.8784
vt 0.8736 0.8725
vt 0.8775 0.8711
vt 0.8744 0.8666
vt 0.8785 0.8651
vt 0.8693 0.8799
vt 0.8698 0.8738
vt 0.8702 0.8679
vt 0.8776 0.8774
vt 0.8666 0.8693
vt 0.8661 0.8752
vt 0.8655 0.8813
vt 0.7861 0.9776
vt 0.7850 0.9789
vt 0.7836 0.9763
vt 0.7837 0.9744
vt 0.7834 0.9795
vt 0.7822 0.9758
vt 0.7814 0.9724
vt 0.7898 0.9808
vt 0.7885 0.9816
vt 0.7861 0.9776
vt 0.7870 0.9762
vt 0.7868 0.9827
vt 0.7840 0.9722
vt 0.7836 0.9843
vt 0.7822 0.9798
vt 0.7834 0.9795
vt 0.7850 0.9837
vt 0.7809 0.9758
vt 0.7769 0.9673
vt 0.7810 0.9693
vt 0.7814 0.9724
vt 0.7793 0.9720
vt 0.7883 0.9748
vt 0.7851 0.9703
vt 0.7870 0.9685
vt 0.7902 0.9732
vt 0.7820 0.9666
vt 0.7840 0.9643
vt 0.7894 0.9666
vt 0.7926 0.9716
vt 0.7863 0.9622
vt 0.7883 0.9748
vt 0.7912 0.9798
vt 0.7793 0.9632
vt 0.7815 0.9604
vt 0.7838 0.9579
vt 0.7861 0.9556
vt 0.7889 0.9603
vt 0.7919 0.9649
vt 0.7950 0.9699
vt 0.7955 0.9770
vt 0.7979 0.9754
vt 0.7932 0.9785
vt 0.7819 0.9536
vt 0.7796 0.9564
vt 0.7781 0.9522
vt 0.7804 0.9497
vt 0.7772 0.9592
vt 0.7755 0.9550
vt 0.7768 0.9482
vt 0.7788 0.9464
vt 0.7743 0.9509
vt 0.7819 0.9536
vt 0.7839 0.9514
vt 0.7746 0.9621
vt 0.7727 0.9579
vt 0.7712 0.9539
vt 0.7698 0.9497
vt 0.7732 0.9468
vt 0.7754 0.9447
vt 0.7772 0.9434
vt 0.7806 0.9451
vt 0.7792 0.9418
vt 0.7822 0.9480
vt 0.7715 0.9647
vt 0.7683 0.9677
vt 0.7663 0.9641
vt 0.7696 0.9609
vt 0.7651 0.9711
vt 0.7628 0.9676
vt 0.7643 0.9602
vt 0.7679 0.9569
vt 0.7604 0.9637
vt 0.7728 0.9686
vt 0.7715 0.9647
vt 0.7699 0.9710
vt 0.7673 0.9742
vt 0.7646 0.9777
vt 0.7618 0.9748
vt 0.7590 0.9713
vt 0.7561 0.9674
vt 0.7534 0.9633
vt 0.7580 0.9596
vt 0.7622 0.9561
vt 0.7661 0.9529
vt 0.7644 0.9486
vt 0.7602 0.9518
vt 0.7583 0.9473
vt 0.7627 0.9441
vt 0.7556 0.9553
vt 0.7534 0.9509
vt 0.7565 0.9428
vt 0.7613 0.9396
vt 0.7512 0.9463
vt 0.7644 0.9486
vt 0.7685 0.9455
vt 0.7507 0.9589
vt 0.7481 0.9545
vt 0.7456 0.9499
vt 0.7432 0.9454
vt 0.7491 0.9417
vt 0.7548 0.9383
vt 0.7599 0.9351
vt 0.7652 0.9369
vt 0.7638 0.9325
vt 0.7668 0.9413
vt 0.7583 0.9302
vt 0.7530 0.9334
vt 0.7512 0.9278
vt 0.7568 0.9250
vt 0.7470 0.9368
vt 0.7448 0.9311
vt 0.7495 0.9228
vt 0.7555 0.9199
vt 0.7429 0.9259
vt 0.7583 0.9302
vt 0.7625 0.9275
vt 0.7407 0.9406
vt 0.7380 0.9346
vt 0.7361 0.9292
vt 0.7338 0.9233
vt 0.7412 0.9202
vt 0.7481 0.9174
vt 0.7542 0.9146
vt 0.7601 0.9176
vt 0.7589 0.9123
vt 0.7612 0.9225
vt 0.7532 0.9096
vt 0.7468 0.9121
vt 0.7456 0.9067
vt 0.7525 0.9046
vt 0.7395 0.9146
vt 0.7382 0.9087
vt 0.7445 0.9010
vt 0.7518 0.8993
vt 0.7370 0.9030
vt 0.7532 0.9096
vt 0.7582 0.9073
vt 0.7318 0.9174
vt 0.7299 0.9113
vt 0.7283 0.9053
vt 0.7271 0.8994
vt 0.7362 0.8971
vt 0.7438 0.8950
vt 0.7512 0.8940
vt 0.7576 0.8972
vt 0.7579 0.8931
vt 0.7578 0.9019
vt 0.7499 0.8881
vt 0.7435 0.8890
vt 0.7433 0.8834
vt 0.7492 0.8825
vt 0.7358 0.8910
vt 0.7354 0.8851
vt 0.7432 0.8779
vt 0.7489 0.8772
vt 0.7350 0.8791
vt 0.7499 0.8881
vt 0.7562 0.8879
vt 0.7259 0.8932
vt 0.7249 0.8870
vt 0.7241 0.8806
vt 0.7233 0.8740
vt 0.7345 0.8729
vt 0.7429 0.8723
vt 0.7487 0.8720
vt 0.7535 0.8771
vt 0.7529 0.8719
vt 0.7546 0.8824
vt 0.7339 0.8663
vt 0.7332 0.8595
vt 0.7416 0.8596
vt 0.7424 0.8661
vt 0.7326 0.8525
vt 0.7406 0.8527
vt 0.7478 0.8601
vt 0.7483 0.8663
vt 0.7470 0.8534
vt 0.7228 0.8670
vt 0.7339 0.8663
vt 0.7224 0.8596
vt 0.7223 0.8520
vt 0.7228 0.8440
vt 0.7319 0.8460
vt 0.7391 0.8460
vt 0.7454 0.8462
vt 0.7507 0.8467
vt 0.7516 0.8542
vt 0.7520 0.8607
vt 0.7524 0.8665
vt 0.7554 0.8666
vt 0.7549 0.8608
vt 0.7575 0.8604
vt 0.7581 0.8664
vt 0.7547 0.8542
vt 0.7575 0.8538
vt 0.7603 0.8597
vt 0.7606 0.8658
vt 0.7603 0.8530
vt 0.7554 0.8666
vt 0.7562 0.8720
vt 0.7545 0.8468
vt 0.7577 0.8465
vt 0.7606 0.8460
vt 0.7628 0.8455
vt 0.7626 0.8522
vt 0.7625 0.8589
vt 0.7627 0.8649
vt 0.7613 0.8714
vt 0.7631 0.8705
vt 0.7591 0.8719
vt 0.7643 0.8639
vt 0.7643 0.8580
vt 0.7658 0.8570
vt 0.7660 0.8628
vt 0.7643 0.8516
vt 0.7658 0.8509
vt 0.7675 0.8561
vt 0.7678 0.8617
vt 0.7673 0.8503
vt 0.7643 0.8639
vt 0.7648 0.8695
vt 0.7644 0.8452
vt 0.7658 0.8449
vt 0.7671 0.8447
vt 0.7683 0.8445
vt 0.7687 0.8498
vt 0.7691 0.8552
vt 0.7697 0.8606
vt 0.7686 0.8672
vt 0.7707 0.8660
vt 0.7666 0.8684
vt 0.7717 0.8595
vt 0.7708 0.8544
vt 0.7727 0.8536
vt 0.7737 0.8585
vt 0.7702 0.8494
vt 0.7717 0.8490
vt 0.7747 0.8529
vt 0.7760 0.8575
vt 0.7736 0.8486
vt 0.7717 0.8595
vt 0.7729 0.8648
vt 0.7695 0.8445
vt 0.7708 0.8444
vt 0.7725 0.8444
vt 0.7746 0.8441
vt 0.7757 0.8481
vt 0.7770 0.8521
vt 0.7784 0.8566
vt 0.7775 0.8625
vt 0.7800 0.8615
vt 0.7751 0.8636
vt 0.7783 0.8474
vt 0.7812 0.8467
vt 0.7825 0.8505
vt 0.7796 0.8513
vt 0.7844 0.8458
vt 0.7855 0.8496
vt 0.7839 0.8549
vt 0.7810 0.8557
vt 0.7869 0.8540
vt 0.7772 0.8438
vt 0.7783 0.8474
vt 0.7802 0.8432
vt 0.7834 0.8423
vt 0.7868 0.8414
vt 0.7876 0.8447
vt 0.7887 0.8485
vt 0.7900 0.8530
vt 0.7912 0.8575
vt 0.7883 0.8586
vt 0.7854 0.8596
vt 0.7826 0.8605
vt 0.7893 0.8625
vt 0.7896 0.8657
vt 0.7872 0.8673
vt 0.7866 0.8638
vt 0.7895 0.8685
vt 0.7872 0.8702
vt 0.7847 0.8688
vt 0.7840 0.8651
vt 0.7849 0.8719
vt 0.7918 0.8610
vt 0.7893 0.8625
vt 0.7919 0.8639
vt 0.7919 0.8667
vt 0.7926 0.8699
vt 0.7898 0.8715
vt 0.7874 0.8732
vt 0.7851 0.8750
vt 0.7828 0.8767
vt 0.7826 0.8736
vt 0.7823 0.8704
vt 0.7815 0.8663
vt 0.7803 0.8754
vt 0.7781 0.8771
vt 0.7777 0.8736
vt 0.7800 0.8720
vt 0.7759 0.8789
vt 0.7755 0.8751
vt 0.7766 0.8689
vt 0.7790 0.8676
vt 0.7743 0.8702
vt 0.7806 0.8784
vt 0.7803 0.8754
vt 0.7782 0.8801
vt 0.7759 0.8819
vt 0.7736 0.8836
vt 0.7737 0.8806
vt 0.7733 0.8767
vt 0.7721 0.8715
vt 0.7717 0.8823
vt 0.7697 0.8839
vt 0.7690 0.8793
vt 0.7711 0.8781
vt 0.7679 0.8852
vt 0.7670 0.8804
vt 0.7677 0.8739
vt 0.7698 0.8727
vt 0.7657 0.8749
vt 0.7715 0.8853
vt 0.7717 0.8823
vt 0.7694 0.8869
vt 0.7677 0.8883
vt 0.7662 0.8896
vt 0.7663 0.8863
vt 0.7653 0.8812
vt 0.7640 0.8759
vt 0.7649 0.8872
vt 0.7634 0.8878
vt 0.7619 0.8824
vt 0.7637 0.8819
vt 0.7608 0.8882
vt 0.7589 0.8826
vt 0.7603 0.8771
vt 0.7623 0.8766
vt 0.7574 0.8773
vt 0.7649 0.8906
vt 0.7649 0.8872
vt 0.7636 0.8916
vt 0.7617 0.8926
vt 0.7642 0.8932
vt 0.7646 0.8976
vt 0.7628 0.8988
vt 0.7625 0.8942
vt 0.7656 0.9026
vt 0.7637 0.9040
vt 0.7607 0.9000
vt 0.7608 0.8956
vt 0.7616 0.9054
vt 0.7658 0.8922
vt 0.7642 0.8932
vt 0.7664 0.8964
vt 0.7674 0.9012
vt 0.7680 0.9056
vt 0.7661 0.9072
vt 0.7643 0.9087
vt 0.7622 0.9104
vt 0.7671 0.9121
vt 0.7684 0.9171
vt 0.7665 0.9188
vt 0.7653 0.9138
vt 0.7697 0.9218
vt 0.7677 0.9235
vt 0.7642 0.9205
vt 0.7631 0.9156
vt 0.7654 0.9254
vt 0.7690 0.9104
vt 0.7671 0.9121
vt 0.7704 0.9154
vt 0.7718 0.9201
vt 0.7734 0.9246
vt 0.7712 0.9263
vt 0.7689 0.9282
vt 0.7666 0.9302
vt 0.7728 0.9308
vt 0.7744 0.9355
vt 0.7722 0.9375
vt 0.7703 0.9328
vt 0.7757 0.9399
vt 0.7740 0.9416
vt 0.7700 0.9393
vt 0.7680 0.9347
vt 0.7719 0.9432
vt 0.7751 0.9290
vt 0.7728 0.9308
vt 0.7766 0.9334
vt 0.7779 0.9378
vt 0.7803 0.9356
vt 0.7789 0.9313
vt 0.7813 0.9295
vt 0.7828 0.9335
vt 0.7774 0.9272
vt 0.7797 0.9255
vt 0.7838 0.9277
vt 0.7853 0.9316
vt 0.7822 0.9237
vt 0.7803 0.9356
vt 0.7816 0.9398
vt 0.7757 0.9229
vt 0.7780 0.9212
vt 0.7804 0.9194
vt 0.7829 0.9176
vt 0.7847 0.9220
vt 0.7862 0.9259
vt 0.7877 0.9297
vt 0.7867 0.9354
vt 0.7892 0.9335
vt 0.7842 0.9375
vt 0.7787 0.9148
vt 0.7763 0.9166
vt 0.7747 0.9119
vt 0.7770 0.9101
vt 0.7740 0.9184
vt 0.7725 0.9137
vt 0.7732 0.9069
vt 0.7755 0.9052
vt 0.7710 0.9087
vt 0.7787 0.9148
vt 0.7811 0.9130
vt 0.7700 0.9040
vt 0.7721 0.9023
vt 0.7743 0.9006
vt 0.7778 0.9034
vt 0.7766 0.8989
vt 0.7794 0.9082
vt 0.7736 0.8965
vt 0.7714 0.8982
vt 0.7705 0.8939
vt 0.7727 0.8924
vt 0.7693 0.8997
vt 0.7684 0.8952
vt 0.7696 0.8898
vt 0.7718 0.8884
vt 0.7676 0.8911
vt 0.7736 0.8965
vt 0.7757 0.8948
vt 0.7741 0.8870
vt 0.7750 0.8909
vt 0.7779 0.8930
vt 0.7772 0.8892
vt 0.7794 0.8874
vt 0.7801 0.8913
vt 0.7765 0.8854
vt 0.7788 0.8836
vt 0.7816 0.8856
vt 0.7825 0.8895
vt 0.7810 0.8819
vt 0.7779 0.8930
vt 0.7788 0.8972
vt 0.7832 0.8801
vt 0.7839 0.8838
vt 0.7851 0.8879
vt 0.7840 0.8938
vt 0.7870 0.8924
vt 0.7812 0.8955
vt 0.7855 0.8783
vt 0.7880 0.8766
vt 0.7894 0.8806
vt 0.7865 0.8821
vt 0.7909 0.8751
vt 0.7928 0.8793
vt 0.7917 0.8851
vt 0.7882 0.8864
vt 0.7955 0.8839
vt 0.7855 0.8783
vt 0.7941 0.8737
vt 0.7966 0.8781
vt 0.7993 0.8826
vt 0.8006 0.8863
vt 0.7976 0.8881
vt 0.7941 0.8896
vt 0.7904 0.8910
vt 0.7983 0.8914
vt 0.7984 0.8948
vt 0.7961 0.8968
vt 0.7956 0.8934
vt 0.7995 0.8990
vt 0.7968 0.9006
vt 0.7932 0.8990
vt 0.7923 0.8953
vt 0.7939 0.9025
vt 0.8005 0.8891
vt 0.7983 0.8914
vt 0.8009 0.8928
vt 0.8024 0.8974
vt 0.8045 0.9026
vt 0.8014 0.9041
vt 0.7986 0.9057
vt 0.7959 0.9078
vt 0.7927 0.9094
vt 0.7909 0.9042
vt 0.7902 0.9008
vt 0.7890 0.8969
vt 0.7885 0.9067
vt 0.7860 0.9092
vt 0.7843 0.9045
vt 0.7873 0.9024
vt 0.7835 0.9111
vt 0.7818 0.9064
vt 0.7829 0.9000
vt 0.7859 0.8983
vt 0.7802 0.9017
vt 0.7903 0.9123
vt 0.7885 0.9067
vt 0.7879 0.9141
vt 0.7854 0.9159
vt 0.7921 0.9168
vt 0.7937 0.9205
vt 0.7911 0.9222
vt 0.7897 0.9184
vt 0.7952 0.9242
vt 0.7926 0.9261
vt 0.7886 0.9241
vt 0.7871 0.9202
vt 0.7901 0.9279
vt 0.7945 0.9155
vt 0.7921 0.9168
vt 0.7963 0.9190
vt 0.7980 0.9225
vt 0.7996 0.9263
vt 0.7968 0.9280
vt 0.7941 0.9298
vt 0.7916 0.9317
vt 0.7984 0.9317
vt 0.8001 0.9354
vt 0.7974 0.9372
vt 0.7957 0.9335
vt 0.8018 0.9392
vt 0.7993 0.9409
vt 0.7949 0.9390
vt 0.7932 0.9353
vt 0.7967 0.9427
vt 0.8012 0.9301
vt 0.7984 0.9317
vt 0.8028 0.9338
vt 0.8045 0.9375
vt 0.8064 0.9418
vt 0.8039 0.9433
vt 0.8014 0.9449
vt 0.7989 0.9467
vt 0.7964 0.9485
vt 0.7942 0.9445
vt 0.7923 0.9409
vt 0.7907 0.9372
vt 0.7914 0.9464
vt 0.7884 0.9482
vt 0.7866 0.9449
vt 0.7896 0.9428
vt 0.7858 0.9498
vt 0.7841 0.9467
vt 0.7853 0.9414
vt 0.7881 0.9392
vt 0.7828 0.9435
vt 0.7938 0.9503
vt 0.7914 0.9464
vt 0.7910 0.9520
vt 0.7884 0.9537
vt 0.7965 0.9547
vt 0.7994 0.9596
vt 0.7970 0.9614
vt 0.7940 0.9565
vt 0.8024 0.9650
vt 0.8000 0.9666
vt 0.7945 0.9631
vt 0.7914 0.9584
vt 0.7975 0.9683
vt 0.7990 0.9529
vt 0.7965 0.9547
vt 0.8019 0.9579
vt 0.8049 0.9634
vt 0.8078 0.9694
vt 0.8053 0.9709
vt 0.8029 0.9723
vt 0.8004 0.9738
vt 0.8074 0.9619
vt 0.8044 0.9562
vt 0.8069 0.9546
vt 0.8098 0.9604
vt 0.8015 0.9512
vt 0.8040 0.9495
vt 0.8093 0.9531
vt 0.8123 0.9590
vt 0.8064 0.9479
vt 0.8074 0.9619
vt 0.8103 0.9681
vt 0.8089 0.9466
vt 0.8118 0.9518
vt 0.8149 0.9577
vt 0.8153 0.9655
vt 0.8178 0.9642
vt 0.8127 0.9668
vt 0.8115 0.9454
vt 0.8141 0.9442
vt 0.8168 0.9500
vt 0.8143 0.9508
vt 0.8169 0.9431
vt 0.8197 0.9492
vt 0.8199 0.9559
vt 0.8173 0.9567
vt 0.8226 0.9551
vt 0.8092 0.9404
vt 0.8115 0.9454
vt 0.8120 0.9389
vt 0.8147 0.9377
vt 0.8166 0.9372
vt 0.8195 0.9424
vt 0.8226 0.9486
vt 0.8254 0.9542
vt 0.8276 0.9598
vt 0.8251 0.9609
vt 0.8226 0.9620
vt 0.8202 0.9631
vt 0.8283 0.9533
vt 0.8259 0.9479
vt 0.8292 0.9472
vt 0.8312 0.9524
vt 0.8227 0.9422
vt 0.8266 0.9419
vt 0.8322 0.9464
vt 0.8338 0.9515
vt 0.8304 0.9414
vt 0.8283 0.9533
vt 0.8303 0.9587
vt 0.8190 0.9371
vt 0.8231 0.9369
vt 0.8278 0.9367
vt 0.8307 0.9371
vt 0.8325 0.9414
vt 0.8341 0.9461
vt 0.8356 0.9511
vt 0.8352 0.9568
vt 0.8368 0.9561
vt 0.8329 0.9577
vt 0.8243 0.9316
vt 0.8199 0.9323
vt 0.8183 0.9279
vt 0.8223 0.9265
vt 0.8166 0.9330
vt 0.8152 0.9291
vt 0.8174 0.9236
vt 0.8211 0.9220
vt 0.8141 0.9251
vt 0.8243 0.9316
vt 0.8283 0.9315
vt 0.8148 0.9334
vt 0.8133 0.9298
vt 0.8117 0.9261
vt 0.8102 0.9223
vt 0.8131 0.9209
vt 0.8165 0.9191
vt 0.8200 0.9174
vt 0.8250 0.9206
vt 0.8237 0.9160
vt 0.8263 0.9254
vt 0.8131 0.9338
vt 0.8104 0.9347
vt 0.8088 0.9310
vt 0.8114 0.9301
vt 0.8073 0.9360
vt 0.8057 0.9323
vt 0.8072 0.9273
vt 0.8097 0.9265
vt 0.8042 0.9285
vt 0.8131 0.9338
vt 0.8025 0.9248
vt 0.8055 0.9237
vt 0.8079 0.9230
vt 0.8062 0.9194
vt 0.8036 0.9203
vt 0.8020 0.9167
vt 0.8048 0.9151
vt 0.8008 0.9212
vt 0.7990 0.9179
vt 0.8006 0.9117
vt 0.8034 0.9098
vt 0.7977 0.9136
vt 0.8062 0.9194
vt 0.8090 0.9181
vt 0.8064 0.9080
vt 0.8078 0.9133
vt 0.8121 0.9162
vt 0.8110 0.9114
vt 0.8142 0.9097
vt 0.8155 0.9144
vt 0.8095 0.9063
vt 0.8126 0.9048
vt 0.8174 0.9082
vt 0.8188 0.9128
vt 0.8158 0.9033
vt 0.8121 0.9162
vt 0.8076 0.9010
vt 0.8108 0.8994
vt 0.8140 0.8978
vt 0.8173 0.8963
vt 0.8192 0.9019
vt 0.8208 0.9068
vt 0.8223 0.9115
vt 0.8121 0.8919
vt 0.8090 0.8938
vt 0.8075 0.8884
vt 0.8105 0.8865
vt 0.8057 0.8958
vt 0.8040 0.8907
vt 0.8065 0.8844
vt 0.8095 0.8825
vt 0.8033 0.8866
vt 0.8121 0.8919
vt 0.8152 0.8901
vt 0.8034 0.8841
vt 0.8062 0.8819
vt 0.8090 0.8797
vt 0.8125 0.8805
vt 0.8120 0.8776
vt 0.8135 0.8846
vt 0.8088 0.8773
vt 0.8058 0.8793
vt 0.8043 0.8756
vt 0.8079 0.8740
vt 0.8027 0.8811
vt 0.8005 0.8769
vt 0.8019 0.8713
vt 0.8060 0.8701
vt 0.7978 0.8724
vt 0.8088 0.8773
vt 0.8118 0.8751
vt 0.7957 0.8684
vt 0.7994 0.8671
vt 0.8037 0.8660
vt 0.8100 0.8686
vt 0.8083 0.8648
vt 0.8112 0.8722
vt 0.8016 0.8621
vt 0.7977 0.8634
vt 0.7970 0.8604
vt 0.8002 0.8588
vt 0.7946 0.8649
vt 0.7943 0.8621
vt 0.7968 0.8578
vt 0.7996 0.8560
vt 0.7943 0.8594
vt 0.8016 0.8621
vt 0.8064 0.8609
vt 0.7939 0.8562
vt 0.7966 0.8546
vt 0.7995 0.8526
vt 0.8037 0.8540
vt 0.8032 0.8503
vt 0.8047 0.8573
vt 0.7930 0.8519
vt 0.7919 0.8473
vt 0.7951 0.8459
vt 0.7959 0.8503
vt 0.7909 0.8435
vt 0.7943 0.8422
vt 0.7984 0.8443
vt 0.7991 0.8484
vt 0.7977 0.8408
vt 0.7930 0.8519
vt 0.7903 0.8402
vt 0.7937 0.8390
vt 0.7971 0.8377
vt 0.8005 0.8364
vt 0.8011 0.8395
vt 0.8018 0.8427
vt 0.8026 0.8464
vt 0.8044 0.8381
vt 0.8076 0.8368
vt 0.8087 0.8399
vt 0.8053 0.8413
vt 0.8108 0.8355
vt 0.8121 0.8386
vt 0.8099 0.8433
vt 0.8063 0.8447
vt 0.8136 0.8418
vt 0.8037 0.8350
vt 0.8044 0.8381
vt 0.8068 0.8338
vt 0.8099 0.8326
vt 0.8129 0.8317
vt 0.8141 0.8344
vt 0.8157 0.8372
vt 0.8174 0.8403
vt 0.8193 0.8436
vt 0.8151 0.8452
vt 0.8112 0.8468
vt 0.8073 0.8483
vt 0.8168 0.8488
vt 0.8184 0.8524
vt 0.8141 0.8541
vt 0.8126 0.8504
vt 0.8198 0.8560
vt 0.8155 0.8579
vt 0.8098 0.8557
vt 0.8085 0.8520
vt 0.8112 0.8595
vt 0.8211 0.8470
vt 0.8168 0.8488
vt 0.8228 0.8505
vt 0.8241 0.8539
vt 0.8248 0.8571
vt 0.8208 0.8595
vt 0.8167 0.8615
vt 0.8126 0.8633
vt 0.8213 0.8627
vt 0.8214 0.8656
vt 0.8179 0.8680
vt 0.8175 0.8649
vt 0.8213 0.8683
vt 0.8181 0.8707
vt 0.8145 0.8702
vt 0.8138 0.8669
vt 0.8149 0.8729
vt 0.8249 0.8601
vt 0.8213 0.8627
vt 0.8247 0.8630
vt 0.8244 0.8657
vt 0.8246 0.8689
vt 0.8213 0.8710
vt 0.8182 0.8732
vt 0.8151 0.8754
vt 0.8220 0.8746
vt 0.8236 0.8797
vt 0.8200 0.8811
vt 0.8187 0.8765
vt 0.8261 0.8861
vt 0.8221 0.8872
vt 0.8166 0.8828
vt 0.8156 0.8785
vt 0.8185 0.8886
vt 0.8257 0.8730
vt 0.8220 0.8746
vt 0.8277 0.8785
vt 0.8304 0.8853
vt 0.8334 0.8924
vt 0.8289 0.8929
vt 0.8246 0.8937
vt 0.8208 0.8949
vt 0.8317 0.8991
vt 0.8339 0.9044
vt 0.8295 0.9048
vt 0.8271 0.8996
vt 0.8357 0.9089
vt 0.8315 0.9094
vt 0.8248 0.9057
vt 0.8229 0.9006
vt 0.8266 0.9103
vt 0.8358 0.8987
vt 0.8317 0.8991
vt 0.8373 0.9038
vt 0.8381 0.9082
vt 0.8385 0.9128
vt 0.8370 0.9131
vt 0.8331 0.9137
vt 0.8281 0.9148
vt 0.8384 0.9175
vt 0.8396 0.9220
vt 0.8354 0.9229
vt 0.8344 0.9182
vt 0.8408 0.9268
vt 0.8361 0.9288
vt 0.8305 0.9242
vt 0.8294 0.9194
vt 0.8316 0.9307
vt 0.8395 0.9176
vt 0.8384 0.9175
vt 0.8409 0.9222
vt 0.8432 0.9266
vt 0.8447 0.9319
vt 0.8411 0.9331
vt 0.8359 0.9356
vt 0.8324 0.9372
vt 0.8407 0.9398
vt 0.8406 0.9455
vt 0.8370 0.9465
vt 0.8361 0.9416
vt 0.8414 0.9503
vt 0.8383 0.9509
vt 0.8351 0.9465
vt 0.8334 0.9420
vt 0.8366 0.9510
vt 0.8454 0.9377
vt 0.8407 0.9398
vt 0.8450 0.9438
vt 0.8450 0.9493
vt 0.8458 0.9537
vt 0.8424 0.9543
vt 0.8395 0.9550
vt 0.8378 0.9556
vt 0.8510 0.9377
vt 0.8524 0.9414
vt 0.8508 0.9412
vt 0.8495 0.9373
vt 0.8541 0.9464
vt 0.8516 0.9468
vt 0.8489 0.9420
vt 0.8483 0.9369
vt 0.8487 0.9480
vt 0.8529 0.9334
vt 0.8541 0.9377
vt 0.8510 0.9377
vt 0.8497 0.9336
vt 0.8557 0.9419
vt 0.8575 0.9467
vt 0.8585 0.9524
vt 0.8555 0.9526
vt 0.8525 0.9527
vt 0.8492 0.9531
vt 0.8463 0.9323
vt 0.8475 0.9333
vt 0.8487 0.9288
vt 0.8458 0.9289
vt 0.8447 0.9229
vt 0.8478 0.9228
vt 0.8439 0.9281
vt 0.8424 0.9226
vt 0.8432 0.9168
vt 0.8467 0.9160
vt 0.8403 0.9176
vt 0.8487 0.9288
vt 0.8521 0.9286
vt 0.8394 0.9120
vt 0.8423 0.9107
vt 0.8458 0.9098
vt 0.8501 0.9158
vt 0.8488 0.9096
vt 0.8512 0.9227
vt 0.8448 0.9048
vt 0.8418 0.9055
vt 0.8420 0.9013
vt 0.8443 0.9000
vt 0.8395 0.9069
vt 0.8397 0.9027
vt 0.8423 0.8968
vt 0.8446 0.8953
vt 0.8393 0.8980
vt 0.8448 0.9048
vt 0.8477 0.9046
vt 0.8377 0.8920
vt 0.8418 0.8914
vt 0.8451 0.8903
vt 0.8464 0.8940
vt 0.8470 0.8890
vt 0.8467 0.8994
vt 0.8442 0.8843
vt 0.8398 0.8846
vt 0.8368 0.8770
vt 0.8417 0.8769
vt 0.8350 0.8848
vt 0.8321 0.8776
vt 0.8343 0.8702
vt 0.8390 0.8693
vt 0.8298 0.8715
vt 0.8442 0.8843
vt 0.8473 0.8838
vt 0.8283 0.8668
vt 0.8325 0.8649
vt 0.8369 0.8633
vt 0.8439 0.8688
vt 0.8418 0.8622
vt 0.8462 0.8771
vt 0.8352 0.8587
vt 0.8313 0.8607
vt 0.8308 0.8571
vt 0.8340 0.8547
vt 0.8277 0.8631
vt 0.8278 0.8600
vt 0.8310 0.8541
vt 0.8337 0.8511
vt 0.8282 0.8572
vt 0.8352 0.8587
vt 0.8397 0.8576
vt 0.8284 0.8544
vt 0.8315 0.8515
vt 0.8342 0.8481
vt 0.8363 0.8489
vt 0.8369 0.8439
vt 0.8376 0.8532
vt 0.8345 0.8455
vt 0.8315 0.8487
vt 0.8309 0.8457
vt 0.8342 0.8426
vt 0.8280 0.8515
vt 0.8270 0.8483
vt 0.8295 0.8425
vt 0.8332 0.8396
vt 0.8255 0.8450
vt 0.8345 0.8455
vt 0.8372 0.8415
vt 0.8235 0.8416
vt 0.8277 0.8393
vt 0.8314 0.8365
vt 0.8362 0.8359
vt 0.8345 0.8331
vt 0.8370 0.8388
vt 0.8246 0.8292
vt 0.8268 0.8312
vt 0.8233 0.8337
vt 0.8212 0.8314
vt 0.8292 0.8337
vt 0.8255 0.8363
vt 0.8195 0.8357
vt 0.8176 0.8331
vt 0.8215 0.8385
vt 0.8251 0.8251
vt 0.8274 0.8265
vt 0.8246 0.8292
vt 0.8224 0.8275
vt 0.8298 0.8284
vt 0.8322 0.8306
vt 0.8160 0.8307
vt 0.8192 0.8294
vt 0.7808 0.9805
vt 0.7788 0.9811
vt 0.7786 0.9784
vt 0.7796 0.9770
vt 0.7767 0.9807
vt 0.7771 0.9772
vt 0.7780 0.9741
vt 0.7818 0.9848
vt 0.7808 0.9805
vt 0.7791 0.9851
vt 0.7739 0.9842
vt 0.7748 0.9801
vt 0.7767 0.9807
vt 0.7763 0.9849
vt 0.7753 0.9762
vt 0.7780 0.9741
vt 0.7760 0.9722
vt 0.7880 0.6294
vt 0.7860 0.6325
vt 0.7858 0.6307
vt 0.7869 0.6281
vt 0.7839 0.6344
vt 0.7845 0.6311
vt 0.7854 0.6276
vt 0.7911 0.6263
vt 0.7888 0.6307
vt 0.7880 0.6294
vt 0.7899 0.6254
vt 0.7863 0.6343
vt 0.7883 0.6244
vt 0.7796 0.6394
vt 0.7818 0.6348
vt 0.7839 0.6344
vt 0.7837 0.6373
vt 0.7832 0.6311
vt 0.7851 0.6230
vt 0.7865 0.6235
vt 0.7854 0.6276
vt 0.7841 0.6273
vt 0.7899 0.6318
vt 0.7918 0.6331
vt 0.7890 0.6376
vt 0.7873 0.6360
vt 0.7940 0.6345
vt 0.7913 0.6392
vt 0.7865 0.6418
vt 0.7847 0.6396
vt 0.7887 0.6439
vt 0.7925 0.6271
vt 0.7899 0.6318
vt 0.7944 0.6282
vt 0.7967 0.6294
vt 0.7992 0.6306
vt 0.7965 0.6359
vt 0.7938 0.6409
vt 0.7911 0.6459
vt 0.7889 0.6504
vt 0.7868 0.6483
vt 0.7844 0.6458
vt 0.7821 0.6432
vt 0.7854 0.6522
vt 0.7840 0.6557
vt 0.7818 0.6537
vt 0.7829 0.6498
vt 0.7826 0.6588
vt 0.7808 0.6573
vt 0.7789 0.6512
vt 0.7803 0.6472
vt 0.7778 0.6551
vt 0.7873 0.6539
vt 0.7854 0.6522
vt 0.7857 0.6570
vt 0.7843 0.6600
vt 0.7831 0.6634
vt 0.7813 0.6619
vt 0.7795 0.6606
vt 0.7766 0.6588
vt 0.7730 0.6564
vt 0.7744 0.6525
vt 0.7759 0.6486
vt 0.7775 0.6446
vt 0.7743 0.6422
vt 0.7727 0.6460
vt 0.7695 0.6432
vt 0.7711 0.6396
vt 0.7711 0.6498
vt 0.7677 0.6470
vt 0.7660 0.6400
vt 0.7681 0.6365
vt 0.7639 0.6439
vt 0.7743 0.6422
vt 0.7755 0.6385
vt 0.7696 0.6538
vt 0.7659 0.6510
vt 0.7618 0.6480
vt 0.7573 0.6448
vt 0.7598 0.6406
vt 0.7622 0.6367
vt 0.7648 0.6332
vt 0.7700 0.6335
vt 0.7673 0.6302
vt 0.7726 0.6363
vt 0.7681 0.6580
vt 0.7668 0.6623
vt 0.7626 0.6596
vt 0.7642 0.6552
vt 0.7656 0.6666
vt 0.7611 0.6639
vt 0.7579 0.6566
vt 0.7598 0.6522
vt 0.7561 0.6610
vt 0.7716 0.6605
vt 0.7681 0.6580
vt 0.7704 0.6648
vt 0.7693 0.6690
vt 0.7685 0.6733
vt 0.7646 0.6709
vt 0.7597 0.6682
vt 0.7543 0.6654
vt 0.7486 0.6624
vt 0.7507 0.6580
vt 0.7528 0.6535
vt 0.7550 0.6491
vt 0.7633 0.6757
vt 0.7620 0.6808
vt 0.7567 0.6784
vt 0.7584 0.6733
vt 0.7611 0.6856
vt 0.7556 0.6832
vt 0.7508 0.6757
vt 0.7523 0.6697
vt 0.7495 0.6808
vt 0.7674 0.6780
vt 0.7633 0.6757
vt 0.7664 0.6830
vt 0.7655 0.6877
vt 0.7647 0.6926
vt 0.7602 0.6907
vt 0.7543 0.6886
vt 0.7475 0.6866
vt 0.7400 0.6836
vt 0.7420 0.6778
vt 0.7441 0.6729
vt 0.7465 0.6672
vt 0.7595 0.6955
vt 0.7590 0.7003
vt 0.7524 0.6987
vt 0.7533 0.6936
vt 0.7586 0.7053
vt 0.7517 0.7042
vt 0.7454 0.6972
vt 0.7465 0.6917
vt 0.7446 0.7028
vt 0.7642 0.6973
vt 0.7595 0.6955
vt 0.7641 0.7026
vt 0.7641 0.7071
vt 0.7648 0.7109
vt 0.7584 0.7102
vt 0.7514 0.7096
vt 0.7441 0.7082
vt 0.7354 0.7066
vt 0.7364 0.7010
vt 0.7373 0.6952
vt 0.7387 0.6893
vt 0.7576 0.7160
vt 0.7571 0.7214
vt 0.7514 0.7210
vt 0.7513 0.7154
vt 0.7570 0.7264
vt 0.7516 0.7260
vt 0.7439 0.7197
vt 0.7438 0.7139
vt 0.7439 0.7253
vt 0.7634 0.7158
vt 0.7576 0.7160
vt 0.7622 0.7211
vt 0.7614 0.7262
vt 0.7610 0.7311
vt 0.7570 0.7313
vt 0.7516 0.7313
vt 0.7437 0.7312
vt 0.7331 0.7307
vt 0.7335 0.7244
vt 0.7339 0.7184
vt 0.7345 0.7124
vt 0.7434 0.7374
vt 0.7514 0.7371
vt 0.7510 0.7433
vt 0.7431 0.7439
vt 0.7569 0.7366
vt 0.7567 0.7424
vt 0.7503 0.7498
vt 0.7428 0.7505
vt 0.7562 0.7488
vt 0.7434 0.7374
vt 0.7330 0.7373
vt 0.7608 0.7362
vt 0.7607 0.7417
vt 0.7606 0.7478
vt 0.7600 0.7548
vt 0.7551 0.7556
vt 0.7492 0.7563
vt 0.7424 0.7568
vt 0.7333 0.7514
vt 0.7340 0.7588
vt 0.7330 0.7443
vt 0.7635 0.7360
vt 0.7660 0.7360
vt 0.7656 0.7416
vt 0.7633 0.7414
vt 0.7683 0.7364
vt 0.7681 0.7421
vt 0.7658 0.7478
vt 0.7635 0.7475
vt 0.7684 0.7483
vt 0.7641 0.7308
vt 0.7635 0.7360
vt 0.7667 0.7307
vt 0.7689 0.7311
vt 0.7707 0.7317
vt 0.7703 0.7370
vt 0.7703 0.7427
vt 0.7706 0.7489
vt 0.7712 0.7551
vt 0.7691 0.7548
vt 0.7665 0.7546
vt 0.7636 0.7545
vt 0.7720 0.7378
vt 0.7737 0.7387
vt 0.7736 0.7442
vt 0.7720 0.7434
vt 0.7756 0.7396
vt 0.7753 0.7449
vt 0.7738 0.7499
vt 0.7723 0.7494
vt 0.7752 0.7503
vt 0.7724 0.7325
vt 0.7720 0.7378
vt 0.7742 0.7334
vt 0.7763 0.7343
vt 0.7784 0.7352
vt 0.7775 0.7404
vt 0.7769 0.7455
vt 0.7766 0.7506
vt 0.7764 0.7555
vt 0.7753 0.7555
vt 0.7741 0.7554
vt 0.7728 0.7553
vt 0.7795 0.7412
vt 0.7816 0.7419
vt 0.7805 0.7466
vt 0.7787 0.7461
vt 0.7839 0.7426
vt 0.7826 0.7471
vt 0.7796 0.7511
vt 0.7780 0.7509
vt 0.7814 0.7513
vt 0.7806 0.7361
vt 0.7795 0.7412
vt 0.7828 0.7371
vt 0.7851 0.7380
vt 0.7875 0.7389
vt 0.7863 0.7432
vt 0.7849 0.7475
vt 0.7836 0.7515
vt 0.7825 0.7552
vt 0.7805 0.7553
vt 0.7789 0.7554
vt 0.7776 0.7555
vt 0.7861 0.7518
vt 0.7876 0.7479
vt 0.7905 0.7484
vt 0.7891 0.7522
vt 0.7889 0.7438
vt 0.7916 0.7445
vt 0.7935 0.7490
vt 0.7923 0.7527
vt 0.7943 0.7454
vt 0.7861 0.7518
vt 0.7850 0.7554
vt 0.7899 0.7399
vt 0.7924 0.7409
vt 0.7947 0.7421
vt 0.7967 0.7436
vt 0.7967 0.7466
vt 0.7963 0.7499
vt 0.7954 0.7534
vt 0.7912 0.7561
vt 0.7945 0.7567
vt 0.7879 0.7556
vt 0.7946 0.7392
vt 0.7926 0.7377
vt 0.7925 0.7347
vt 0.7944 0.7363
vt 0.7905 0.7363
vt 0.7905 0.7332
vt 0.7923 0.7318
vt 0.7944 0.7333
vt 0.7903 0.7302
vt 0.7946 0.7392
vt 0.7965 0.7408
vt 0.7882 0.7350
vt 0.7884 0.7316
vt 0.7883 0.7287
vt 0.7885 0.7256
vt 0.7905 0.7271
vt 0.7925 0.7285
vt 0.7948 0.7300
vt 0.7966 0.7347
vt 0.7974 0.7313
vt 0.7964 0.7379
vt 0.7862 0.7272
vt 0.7863 0.7301
vt 0.7842 0.7286
vt 0.7840 0.7256
vt 0.7860 0.7337
vt 0.7838 0.7324
vt 0.7821 0.7270
vt 0.7819 0.7240
vt 0.7816 0.7312
vt 0.7862 0.7272
vt 0.7864 0.7240
vt 0.7795 0.7301
vt 0.7801 0.7256
vt 0.7799 0.7224
vt 0.7819 0.7210
vt 0.7797 0.7195
vt 0.7842 0.7225
vt 0.7780 0.7208
vt 0.7781 0.7242
vt 0.7761 0.7231
vt 0.7763 0.7193
vt 0.7773 0.7290
vt 0.7752 0.7281
vt 0.7743 0.7222
vt 0.7746 0.7179
vt 0.7732 0.7273
vt 0.7780 0.7208
vt 0.7776 0.7181
vt 0.7715 0.7266
vt 0.7726 0.7215
vt 0.7732 0.7169
vt 0.7739 0.7153
vt 0.7726 0.7142
vt 0.7756 0.7167
vt 0.7719 0.7161
vt 0.7711 0.7209
vt 0.7692 0.7206
vt 0.7704 0.7155
vt 0.7698 0.7260
vt 0.7678 0.7257
vt 0.7663 0.7207
vt 0.7679 0.7154
vt 0.7650 0.7258
vt 0.7719 0.7161
vt 0.7714 0.7132
vt 0.7685 0.7113
vt 0.7700 0.7122
vt 0.7706 0.7106
vt 0.7688 0.7098
vt 0.7689 0.7052
vt 0.7708 0.7062
vt 0.7672 0.7085
vt 0.7669 0.7042
vt 0.7696 0.7003
vt 0.7715 0.7015
vt 0.7674 0.6989
vt 0.7706 0.7106
vt 0.7723 0.7115
vt 0.7678 0.6941
vt 0.7700 0.6956
vt 0.7718 0.6970
vt 0.7732 0.7028
vt 0.7737 0.6984
vt 0.7728 0.7073
vt 0.7725 0.6923
vt 0.7707 0.6908
vt 0.7715 0.6862
vt 0.7735 0.6876
vt 0.7685 0.6893
vt 0.7694 0.6847
vt 0.7723 0.6816
vt 0.7745 0.6832
vt 0.7703 0.6800
vt 0.7725 0.6923
vt 0.7745 0.6937
vt 0.7713 0.6754
vt 0.7733 0.6771
vt 0.7756 0.6789
vt 0.7767 0.6847
vt 0.7781 0.6805
vt 0.7756 0.6891
vt 0.7769 0.6744
vt 0.7745 0.6727
vt 0.7760 0.6686
vt 0.7783 0.6701
vt 0.7723 0.6710
vt 0.7735 0.6669
vt 0.7777 0.6644
vt 0.7798 0.6659
vt 0.7750 0.6627
vt 0.7769 0.6744
vt 0.7795 0.6761
vt 0.7818 0.6676
vt 0.7807 0.6719
vt 0.7842 0.6696
vt 0.7866 0.6715
vt 0.7854 0.6754
vt 0.7830 0.6737
vt 0.7891 0.6732
vt 0.7878 0.6769
vt 0.7841 0.6792
vt 0.7818 0.6777
vt 0.7864 0.6807
vt 0.7852 0.6653
vt 0.7842 0.6696
vt 0.7878 0.6674
vt 0.7903 0.6693
vt 0.7926 0.6710
vt 0.7914 0.6748
vt 0.7902 0.6785
vt 0.7889 0.6822
vt 0.7874 0.6863
vt 0.7850 0.6848
vt 0.7826 0.6833
vt 0.7804 0.6819
vt 0.7834 0.6892
vt 0.7821 0.6937
vt 0.7798 0.6921
vt 0.7811 0.6877
vt 0.7808 0.6984
vt 0.7786 0.6968
vt 0.7777 0.6906
vt 0.7789 0.6862
vt 0.7765 0.6953
vt 0.7858 0.6908
vt 0.7834 0.6892
vt 0.7845 0.6953
vt 0.7831 0.6999
vt 0.7821 0.7044
vt 0.7799 0.7029
vt 0.7777 0.7013
vt 0.7757 0.6998
vt 0.7793 0.7069
vt 0.7787 0.7108
vt 0.7765 0.7095
vt 0.7772 0.7054
vt 0.7779 0.7147
vt 0.7757 0.7135
vt 0.7744 0.7084
vt 0.7751 0.7041
vt 0.7738 0.7124
vt 0.7814 0.7084
vt 0.7793 0.7069
vt 0.7809 0.7122
vt 0.7802 0.7160
vt 0.7835 0.7100
vt 0.7856 0.7115
vt 0.7851 0.7153
vt 0.7830 0.7137
vt 0.7878 0.7131
vt 0.7871 0.7169
vt 0.7846 0.7189
vt 0.7825 0.7174
vt 0.7868 0.7205
vt 0.7843 0.7059
vt 0.7835 0.7100
vt 0.7866 0.7074
vt 0.7889 0.7089
vt 0.7915 0.7102
vt 0.7902 0.7145
vt 0.7893 0.7184
vt 0.7888 0.7221
vt 0.7908 0.7236
vt 0.7916 0.7199
vt 0.7942 0.7212
vt 0.7931 0.7250
vt 0.7928 0.7159
vt 0.7960 0.7170
vt 0.7974 0.7224
vt 0.7957 0.7264
vt 0.7998 0.7180
vt 0.7908 0.7236
vt 0.7946 0.7115
vt 0.7983 0.7126
vt 0.8022 0.7136
vt 0.8056 0.7149
vt 0.8038 0.7189
vt 0.8011 0.7234
vt 0.7989 0.7275
vt 0.8033 0.7101
vt 0.8002 0.7085
vt 0.8009 0.7054
vt 0.8035 0.7071
vt 0.7965 0.7072
vt 0.7977 0.7035
vt 0.8015 0.7012
vt 0.8042 0.7030
vt 0.7985 0.6992
vt 0.8033 0.7101
vt 0.8058 0.7120
vt 0.7931 0.7058
vt 0.7943 0.7017
vt 0.7955 0.6973
vt 0.7972 0.6922
vt 0.8000 0.6938
vt 0.8031 0.6954
vt 0.8058 0.6972
vt 0.8068 0.7045
vt 0.8085 0.6988
vt 0.8058 0.7089
vt 0.7930 0.6956
vt 0.7916 0.7000
vt 0.7892 0.6985
vt 0.7906 0.6940
vt 0.7903 0.7044
vt 0.7878 0.7029
vt 0.7868 0.6969
vt 0.7882 0.6924
vt 0.7855 0.7014
vt 0.7930 0.6956
vt 0.7947 0.6908
vt 0.7898 0.6878
vt 0.7923 0.6893
vt 0.7963 0.6866
vt 0.7938 0.6852
vt 0.7950 0.6817
vt 0.7974 0.6832
vt 0.7913 0.6837
vt 0.7925 0.6801
vt 0.7962 0.6781
vt 0.7987 0.6797
vt 0.7937 0.6764
vt 0.7963 0.6866
vt 0.7988 0.6879
vt 0.7950 0.6727
vt 0.7974 0.6744
vt 0.7999 0.6761
vt 0.8012 0.6811
vt 0.8025 0.6776
vt 0.8000 0.6847
vt 0.8012 0.6724
vt 0.7987 0.6707
vt 0.8002 0.6669
vt 0.8027 0.6685
vt 0.7963 0.6690
vt 0.7977 0.6652
vt 0.8018 0.6631
vt 0.8043 0.6646
vt 0.7992 0.6614
vt 0.8012 0.6724
vt 0.8037 0.6739
vt 0.7939 0.6672
vt 0.7952 0.6634
vt 0.7967 0.6598
vt 0.7986 0.6561
vt 0.8010 0.6576
vt 0.8036 0.6592
vt 0.8062 0.6607
vt 0.8068 0.6658
vt 0.8088 0.6618
vt 0.8051 0.6699
vt 0.7940 0.6582
vt 0.7926 0.6616
vt 0.7898 0.6598
vt 0.7911 0.6565
vt 0.7914 0.6654
vt 0.7888 0.6634
vt 0.7874 0.6582
vt 0.7888 0.6551
vt 0.7862 0.6615
vt 0.7940 0.6582
vt 0.7960 0.6547
vt 0.7906 0.6519
vt 0.7930 0.6531
vt 0.7985 0.6506
vt 0.7957 0.6491
vt 0.7987 0.6441
vt 0.8012 0.6457
vt 0.7933 0.6477
vt 0.7963 0.6425
vt 0.8015 0.6387
vt 0.8040 0.6401
vt 0.7991 0.6373
vt 0.7985 0.6506
vt 0.8009 0.6521
vt 0.8017 0.6319
vt 0.8042 0.6331
vt 0.8066 0.6343
vt 0.8064 0.6415
vt 0.8090 0.6355
vt 0.8036 0.6472
vt 0.8089 0.6429
vt 0.8112 0.6441
vt 0.8084 0.6499
vt 0.8060 0.6486
vt 0.8137 0.6453
vt 0.8110 0.6512
vt 0.8058 0.6549
vt 0.8033 0.6534
vt 0.8084 0.6563
vt 0.8115 0.6367
vt 0.8089 0.6429
vt 0.8139 0.6377
vt 0.8164 0.6389
vt 0.8189 0.6399
vt 0.8163 0.6464
vt 0.8136 0.6523
vt 0.8110 0.6575
vt 0.8133 0.6583
vt 0.8160 0.6532
vt 0.8184 0.6537
vt 0.8157 0.6588
vt 0.8188 0.6473
vt 0.8212 0.6480
vt 0.8212 0.6542
vt 0.8184 0.6593
vt 0.8238 0.6486
vt 0.8133 0.6583
vt 0.8111 0.6626
vt 0.8212 0.6409
vt 0.8236 0.6419
vt 0.8260 0.6428
vt 0.8285 0.6438
vt 0.8266 0.6493
vt 0.8241 0.6547
vt 0.8215 0.6598
vt 0.8163 0.6641
vt 0.8191 0.6649
vt 0.8135 0.6633
vt 0.8293 0.6500
vt 0.8321 0.6507
vt 0.8304 0.6557
vt 0.8272 0.6552
vt 0.8345 0.6512
vt 0.8329 0.6559
vt 0.8281 0.6604
vt 0.8247 0.6602
vt 0.8309 0.6603
vt 0.8311 0.6447
vt 0.8293 0.6500
vt 0.8336 0.6456
vt 0.8360 0.6463
vt 0.8376 0.6466
vt 0.8361 0.6513
vt 0.8345 0.6557
vt 0.8330 0.6601
vt 0.8316 0.6664
vt 0.8286 0.6661
vt 0.8254 0.6660
vt 0.8221 0.6655
vt 0.8265 0.6723
vt 0.8250 0.6769
vt 0.8218 0.6762
vt 0.8233 0.6717
vt 0.8237 0.6809
vt 0.8205 0.6801
vt 0.8189 0.6754
vt 0.8203 0.6708
vt 0.8176 0.6793
vt 0.8300 0.6730
vt 0.8265 0.6723
vt 0.8286 0.6776
vt 0.8274 0.6817
vt 0.8263 0.6859
vt 0.8225 0.6848
vt 0.8193 0.6839
vt 0.8164 0.6829
vt 0.8135 0.6820
vt 0.8148 0.6785
vt 0.8160 0.6745
vt 0.8174 0.6699
vt 0.8146 0.6689
vt 0.8132 0.6735
vt 0.8105 0.6725
vt 0.8119 0.6679
vt 0.8120 0.6775
vt 0.8092 0.6765
vt 0.8078 0.6713
vt 0.8093 0.6669
vt 0.8064 0.6753
vt 0.8146 0.6689
vt 0.8107 0.6811
vt 0.8079 0.6801
vt 0.8052 0.6789
vt 0.8095 0.6845
vt 0.8082 0.6881
vt 0.8054 0.6870
vt 0.8067 0.6835
vt 0.8071 0.6920
vt 0.8043 0.6905
vt 0.8026 0.6859
vt 0.8039 0.6824
vt 0.8015 0.6892
vt 0.8123 0.6855
vt 0.8095 0.6845
vt 0.8111 0.6893
vt 0.8100 0.6935
vt 0.8152 0.6866
vt 0.8182 0.6878
vt 0.8171 0.6919
vt 0.8141 0.6905
vt 0.8214 0.6890
vt 0.8203 0.6932
vt 0.8160 0.6965
vt 0.8129 0.6950
vt 0.8191 0.6980
vt 0.8152 0.6866
vt 0.8251 0.6902
vt 0.8239 0.6945
vt 0.8224 0.6993
vt 0.8207 0.7051
vt 0.8175 0.7036
vt 0.8145 0.7021
vt 0.8114 0.7004
vt 0.8161 0.7095
vt 0.8152 0.7144
vt 0.8118 0.7123
vt 0.8129 0.7076
vt 0.8144 0.7184
vt 0.8111 0.7164
vt 0.8084 0.7105
vt 0.8097 0.7060
vt 0.8079 0.7141
vt 0.8190 0.7112
vt 0.8161 0.7095
vt 0.8179 0.7162
vt 0.8172 0.7200
vt 0.8168 0.7227
vt 0.8139 0.7209
vt 0.8111 0.7189
vt 0.8084 0.7168
vt 0.8137 0.7230
vt 0.8128 0.7263
vt 0.8091 0.7252
vt 0.8108 0.7213
vt 0.8109 0.7302
vt 0.8067 0.7294
vt 0.8052 0.7242
vt 0.8076 0.7199
vt 0.8026 0.7285
vt 0.8166 0.7249
vt 0.8137 0.7230
vt 0.8161 0.7278
vt 0.8149 0.7313
vt 0.8132 0.7350
vt 0.8088 0.7342
vt 0.8044 0.7334
vt 0.8006 0.7324
vt 0.8068 0.7380
vt 0.8053 0.7417
vt 0.8016 0.7406
vt 0.8027 0.7371
vt 0.8042 0.7451
vt 0.8010 0.7439
vt 0.7987 0.7393
vt 0.7993 0.7360
vt 0.7985 0.7424
vt 0.8114 0.7388
vt 0.8068 0.7380
vt 0.8097 0.7425
vt 0.8084 0.7461
vt 0.8074 0.7494
vt 0.8037 0.7482
vt 0.8009 0.7468
vt 0.7987 0.7452
vt 0.7988 0.7480
vt 0.8010 0.7496
vt 0.8012 0.7524
vt 0.7988 0.7510
vt 0.8036 0.7511
vt 0.8037 0.7539
vt 0.8012 0.7553
vt 0.7984 0.7542
vt 0.8040 0.7567
vt 0.7988 0.7480
vt 0.8069 0.7524
vt 0.8068 0.7553
vt 0.8070 0.7581
vt 0.8072 0.7610
vt 0.8041 0.7597
vt 0.8010 0.7585
vt 0.7978 0.7575
vt 0.8104 0.7594
vt 0.8106 0.7566
vt 0.8144 0.7577
vt 0.8137 0.7605
vt 0.8111 0.7536
vt 0.8153 0.7546
vt 0.8180 0.7587
vt 0.8169 0.7614
vt 0.8192 0.7557
vt 0.8104 0.7594
vt 0.8103 0.7622
vt 0.8119 0.7504
vt 0.8164 0.7514
vt 0.8207 0.7525
vt 0.8249 0.7538
vt 0.8232 0.7569
vt 0.8216 0.7597
vt 0.8201 0.7623
vt 0.8162 0.7640
vt 0.8191 0.7647
vt 0.8133 0.7632
vt 0.8223 0.7491
vt 0.8178 0.7479
vt 0.8193 0.7444
vt 0.8239 0.7457
vt 0.8131 0.7470
vt 0.8146 0.7434
vt 0.8207 0.7408
vt 0.8251 0.7423
vt 0.8161 0.7397
vt 0.8223 0.7491
vt 0.8267 0.7506
vt 0.8176 0.7360
vt 0.8218 0.7374
vt 0.8259 0.7392
vt 0.8292 0.7442
vt 0.8296 0.7414
vt 0.8282 0.7473
vt 0.8261 0.7363
vt 0.8225 0.7342
vt 0.8227 0.7314
vt 0.8260 0.7336
vt 0.8187 0.7326
vt 0.8194 0.7294
vt 0.8227 0.7289
vt 0.8257 0.7311
vt 0.8196 0.7269
vt 0.8261 0.7363
vt 0.8294 0.7387
vt 0.8197 0.7246
vt 0.8227 0.7265
vt 0.8257 0.7284
vt 0.8287 0.7333
vt 0.8289 0.7303
vt 0.8290 0.7360
vt 0.8262 0.7251
vt 0.8230 0.7234
vt 0.8239 0.7193
vt 0.8273 0.7207
vt 0.8201 0.7217
vt 0.8208 0.7178
vt 0.8255 0.7139
vt 0.8291 0.7149
vt 0.8221 0.7126
vt 0.8262 0.7251
vt 0.8297 0.7266
vt 0.8240 0.7064
vt 0.8277 0.7073
vt 0.8314 0.7080
vt 0.8330 0.7157
vt 0.8353 0.7086
vt 0.8311 0.7218
vt 0.8336 0.7014
vt 0.8299 0.7010
vt 0.8318 0.6958
vt 0.8353 0.6961
vt 0.8260 0.7004
vt 0.8279 0.6954
vt 0.8334 0.6917
vt 0.8366 0.6919
vt 0.8295 0.6912
vt 0.8336 0.7014
vt 0.8372 0.7019
vt 0.8307 0.6870
vt 0.8348 0.6878
vt 0.8381 0.6879
vt 0.8394 0.6923
vt 0.8401 0.6881
vt 0.8386 0.6966
vt 0.8394 0.6838
vt 0.8361 0.6835
vt 0.8371 0.6791
vt 0.8407 0.6797
vt 0.8318 0.6827
vt 0.8328 0.6783
vt 0.8382 0.6746
vt 0.8420 0.6752
vt 0.8339 0.6737
vt 0.8394 0.6838
vt 0.8408 0.6837
vt 0.8350 0.6673
vt 0.8388 0.6685
vt 0.8429 0.6699
vt 0.8445 0.6751
vt 0.8460 0.6704
vt 0.8424 0.6794
vt 0.8430 0.6634
vt 0.8386 0.6616
vt 0.8387 0.6558
vt 0.8426 0.6570
vt 0.8353 0.6605
vt 0.8360 0.6554
vt 0.8395 0.6512
vt 0.8427 0.6519
vt 0.8374 0.6510
vt 0.8430 0.6634
vt 0.8467 0.6648
vt 0.8386 0.6467
vt 0.8403 0.6471
vt 0.8431 0.6478
vt 0.8462 0.6529
vt 0.8463 0.6486
vt 0.8465 0.6585
vt 0.8534 0.6642
vt 0.8517 0.6650
vt 0.8527 0.6606
vt 0.8548 0.6607
vt 0.8495 0.6654
vt 0.8499 0.6598
vt 0.8528 0.6551
vt 0.8555 0.6560
vt 0.8496 0.6540
vt 0.8541 0.6675
vt 0.8517 0.6679
vt 0.8534 0.6642
vt 0.8552 0.6637
vt 0.8495 0.6687
vt 0.8480 0.6699
vt 0.8496 0.6493
vt 0.8527 0.6498
vt 0.8556 0.6504
vt 0.8575 0.6560
vt 0.8584 0.6507
vt 0.8563 0.6602
vt 0.8502 0.6723
vt 0.8490 0.6780
vt 0.8458 0.6780
vt 0.8474 0.6728
vt 0.8480 0.6849
vt 0.8447 0.6845
vt 0.8433 0.6785
vt 0.8456 0.6739
vt 0.8421 0.6840
vt 0.8532 0.6721
vt 0.8502 0.6723
vt 0.8523 0.6779
vt 0.8513 0.6849
vt 0.8503 0.6911
vt 0.8472 0.6909
vt 0.8441 0.6903
vt 0.8416 0.6891
vt 0.8469 0.6954
vt 0.8472 0.6996
vt 0.8446 0.6984
vt 0.8442 0.6943
vt 0.8477 0.7041
vt 0.8444 0.7031
vt 0.8417 0.6973
vt 0.8418 0.6931
vt 0.8409 0.7024
vt 0.8496 0.6959
vt 0.8469 0.6954
vt 0.8495 0.7005
vt 0.8499 0.7050
vt 0.8503 0.7099
vt 0.8473 0.7096
vt 0.8432 0.7093
vt 0.8392 0.7090
vt 0.8455 0.7166
vt 0.8434 0.7244
vt 0.8391 0.7238
vt 0.8411 0.7167
vt 0.8421 0.7307
vt 0.8377 0.7294
vt 0.8350 0.7229
vt 0.8370 0.7163
vt 0.8336 0.7280
vt 0.8495 0.7162
vt 0.8455 0.7166
vt 0.8478 0.7245
vt 0.8466 0.7318
vt 0.8457 0.7365
vt 0.8411 0.7354
vt 0.8367 0.7338
vt 0.8326 0.7321
vt 0.8397 0.7394
vt 0.8384 0.7432
vt 0.8350 0.7412
vt 0.8356 0.7377
vt 0.8375 0.7469
vt 0.8349 0.7443
vt 0.8319 0.7387
vt 0.8320 0.7356
vt 0.8323 0.7414
vt 0.8442 0.7405
vt 0.8397 0.7394
vt 0.8422 0.7443
vt 0.8404 0.7484
vt 0.8396 0.7535
vt 0.8375 0.7501
vt 0.8353 0.7469
vt 0.8328 0.7440
vt 0.8380 0.7527
vt 0.8383 0.7549
vt 0.8356 0.7518
vt 0.8358 0.7493
vt 0.8376 0.7575
vt 0.8346 0.7546
vt 0.8322 0.7493
vt 0.8328 0.7465
vt 0.8309 0.7523
vt 0.8395 0.7567
vt 0.8380 0.7527
vt 0.8400 0.7589
vt 0.8399 0.7608
vt 0.8388 0.7629
vt 0.8362 0.7600
vt 0.8329 0.7574
vt 0.8290 0.7554
vt 0.8298 0.7663
vt 0.8267 0.7646
vt 0.8287 0.7625
vt 0.8320 0.7645
vt 0.8234 0.7633
vt 0.8252 0.7610
vt 0.8308 0.7601
vt 0.8342 0.7623
vt 0.8271 0.7583
vt 0.8305 0.7697
vt 0.8278 0.7678
vt 0.8298 0.7663
vt 0.8326 0.7684
vt 0.8249 0.7665
vt 0.8220 0.7655
vt 0.8370 0.7650
vt 0.8349 0.7668
vt 0.7828 0.6267
vt 0.7819 0.6301
vt 0.7807 0.6288
vt 0.7808 0.6262
vt 0.7804 0.6329
vt 0.7794 0.6301
vt 0.7787 0.6267
vt 0.7828 0.6267
vt 0.7834 0.6226
vt 0.7808 0.6224
vt 0.7785 0.6349
vt 0.7804 0.6329
vt 0.7777 0.6311
vt 0.7760 0.6236
vt 0.7782 0.6228
vt 0.7787 0.6267
vt 0.7770 0.6275
vt 0.7734 0.9723
vt 0.7735 0.9759
vt 0.7719 0.9762
vt 0.7712 0.9740
vt 0.7729 0.9795
vt 0.7710 0.9786
vt 0.7692 0.9768
vt 0.7734 0.9723
vt 0.7718 0.9833
vt 0.7729 0.9795
vt 0.7695 0.9819
vt 0.7692 0.9768
vt 0.7672 0.9801
vt 0.7752 0.6281
vt 0.7759 0.6315
vt 0.7744 0.6313
vt 0.7735 0.6291
vt 0.7760 0.6349
vt 0.7737 0.6334
vt 0.7717 0.6309
vt 0.7752 0.6281
vt 0.7739 0.6246
vt 0.7719 0.6260
vt 0.7760 0.6349
vt 0.7696 0.6278
vt 0.7717 0.6309
vt 0.8345 0.8272
vt 0.8321 0.8254
vt 0.8338 0.8224
vt 0.8361 0.8238
vt 0.8297 0.8237
vt 0.8315 0.8209
vt 0.8351 0.8193
vt 0.8373 0.8206
vt 0.8328 0.8177
vt 0.8345 0.8272
vt 0.8367 0.8292
vt 0.8274 0.8225
vt 0.8293 0.8197
vt 0.8308 0.8166
vt 0.8321 0.8128
vt 0.8339 0.8138
vt 0.8360 0.8153
vt 0.8381 0.8168
vt 0.8389 0.8216
vt 0.8396 0.8179
vt 0.8380 0.8252
vt 0.8397 0.8364
vt 0.8391 0.8340
vt 0.8400 0.8287
vt 0.8410 0.8307
vt 0.8382 0.8315
vt 0.8393 0.8268
vt 0.8402 0.8238
vt 0.8419 0.8248
vt 0.8395 0.8226
vt 0.8397 0.8364
vt 0.8397 0.8375
vt 0.8403 0.8184
vt 0.8419 0.8186
vt 0.8450 0.8185
vt 0.8444 0.8246
vt 0.8500 0.8184
vt 0.8420 0.8317
vt 0.8391 0.8112
vt 0.8370 0.8102
vt 0.8382 0.8053
vt 0.8403 0.8057
vt 0.8350 0.8094
vt 0.8363 0.8051
vt 0.8393 0.8012
vt 0.8414 0.8014
vt 0.8375 0.8010
vt 0.8391 0.8112
vt 0.8409 0.8121
vt 0.8333 0.8088
vt 0.8346 0.8049
vt 0.8358 0.8008
vt 0.8366 0.7967
vt 0.8382 0.7969
vt 0.8401 0.7971
vt 0.8422 0.7972
vt 0.8437 0.8016
vt 0.8445 0.7974
vt 0.8425 0.8061
vt 0.8499 0.8125
vt 0.8454 0.8124
vt 0.8485 0.8068
vt 0.8535 0.8075
vt 0.8427 0.8124
vt 0.8450 0.8064
vt 0.8503 0.8024
vt 0.8551 0.8031
vt 0.8464 0.8019
vt 0.8499 0.8125
vt 0.8559 0.8130
vt 0.8473 0.7976
vt 0.8512 0.7981
vt 0.8559 0.7988
vt 0.8595 0.8037
vt 0.8600 0.7994
vt 0.8585 0.8082
vt 0.8427 0.7918
vt 0.8409 0.7922
vt 0.8416 0.7868
vt 0.8426 0.7860
vt 0.8387 0.7926
vt 0.8393 0.7881
vt 0.8421 0.7824
vt 0.8429 0.7816
vt 0.8398 0.7837
vt 0.8427 0.7918
vt 0.8445 0.7920
vt 0.8370 0.7927
vt 0.8374 0.7887
vt 0.8378 0.7847
vt 0.8377 0.7811
vt 0.8397 0.7801
vt 0.8416 0.7790
vt 0.8427 0.7780
vt 0.8431 0.7812
vt 0.8428 0.7769
vt 0.8434 0.7861
vt 0.8560 0.7944
vt 0.8513 0.7935
vt 0.8501 0.7881
vt 0.8553 0.7894
vt 0.8474 0.7927
vt 0.8459 0.7869
vt 0.8475 0.7817
vt 0.8529 0.7831
vt 0.8441 0.7811
vt 0.8560 0.7944
vt 0.8601 0.7952
vt 0.8430 0.7759
vt 0.8444 0.7754
vt 0.8486 0.7758
vt 0.8587 0.7853
vt 0.8557 0.7778
vt 0.8598 0.7907
vt 0.8351 0.7708
vt 0.8372 0.7695
vt 0.8391 0.7725
vt 0.8371 0.7737
vt 0.8392 0.7679
vt 0.8409 0.7711
vt 0.8406 0.7757
vt 0.8387 0.7768
vt 0.8421 0.7744
vt 0.8351 0.7708
vt 0.8329 0.7720
vt 0.8407 0.7662
vt 0.8420 0.7696
vt 0.8425 0.7732
vt 0.8367 0.7777
vt 0.8350 0.7746
vt 0.8412 0.7645
vt 0.8410 0.7628
vt 0.8423 0.7664
vt 0.8420 0.7682
vt 0.8409 0.7608
vt 0.8423 0.7648
vt 0.8430 0.7704
vt 0.8429 0.7718
vt 0.8444 0.7695
vt 0.8412 0.7645
vt 0.8410 0.7591
vt 0.8439 0.7636
vt 0.8492 0.7694
vt 0.8605 0.8138
vt 0.8615 0.8085
vt 0.8639 0.8095
vt 0.8613 0.8144
vt 0.8620 0.8040
vt 0.8662 0.8045
vt 0.8649 0.8122
vt 0.8630 0.8184
vt 0.8673 0.8055
vt 0.8605 0.8138
vt 0.8569 0.8195
vt 0.8618 0.7998
vt 0.8662 0.7991
vt 0.8670 0.7989
vt 0.8682 0.7991
vt 0.8676 0.8062
vt 0.8673 0.8127
vt 0.8652 0.8185
vt 0.8624 0.8236
vt 0.8627 0.8240
vt 0.8586 0.8197
vt 0.8450 0.8572
vt 0.8424 0.8531
vt 0.8489 0.8533
vt 0.8512 0.8572
vt 0.8401 0.8487
vt 0.8466 0.8495
vt 0.8560 0.8531
vt 0.8571 0.8576
vt 0.8548 0.8493
vt 0.8450 0.8572
vt 0.8473 0.8617
vt 0.8393 0.8437
vt 0.8454 0.8452
vt 0.8545 0.8455
vt 0.8616 0.8447
vt 0.8612 0.8495
vt 0.8612 0.8540
vt 0.8614 0.8589
vt 0.8578 0.8627
vt 0.8616 0.8639
vt 0.8530 0.8619
vt 0.8585 0.7725
vt 0.8505 0.7623
vt 0.8581 0.7661
vt 0.8607 0.7739
vt 0.8448 0.7577
vt 0.8522 0.7583
vt 0.8588 0.7670
vt 0.8626 0.7706
vt 0.8570 0.7590
vt 0.8585 0.7725
vt 0.8612 0.7806
vt 0.8433 0.7527
vt 0.8498 0.7520
vt 0.8562 0.7521
vt 0.8609 0.7514
vt 0.8602 0.7573
vt 0.8595 0.7642
vt 0.8626 0.7699
vt 0.8643 0.7775
vt 0.8646 0.7774
vt 0.8635 0.7801
vt 0.8579 0.6634
vt 0.8590 0.6596
vt 0.8634 0.6589
vt 0.8621 0.6629
vt 0.8605 0.6553
vt 0.8647 0.6547
vt 0.8674 0.6584
vt 0.8663 0.6622
vt 0.8682 0.6546
vt 0.8579 0.6634
vt 0.8571 0.6673
vt 0.8617 0.6506
vt 0.8653 0.6505
vt 0.8687 0.6507
vt 0.8719 0.6512
vt 0.8713 0.6547
vt 0.8706 0.6581
vt 0.8697 0.6616
vt 0.8652 0.6664
vt 0.8686 0.6657
vt 0.8611 0.6671
vt 0.8614 0.9468
vt 0.8601 0.9423
vt 0.8641 0.9427
vt 0.8651 0.9469
vt 0.8585 0.9379
vt 0.8628 0.9384
vt 0.8675 0.9430
vt 0.8684 0.9469
vt 0.8664 0.9391
vt 0.8614 0.9468
vt 0.8618 0.9518
vt 0.8571 0.9334
vt 0.8614 0.9338
vt 0.8651 0.9346
vt 0.8685 0.9354
vt 0.8697 0.9395
vt 0.8706 0.9431
vt 0.8715 0.9467
vt 0.8690 0.9507
vt 0.8724 0.9502
vt 0.8656 0.9511
vt 0.8548 0.6843
vt 0.8558 0.6777
vt 0.8595 0.6772
vt 0.8586 0.6834
vt 0.8565 0.6720
vt 0.8602 0.6718
vt 0.8631 0.6765
vt 0.8620 0.6824
vt 0.8641 0.6712
vt 0.8548 0.6843
vt 0.8536 0.6906
vt 0.8676 0.6704
vt 0.8666 0.6757
vt 0.8654 0.6814
vt 0.8610 0.6884
vt 0.8645 0.6873
vt 0.8574 0.6896
vt 0.8403 0.8379
vt 0.8425 0.8333
vt 0.8503 0.8344
vt 0.8465 0.8403
vt 0.8494 0.8288
vt 0.8559 0.8230
vt 0.8579 0.8341
vt 0.8562 0.8404
vt 0.8625 0.8273
vt 0.8403 0.8379
vt 0.8635 0.8270
vt 0.8626 0.8316
vt 0.8624 0.8388
vt 0.8514 0.7053
vt 0.8519 0.7006
vt 0.8549 0.7002
vt 0.8539 0.7049
vt 0.8525 0.6958
vt 0.8560 0.6951
vt 0.8586 0.6993
vt 0.8578 0.7046
vt 0.8598 0.6940
vt 0.8514 0.7053
vt 0.8512 0.7100
vt 0.8635 0.6928
vt 0.8625 0.6984
vt 0.8617 0.7040
vt 0.8578 0.7105
vt 0.8614 0.7102
vt 0.8534 0.7101
vt 0.8516 0.7320
vt 0.8520 0.7243
vt 0.8559 0.7241
vt 0.8563 0.7310
vt 0.8515 0.7160
vt 0.8543 0.7166
vt 0.8598 0.7238
vt 0.8597 0.7295
vt 0.8588 0.7173
vt 0.8516 0.7320
vt 0.8505 0.7369
vt 0.8620 0.7169
vt 0.8625 0.7228
vt 0.8625 0.7280
vt 0.8590 0.7348
vt 0.8622 0.7331
vt 0.8551 0.7363
vt 0.8560 0.9285
vt 0.8550 0.9228
vt 0.8589 0.9233
vt 0.8601 0.9289
vt 0.8537 0.9163
vt 0.8577 0.9170
vt 0.8625 0.9240
vt 0.8638 0.9296
vt 0.8613 0.9179
vt 0.8560 0.9285
vt 0.8523 0.9100
vt 0.8562 0.9108
vt 0.8600 0.9118
vt 0.8637 0.9128
vt 0.8647 0.9188
vt 0.8660 0.9249
vt 0.8673 0.9304
vt 0.8616 0.7957
vt 0.8615 0.7914
vt 0.8658 0.7906
vt 0.8660 0.7947
vt 0.8615 0.7867
vt 0.8651 0.7858
vt 0.8666 0.7888
vt 0.8671 0.7938
vt 0.8655 0.7832
vt 0.8616 0.7957
vt 0.8662 0.7826
vt 0.8675 0.7885
vt 0.8684 0.7937
vt 0.8446 0.7483
vt 0.8468 0.7445
vt 0.8519 0.7443
vt 0.8504 0.7477
vt 0.8489 0.7409
vt 0.8536 0.7407
vt 0.8569 0.7438
vt 0.8561 0.7475
vt 0.8580 0.7396
vt 0.8446 0.7483
vt 0.8618 0.7378
vt 0.8613 0.7423
vt 0.8610 0.7466
vt 0.8511 0.9048
vt 0.8500 0.8994
vt 0.8537 0.8998
vt 0.8548 0.9051
vt 0.8490 0.8936
vt 0.8525 0.8941
vt 0.8573 0.9004
vt 0.8586 0.9060
vt 0.8562 0.8945
vt 0.8511 0.9048
vt 0.8483 0.8885
vt 0.8513 0.8886
vt 0.8558 0.8884
vt 0.8596 0.8885
vt 0.8600 0.8951
vt 0.8612 0.9010
vt 0.8625 0.9070
vt 0.8481 0.8836
vt 0.8485 0.8771
vt 0.8518 0.8760
vt 0.8510 0.8830
vt 0.8486 0.8688
vt 0.8531 0.8686
vt 0.8574 0.8749
vt 0.8563 0.8818
vt 0.8581 0.8684
vt 0.8481 0.8836
vt 0.8614 0.8693
vt 0.8612 0.8753
vt 0.8603 0.8817
vt 0.8260 0.7710
vt 0.8236 0.7697
vt 0.8209 0.7687
vt 0.8182 0.7680
vt 0.8284 0.8108
vt 0.8297 0.8073
vt 0.8309 0.8036
vt 0.8320 0.7997
vt 0.8328 0.7959
vt 0.7605 0.7584
vt 0.7554 0.7590
vt 0.7494 0.7595
vt 0.7825 0.8388
vt 0.7858 0.8378
vt 0.7429 0.7598
vt 0.7455 0.8426
vt 0.7510 0.8428
vt 0.7794 0.8395
vt 0.7362 0.7614
vt 0.7391 0.8425
vt 0.7766 0.8401
vt 0.7322 0.8427
vt 0.7741 0.8405
vt 0.7251 0.8411
vt 0.7665 0.8412
vt 0.7678 0.8410
vt 0.7652 0.8414
vt 0.7637 0.8417
vt 0.7936 0.7602
vt 0.7903 0.7595
vt 0.7621 0.8421
vt 0.7873 0.7590
vt 0.8087 0.8291
vt 0.8118 0.8281
vt 0.7846 0.7587
vt 0.8056 0.8302
vt 0.8334 0.7923
vt 0.7822 0.7586
vt 0.8024 0.8315
vt 0.8338 0.7888
vt 0.7763 0.7588
vt 0.7751 0.7588
vt 0.7992 0.8328
vt 0.8339 0.7854
vt 0.7738 0.7587
vt 0.7603 0.8425
vt 0.8337 0.7823
vt 0.7724 0.7585
vt 0.7580 0.8428
vt 0.7709 0.7584
vt 0.7550 0.8429
vt 0.8153 0.7672
vt 0.8124 0.7664
vt 0.7959 0.8342
vt 0.8095 0.7654
vt 0.7925 0.8354
vt 0.8064 0.7645
vt 0.7892 0.8367
vt 0.7691 0.7582
vt 0.7670 0.7581
vt 0.7721 0.8407
vt 0.7642 0.7582
vt 0.8223 0.8220
vt 0.8240 0.8196
vt 0.7705 0.8408
vt 0.8256 0.8170
vt 0.7691 0.8409
vt 0.8032 0.7634
vt 0.8271 0.8141
vt 0.8000 0.7622
vt 0.8201 0.8241
vt 0.7968 0.7611
vt 0.8176 0.8259
vt 0.8301 0.7746
vt 0.8283 0.7727
vt 0.8147 0.8271
vt 0.8317 0.7769
vt 0.7803 0.7587
vt 0.8329 0.7795
vt 0.7788 0.7587
vt 0.7775 0.7588
f 1024/1 1029/2 1023/3 1025/4
f 1026/5 1025/4 1023/3 1027/6
f 1028/7 1027/6 1023/3 1029/2
f 3/8 789/9 1024/10 206/11
f 206/11 1024/10 1025/4 205/12
f 789/9 790/13 1029/2 1024/10
f 4/14 204/15 1026/16 540/17
f 540/17 1026/16 1027/6 541/18
f 204/15 205/12 1025/4 1026/16
f 124/19 542/20 1028/21 791/22
f 791/22 1028/21 1029/2 790/13
f 542/20 541/18 1027/6 1028/21
f 1030/23 1033/24 1034/25 1031/26
f 1031/26 1034/25 1035/27 1032/28
f 1033/24 1036/29 1037/30 1034/25
f 1034/25 1037/30 1038/31 1035/27
f 3/8 153/32 1030/33 789/9
f 789/9 1030/33 1031/26 790/13
f 790/13 1031/26 1032/28 791/22
f 791/22 1032/28 663/34 124/19
f 1032/28 1035/27 664/35 663/34
f 1035/27 1038/31 665/36 664/35
f 1038/31 864/37 100/38 665/36
f 1037/30 865/39 864/37 1038/31
f 1036/29 866/40 865/39 1037/30
f 155/41 2/42 866/40 1036/29
f 154/43 155/41 1036/29 1033/24
f 153/32 154/43 1033/24 1030/33
f 1039/44 1042/45 1043/46 1040/47
f 1040/47 1043/46 1044/48 1041/49
f 1042/45 1045/50 1046/51 1043/46
f 1043/46 1046/51 1047/52 1044/48
f 100/38 725/53 1039/54 665/36
f 665/36 1039/54 1040/47 664/35
f 664/35 1040/47 1041/49 663/34
f 663/34 1041/49 863/55 124/19
f 1041/49 1044/48 862/56 863/55
f 1044/48 1047/52 861/57 862/56
f 1047/52 675/58 128/59 861/57
f 1046/51 676/60 675/58 1047/52
f 1045/50 677/61 676/60 1046/51
f 723/62 104/63 677/61 1045/50
f 724/64 723/62 1045/50 1042/45
f 725/53 724/64 1042/45 1039/54
f 1048/65 1051/66 1052/67 1049/68
f 1049/68 1052/67 1053/69 1050/70
f 1051/66 1054/71 1055/72 1052/67
f 1052/67 1055/72 1056/73 1053/69
f 124/19 863/55 1048/74 788/75
f 788/75 1048/74 1049/68 787/76
f 787/76 1049/68 1050/70 786/77
f 786/77 1050/70 164/78 6/79
f 1050/70 1053/69 163/80 164/78
f 1053/69 1056/73 162/81 163/80
f 1056/73 777/82 7/83 162/81
f 1055/72 778/84 777/82 1056/73
f 1054/71 779/85 778/84 1055/72
f 861/57 128/59 779/85 1054/71
f 862/56 861/57 1054/71 1051/66
f 863/55 862/56 1051/66 1048/74
f 1057/86 1060/87 1061/88 1058/89
f 1058/89 1061/88 1062/90 1059/91
f 1060/87 1063/92 1064/93 1061/88
f 1061/88 1064/93 1065/94 1062/90
f 128/59 860/95 1057/96 779/85
f 779/85 1057/96 1058/89 778/84
f 778/84 1058/89 1059/91 777/82
f 777/82 1059/91 167/97 7/83
f 1059/91 1062/90 166/98 167/97
f 1062/90 1065/94 165/99 166/98
f 1065/94 783/100 8/101 165/99
f 1064/93 784/102 783/100 1065/94
f 1063/92 785/103 784/102 1064/93
f 858/104 129/105 785/103 1063/92
f 859/106 858/104 1063/92 1060/87
f 860/95 859/106 1060/87 1057/96
f 1066/107 1069/108 1070/109 1067/110
f 1067/110 1070/109 1071/111 1068/112
f 1069/108 1072/113 1073/114 1070/109
f 1070/109 1073/114 1074/115 1071/111
f 129/105 857/116 1066/117 785/103
f 785/103 1066/117 1067/110 784/102
f 784/102 1067/110 1068/112 783/100
f 783/100 1068/112 170/118 8/101
f 1068/112 1071/111 169/119 170/118
f 1071/111 1074/115 168/120 169/119
f 1074/115 546/121 9/122 168/120
f 1073/114 547/123 546/121 1074/115
f 1072/113 548/124 547/123 1073/114
f 855/125 127/126 548/124 1072/113
f 856/127 855/125 1072/113 1069/108
f 857/116 856/127 1069/108 1066/117
f 1075/128 1078/129 1079/130 1076/131
f 1076/131 1079/130 1080/132 1077/133
f 1078/129 1081/134 1082/135 1079/130
f 1079/130 1082/135 1083/136 1080/132
f 127/126 854/137 1075/138 548/124
f 548/124 1075/138 1076/131 547/123
f 547/123 1076/131 1077/133 546/121
f 546/121 1077/133 173/139 9/122
f 1077/133 1080/132 172/140 173/139
f 1080/132 1083/136 171/141 172/140
f 1083/136 780/142 10/143 171/141
f 1082/135 781/144 780/142 1083/136
f 1081/134 782/145 781/144 1082/135
f 852/146 125/147 782/145 1081/134
f 853/148 852/146 1081/134 1078/129
f 854/137 853/148 1078/129 1075/138
f 1084/149 1087/150 1088/151 1085/152
f 1085/152 1088/151 1089/153 1086/154
f 1087/150 1090/155 1091/156 1088/151
f 1088/151 1091/156 1092/157 1089/153
f 125/147 851/158 1084/159 782/145
f 782/145 1084/159 1085/152 781/144
f 781/144 1085/152 1086/154 780/142
f 780/142 1086/154 176/160 10/143
f 1086/154 1089/153 175/161 176/160
f 1089/153 1092/157 174/162 175/161
f 1092/157 543/163 11/164 174/162
f 1091/156 544/165 543/163 1092/157
f 1090/155 545/166 544/165 1091/156
f 849/167 126/168 545/166 1090/155
f 850/169 849/167 1090/155 1087/150
f 851/158 850/169 1087/150 1084/159
f 1093/170 1096/171 1097/172 1094/173
f 1094/173 1097/172 1098/174 1095/175
f 1096/171 1099/176 1100/177 1097/172
f 1097/172 1100/177 1101/178 1098/174
f 11/164 543/163 1093/179 179/180
f 179/180 1093/179 1094/173 178/181
f 178/181 1094/173 1095/175 177/182
f 177/182 1095/175 878/183 12/184
f 1095/175 1098/174 877/185 878/183
f 1098/174 1101/178 876/186 877/185
f 1101/178 846/187 84/188 876/186
f 1100/177 847/189 846/187 1101/178
f 1099/176 848/190 847/189 1100/177
f 545/166 126/168 848/190 1099/176
f 544/165 545/166 1099/176 1096/171
f 543/163 544/165 1096/171 1093/179
f 1102/191 1105/192 1106/193 1103/194
f 1103/194 1106/193 1107/195 1104/196
f 1105/192 1108/197 1109/198 1106/193
f 1106/193 1109/198 1110/199 1107/195
f 126/168 669/200 1102/201 848/190
f 848/190 1102/201 1103/194 847/189
f 847/189 1103/194 1104/196 846/187
f 846/187 1104/196 578/202 84/188
f 1104/196 1107/195 577/203 578/202
f 1107/195 1110/199 576/204 577/203
f 1110/199 708/205 82/206 576/204
f 1109/198 709/207 708/205 1110/199
f 1108/197 710/208 709/207 1109/198
f 671/209 102/210 710/208 1108/197
f 670/211 671/209 1108/197 1105/192
f 669/200 670/211 1105/192 1102/201
f 1111/212 1114/213 1115/214 1112/215
f 1112/215 1115/214 1116/216 1113/217
f 1114/213 1117/218 1118/219 1115/214
f 1115/214 1118/219 1119/220 1116/216
f 102/210 747/221 1111/222 710/208
f 710/208 1111/222 1112/215 709/207
f 709/207 1112/215 1113/217 708/205
f 708/205 1113/217 572/223 82/206
f 1113/217 1116/216 571/224 572/223
f 1116/216 1119/220 570/225 571/224
f 1119/220 828/226 86/227 570/225
f 1118/219 829/228 828/226 1119/220
f 1117/218 830/229 829/228 1118/219
f 749/230 114/231 830/229 1117/218
f 748/232 749/230 1117/218 1114/213
f 747/221 748/232 1114/213 1111/222
f 1120/233 1123/234 1124/235 1121/236
f 1121/236 1124/235 1125/237 1122/238
f 1123/234 1126/239 1127/240 1124/235
f 1124/235 1127/240 1128/241 1125/237
f 114/231 612/242 1120/243 830/229
f 830/229 1120/243 1121/236 829/228
f 829/228 1121/236 1122/238 828/226
f 828/226 1122/238 584/244 86/227
f 1122/238 1125/237 583/245 584/244
f 1125/237 1128/241 582/246 583/245
f 1128/241 624/247 81/248 582/246
f 1127/240 625/249 624/247 1128/241
f 1126/239 626/250 625/249 1127/240
f 614/251 90/252 626/250 1126/239
f 613/253 614/251 1126/239 1123/234
f 612/242 613/253 1123/234 1120/243
f 1129/254 1132/255 1133/256 1130/257
f 1130/257 1133/256 1134/258 1131/259
f 1132/255 1135/260 1136/261 1133/256
f 1133/256 1136/261 1137/262 1134/258
f 81/248 624/247 1129/263 569/264
f 569/264 1129/263 1130/257 568/265
f 568/265 1130/257 1131/259 567/266
f 567/266 1131/259 827/267 85/268
f 1131/259 1134/258 826/269 827/267
f 1134/258 1137/262 825/270 826/269
f 1137/262 761/271 118/272 825/270
f 1136/261 760/273 761/271 1137/262
f 1135/260 759/274 760/273 1136/261
f 626/250 90/252 759/274 1135/260
f 625/249 626/250 1135/260 1132/255
f 624/247 625/249 1132/255 1129/263
f 1138/275 1141/276 1142/277 1139/278
f 1139/278 1142/277 1143/279 1140/280
f 1141/276 1144/281 1145/282 1142/277
f 1142/277 1145/282 1146/283 1143/279
f 118/272 761/271 1138/284 824/285
f 824/285 1138/284 1139/278 823/286
f 823/286 1139/278 1140/280 822/287
f 822/287 1140/280 764/288 119/289
f 1140/280 1143/279 763/290 764/288
f 1143/279 1146/283 762/291 763/290
f 1146/283 629/292 89/293 762/291
f 1145/282 628/294 629/292 1146/283
f 1144/281 627/295 628/294 1145/282
f 759/274 90/252 627/295 1144/281
f 760/273 759/274 1144/281 1141/276
f 761/271 760/273 1141/276 1138/284
f 1147/296 1150/297 1151/298 1148/299
f 1148/299 1151/298 1152/300 1149/301
f 1150/297 1153/302 1154/303 1151/298
f 1151/298 1154/303 1155/304 1152/300
f 89/293 629/292 1147/305 611/306
f 611/306 1147/305 1148/299 610/307
f 610/307 1148/299 1149/301 609/308
f 609/308 1149/301 833/309 113/310
f 1149/301 1152/300 832/311 833/309
f 1152/300 1155/304 831/312 832/311
f 1155/304 612/242 114/231 831/312
f 1154/303 613/253 612/242 1155/304
f 1153/302 614/251 613/253 1154/303
f 627/295 90/252 614/251 1153/302
f 628/294 627/295 1153/302 1150/297
f 629/292 628/294 1150/297 1147/305
f 1156/313 1159/314 1160/315 1157/316
f 1157/316 1160/315 1161/317 1158/318
f 1159/314 1162/319 1163/320 1160/315
f 1160/315 1163/320 1164/321 1161/317
f 113/310 833/309 1156/322 746/323
f 746/323 1156/322 1157/316 745/324
f 745/324 1157/316 1158/318 744/325
f 744/325 1158/318 713/326 101/327
f 1158/318 1161/317 712/328 713/326
f 1161/317 1164/321 711/329 712/328
f 1164/321 747/221 102/210 711/329
f 1163/320 748/232 747/221 1164/321
f 1162/319 749/230 748/232 1163/320
f 831/312 114/231 749/230 1162/319
f 832/311 831/312 1162/319 1159/314
f 833/309 832/311 1159/314 1156/322
f 1165/330 1168/331 1169/332 1166/333
f 1166/333 1169/332 1170/334 1167/335
f 1168/331 1171/336 1172/337 1169/332
f 1169/332 1172/337 1173/338 1170/334
f 101/327 713/326 1165/339 668/340
f 668/340 1165/339 1166/333 667/341
f 667/341 1166/333 1167/335 666/342
f 666/342 1167/335 851/158 125/147
f 1167/335 1170/334 850/169 851/158
f 1170/334 1173/338 849/167 850/169
f 1173/338 669/200 126/168 849/167
f 1172/337 670/211 669/200 1173/338
f 1171/336 671/209 670/211 1172/337
f 711/329 102/210 671/209 1171/336
f 712/328 711/329 1171/336 1168/331
f 713/326 712/328 1168/331 1165/339
f 1174/343 1177/344 1178/345 1175/346
f 1175/346 1178/345 1179/347 1176/348
f 1177/344 1180/349 1181/350 1178/345
f 1178/345 1181/350 1182/351 1179/347
f 101/327 668/340 1174/352 714/353
f 714/353 1174/352 1175/346 715/354
f 715/354 1175/346 1176/348 716/355
f 716/355 1176/348 674/356 103/357
f 1176/348 1179/347 673/358 674/356
f 1179/347 1182/351 672/359 673/358
f 1182/351 854/137 127/126 672/359
f 1181/350 853/148 854/137 1182/351
f 1180/349 852/146 853/148 1181/350
f 666/342 125/147 852/146 1180/349
f 667/341 666/342 1180/349 1177/344
f 668/340 667/341 1177/344 1174/352
f 1183/360 1186/361 1187/362 1184/363
f 1184/363 1187/362 1188/364 1185/365
f 1186/361 1189/366 1190/367 1187/362
f 1187/362 1190/367 1191/368 1188/364
f 103/357 674/356 1183/369 717/370
f 717/370 1183/369 1184/363 718/371
f 718/371 1184/363 1185/365 719/372
f 719/372 1185/365 680/373 105/374
f 1185/365 1188/364 679/375 680/373
f 1188/364 1191/368 678/376 679/375
f 1191/368 857/116 129/105 678/376
f 1190/367 856/127 857/116 1191/368
f 1189/366 855/125 856/127 1190/367
f 672/359 127/126 855/125 1189/366
f 673/358 672/359 1189/366 1186/361
f 674/356 673/358 1186/361 1183/369
f 1192/377 1195/378 1196/379 1193/380
f 1193/380 1196/379 1197/381 1194/382
f 1195/378 1198/383 1199/384 1196/379
f 1196/379 1199/384 1200/385 1197/381
f 105/374 680/373 1192/386 720/387
f 720/387 1192/386 1193/380 721/388
f 721/388 1193/380 1194/382 722/389
f 722/389 1194/382 677/61 104/63
f 1194/382 1197/381 676/60 677/61
f 1197/381 1200/385 675/58 676/60
f 1200/385 860/95 128/59 675/58
f 1199/384 859/106 860/95 1200/385
f 1198/383 858/104 859/106 1199/384
f 678/376 129/105 858/104 1198/383
f 679/375 678/376 1198/383 1195/378
f 680/373 679/375 1195/378 1192/386
f 1201/390 1204/391 1205/392 1202/393
f 1202/393 1205/392 1206/394 1203/395
f 1204/391 1207/396 1208/397 1205/392
f 1205/392 1208/397 1209/398 1206/394
f 104/63 753/399 1201/400 722/389
f 722/389 1201/400 1202/393 721/388
f 721/388 1202/393 1203/395 720/387
f 720/387 1203/395 756/401 105/374
f 1203/395 1206/394 757/402 756/401
f 1206/394 1209/398 758/403 757/402
f 1209/398 840/404 117/405 758/403
f 1208/397 841/406 840/404 1209/398
f 1207/396 842/407 841/406 1208/397
f 755/408 116/409 842/407 1207/396
f 754/410 755/408 1207/396 1204/391
f 753/399 754/410 1204/391 1201/400
f 1210/411 1213/412 1214/413 1211/414
f 1211/414 1214/413 1215/415 1212/416
f 1213/412 1216/417 1217/418 1214/413
f 1214/413 1217/418 1218/419 1215/415
f 117/405 839/420 1210/421 758/403
f 758/403 1210/421 1211/414 757/402
f 757/402 1211/414 1212/416 756/401
f 756/401 1212/416 719/372 105/374
f 1212/416 1215/415 718/371 719/372
f 1215/415 1218/419 717/370 718/371
f 1218/419 750/422 103/357 717/370
f 1217/418 751/423 750/422 1218/419
f 1216/417 752/424 751/423 1217/418
f 837/425 115/426 752/424 1216/417
f 838/427 837/425 1216/417 1213/412
f 839/420 838/427 1213/412 1210/421
f 1219/428 1222/429 1223/430 1220/431
f 1220/431 1223/430 1224/432 1221/433
f 1222/429 1225/434 1226/435 1223/430
f 1223/430 1226/435 1227/436 1224/432
f 115/426 836/437 1219/438 752/424
f 752/424 1219/438 1220/431 751/423
f 751/423 1220/431 1221/433 750/422
f 750/422 1221/433 716/355 103/357
f 1221/433 1224/432 715/354 716/355
f 1224/432 1227/436 714/353 715/354
f 1227/436 744/325 101/327 714/353
f 1226/435 745/324 744/325 1227/436
f 1225/434 746/323 745/324 1226/435
f 834/439 113/310 746/323 1225/434
f 835/440 834/439 1225/434 1222/429
f 836/437 835/440 1222/429 1219/438
f 1228/441 1231/442 1232/443 1229/444
f 1229/444 1232/443 1233/445 1230/446
f 1231/442 1234/447 1235/448 1232/443
f 1232/443 1235/448 1236/449 1233/445
f 115/426 615/450 1228/451 836/437
f 836/437 1228/451 1229/444 835/440
f 835/440 1229/444 1230/446 834/439
f 834/439 1230/446 609/308 113/310
f 1230/446 1233/445 610/307 609/308
f 1233/445 1236/449 611/306 610/307
f 1236/449 630/452 89/293 611/306
f 1235/448 631/453 630/452 1236/449
f 1234/447 632/454 631/453 1235/448
f 617/455 91/456 632/454 1234/447
f 616/457 617/455 1234/447 1231/442
f 615/450 616/457 1231/442 1228/451
f 1237/458 1240/459 1241/460 1238/461
f 1238/461 1241/460 1242/462 1239/463
f 1240/459 1243/464 1244/465 1241/460
f 1241/460 1244/465 1245/466 1242/462
f 89/293 630/452 1237/467 762/291
f 762/291 1237/467 1238/461 763/290
f 763/290 1238/461 1239/463 764/288
f 764/288 1239/463 821/468 119/289
f 1239/463 1242/462 820/469 821/468
f 1242/462 1245/466 819/470 820/469
f 1245/466 767/471 120/472 819/470
f 1244/465 766/473 767/471 1245/466
f 1243/464 765/474 766/473 1244/465
f 632/454 91/456 765/474 1243/464
f 631/453 632/454 1243/464 1240/459
f 630/452 631/453 1240/459 1237/467
f 1246/475 1249/476 1250/477 1247/478
f 1247/478 1250/477 1251/479 1248/480
f 1249/476 1252/481 1253/482 1250/477
f 1250/477 1253/482 1254/483 1251/479
f 120/472 767/471 1246/484 818/485
f 818/485 1246/484 1247/478 817/486
f 817/486 1247/478 1248/480 816/487
f 816/487 1248/480 770/488 121/489
f 1248/480 1251/479 769/490 770/488
f 1251/479 1254/483 768/491 769/490
f 1254/483 635/492 93/493 768/491
f 1253/482 634/494 635/492 1254/483
f 1252/481 633/495 634/494 1253/482
f 765/474 91/456 633/495 1252/481
f 766/473 765/474 1252/481 1249/476
f 767/471 766/473 1249/476 1246/484
f 1255/496 1258/497 1259/498 1256/499
f 1256/499 1259/498 1260/500 1257/501
f 1258/497 1261/502 1262/503 1259/498
f 1259/498 1262/503 1263/504 1260/500
f 93/493 635/492 1255/505 623/506
f 623/506 1255/505 1256/499 622/507
f 622/507 1256/499 1257/501 621/508
f 621/508 1257/501 839/420 117/405
f 1257/501 1260/500 838/427 839/420
f 1260/500 1263/504 837/425 838/427
f 1263/504 615/450 115/426 837/425
f 1262/503 616/457 615/450 1263/504
f 1261/502 617/455 616/457 1262/503
f 633/495 91/456 617/455 1261/502
f 634/494 633/495 1261/502 1258/497
f 635/492 634/494 1258/497 1255/505
f 1264/509 1267/510 1268/511 1265/512
f 1265/512 1268/511 1269/513 1266/514
f 1267/510 1270/515 1271/516 1268/511
f 1268/511 1271/516 1272/517 1269/513
f 93/493 623/506 1264/518 636/519
f 636/519 1264/518 1265/512 637/520
f 637/520 1265/512 1266/514 638/521
f 638/521 1266/514 620/522 92/523
f 1266/514 1269/513 619/524 620/522
f 1269/513 1272/517 618/525 619/524
f 1272/517 842/407 116/409 618/525
f 1271/516 841/406 842/407 1272/517
f 1270/515 840/404 841/406 1271/516
f 621/508 117/405 840/404 1270/515
f 622/507 621/508 1270/515 1267/510
f 623/506 622/507 1267/510 1264/518
f 1273/526 1276/527 1277/528 1274/529
f 1274/529 1277/528 1278/530 1275/531
f 1276/527 1279/532 1280/533 1277/528
f 1277/528 1280/533 1281/534 1278/530
f 92/523 620/522 1273/535 639/536
f 639/536 1273/535 1274/529 640/537
f 640/537 1274/529 1275/531 641/538
f 641/538 1275/531 608/539 88/540
f 1275/531 1278/530 607/541 608/539
f 1278/530 1281/534 606/542 607/541
f 1281/534 845/543 112/544 606/542
f 1280/533 844/545 845/543 1281/534
f 1279/532 843/546 844/545 1280/533
f 618/525 116/409 843/546 1279/532
f 619/524 618/525 1279/532 1276/527
f 620/522 619/524 1276/527 1273/535
f 1282/547 1285/548 1286/549 1283/550
f 1283/550 1286/549 1287/551 1284/552
f 1285/548 1288/553 1289/554 1286/549
f 1286/549 1289/554 1290/555 1287/551
f 112/544 845/543 1282/556 743/557
f 743/557 1282/556 1283/550 742/558
f 742/558 1283/550 1284/552 741/559
f 741/559 1284/552 725/53 100/38
f 1284/552 1287/551 724/64 725/53
f 1287/551 1290/555 723/62 724/64
f 1290/555 753/399 104/63 723/62
f 1289/554 754/410 753/399 1290/555
f 1288/553 755/408 754/410 1289/554
f 843/546 116/409 755/408 1288/553
f 844/545 843/546 1288/553 1285/548
f 845/543 844/545 1285/548 1282/556
f 1291/560 1294/561 1295/562 1292/563
f 1292/563 1295/562 1296/564 1293/565
f 1294/561 1297/566 1298/567 1295/562
f 1295/562 1298/567 1299/568 1296/564
f 112/544 743/557 1291/569 728/570
f 728/570 1291/569 1292/563 727/571
f 727/571 1292/563 1293/565 726/572
f 726/572 1293/565 209/573 1/574
f 1293/565 1296/564 208/575 209/573
f 1296/564 1299/568 207/576 208/575
f 1299/568 866/40 2/42 207/576
f 1298/567 865/39 866/40 1299/568
f 1297/566 864/37 865/39 1298/567
f 741/559 100/38 864/37 1297/566
f 742/558 741/559 1297/566 1294/561
f 743/557 742/558 1294/561 1291/569
f 1300/577 1303/578 1304/579 1301/580
f 1301/580 1304/579 1305/581 1302/582
f 1303/578 1306/583 1307/584 1304/579
f 1304/579 1307/584 1308/585 1305/581
f 1/574 210/586 1300/587 726/572
f 726/572 1300/587 1301/580 727/571
f 727/571 1301/580 1302/582 728/570
f 728/570 1302/582 606/542 112/544
f 1302/582 1305/581 607/541 606/542
f 1305/581 1308/585 608/539 607/541
f 1308/585 867/588 88/540 608/539
f 1307/584 868/589 867/588 1308/585
f 1306/583 869/590 868/589 1307/584
f 212/591 20/592 869/590 1306/583
f 211/593 212/591 1306/583 1303/578
f 210/586 211/593 1303/578 1300/587
f 1309/594 1312/595 1313/596 1310/597
f 1310/597 1313/596 1314/598 1311/599
f 1312/595 1315/600 1316/601 1313/596
f 1313/596 1316/601 1317/602 1314/598
f 88/540 867/588 1309/603 774/604
f 774/604 1309/603 1310/597 775/605
f 775/605 1310/597 1311/599 776/606
f 776/606 1311/599 644/607 123/608
f 1311/599 1314/598 643/609 644/607
f 1314/598 1317/602 642/610 643/609
f 1317/602 215/611 21/612 642/610
f 1316/601 214/613 215/611 1317/602
f 1315/600 213/614 214/613 1316/601
f 869/590 20/592 213/614 1315/600
f 868/589 869/590 1315/600 1312/595
f 867/588 868/589 1312/595 1309/603
f 1318/615 1321/616 1322/617 1319/618
f 1319/618 1322/617 1323/619 1320/620
f 1321/616 1324/621 1325/622 1322/617
f 1322/617 1325/622 1326/623 1323/619
f 21/612 216/624 1318/625 642/610
f 642/610 1318/625 1319/618 643/609
f 643/609 1319/618 1320/620 644/607
f 644/607 1320/620 660/626 123/608
f 1320/620 1323/619 661/627 660/626
f 1323/619 1326/623 662/628 661/627
f 1326/623 870/629 99/630 662/628
f 1325/622 871/631 870/629 1326/623
f 1324/621 872/632 871/631 1325/622
f 218/633 22/634 872/632 1324/621
f 217/635 218/633 1324/621 1321/616
f 216/624 217/635 1321/616 1318/625
f 1327/636 1330/637 1331/638 1328/639
f 1328/639 1331/638 1332/640 1329/641
f 1330/637 1333/642 1334/643 1331/638
f 1331/638 1334/643 1335/644 1332/640
f 99/630 701/645 1327/646 662/628
f 662/628 1327/646 1328/639 661/627
f 661/627 1328/639 1329/641 660/626
f 660/626 1329/641 810/647 123/608
f 1329/641 1332/640 811/648 810/647
f 1332/640 1335/644 812/649 811/648
f 1335/644 657/650 122/651 812/649
f 1334/643 658/652 657/650 1335/644
f 1333/642 659/653 658/652 1334/643
f 699/654 98/655 659/653 1333/642
f 700/656 699/654 1333/642 1330/637
f 701/645 700/656 1330/637 1327/646
f 1336/657 1339/658 1340/659 1337/660
f 1337/660 1340/659 1341/661 1338/662
f 1339/658 1342/663 1343/664 1340/659
f 1340/659 1343/664 1344/665 1341/661
f 123/608 810/647 1336/666 776/606
f 776/606 1336/666 1337/660 775/605
f 775/605 1337/660 1338/662 774/604
f 774/604 1338/662 641/538 88/540
f 1338/662 1341/661 640/537 641/538
f 1341/661 1344/665 639/536 640/537
f 1344/665 771/667 92/523 639/536
f 1343/664 772/668 771/667 1344/665
f 1342/663 773/669 772/668 1343/664
f 812/649 122/651 773/669 1342/663
f 811/648 812/649 1342/663 1339/658
f 810/647 811/648 1339/658 1336/666
f 1345/670 1348/671 1349/672 1346/673
f 1346/673 1349/672 1350/674 1347/675
f 1348/671 1351/676 1352/677 1349/672
f 1349/672 1352/677 1353/678 1350/674
f 122/651 813/679 1345/680 773/669
f 773/669 1345/680 1346/673 772/668
f 772/668 1346/673 1347/675 771/667
f 771/667 1347/675 638/521 92/523
f 1347/675 1350/674 637/520 638/521
f 1350/674 1353/678 636/519 637/520
f 1353/678 768/491 93/493 636/519
f 1352/677 769/490 768/491 1353/678
f 1351/676 770/488 769/490 1352/677
f 815/681 121/489 770/488 1351/676
f 814/682 815/681 1351/676 1348/671
f 813/679 814/682 1348/671 1345/680
f 1354/683 1357/684 1358/685 1355/686
f 1355/686 1358/685 1359/687 1356/688
f 1357/684 1360/689 1361/690 1358/685
f 1358/685 1361/690 1362/691 1359/687
f 122/651 657/650 1354/692 813/679
f 813/679 1354/692 1355/686 814/682
f 814/682 1355/686 1356/688 815/681
f 815/681 1356/688 654/693 121/489
f 1356/688 1359/687 655/694 654/693
f 1359/687 1362/691 656/695 655/694
f 1362/691 696/696 97/697 656/695
f 1361/690 697/698 696/696 1362/691
f 1360/689 698/699 697/698 1361/690
f 659/653 98/655 698/699 1360/689
f 658/652 659/653 1360/689 1357/684
f 657/650 658/652 1357/684 1354/692
f 1363/700 1366/701 1367/702 1364/703
f 1364/703 1367/702 1368/704 1365/705
f 1366/701 1369/706 1370/707 1367/702
f 1367/702 1370/707 1371/708 1368/704
f 97/697 695/709 1363/710 656/695
f 656/695 1363/710 1364/703 655/694
f 655/694 1364/703 1365/705 654/693
f 654/693 1365/705 816/487 121/489
f 1365/705 1368/704 817/486 816/487
f 1368/704 1371/708 818/485 817/486
f 1371/708 651/711 120/472 818/485
f 1370/707 652/712 651/711 1371/708
f 1369/706 653/713 652/712 1370/707
f 693/714 96/715 653/713 1369/706
f 694/716 693/714 1369/706 1366/701
f 695/709 694/716 1366/701 1363/710
f 1372/717 1375/718 1376/719 1373/720
f 1373/720 1376/719 1377/721 1374/722
f 1375/718 1378/723 1379/724 1376/719
f 1376/719 1379/724 1380/725 1377/721
f 96/715 692/726 1372/727 653/713
f 653/713 1372/727 1373/720 652/712
f 652/712 1373/720 1374/722 651/711
f 651/711 1374/722 819/470 120/472
f 1374/722 1377/721 820/469 819/470
f 1377/721 1380/725 821/468 820/469
f 1380/725 648/728 119/289 821/468
f 1379/724 649/729 648/728 1380/725
f 1378/723 650/730 649/729 1379/724
f 690/731 95/732 650/730 1378/723
f 691/733 690/731 1378/723 1375/718
f 692/726 691/733 1375/718 1372/727
f 1381/734 1384/735 1385/736 1382/737
f 1382/737 1385/736 1386/738 1383/739
f 1384/735 1387/740 1388/741 1385/736
f 1385/736 1388/741 1389/742 1386/738
f 95/732 689/743 1381/744 650/730
f 650/730 1381/744 1382/737 649/729
f 649/729 1382/737 1383/739 648/728
f 648/728 1383/739 822/287 119/289
f 1383/739 1386/738 823/286 822/287
f 1386/738 1389/742 824/285 823/286
f 1389/742 645/745 118/272 824/285
f 1388/741 646/746 645/745 1389/742
f 1387/740 647/747 646/746 1388/741
f 687/748 94/749 647/747 1387/740
f 688/750 687/748 1387/740 1384/735
f 689/743 688/750 1384/735 1381/744
f 1390/751 1393/752 1394/753 1391/754
f 1391/754 1394/753 1395/755 1392/756
f 1393/752 1396/757 1397/758 1394/753
f 1394/753 1397/758 1398/759 1395/755
f 118/272 645/745 1390/760 825/270
f 825/270 1390/760 1391/754 826/269
f 826/269 1391/754 1392/756 827/267
f 827/267 1392/756 581/761 85/268
f 1392/756 1395/755 580/762 581/761
f 1395/755 1398/759 579/763 580/762
f 1398/759 684/764 83/765 579/763
f 1397/758 685/766 684/764 1398/759
f 1396/757 686/767 685/766 1397/758
f 647/747 94/749 686/767 1396/757
f 646/746 647/747 1396/757 1393/752
f 645/745 646/746 1393/752 1390/760
f 1399/768 1402/769 1403/770 1400/771
f 1400/771 1403/770 1404/772 1401/773
f 1402/769 1405/774 1406/775 1403/770
f 1403/770 1406/775 1407/776 1404/772
f 83/765 684/764 1399/777 575/778
f 575/778 1399/777 1400/771 574/779
f 574/779 1400/771 1401/773 573/780
f 573/780 1401/773 809/781 87/782
f 1401/773 1404/772 808/783 809/781
f 1404/772 1407/776 807/784 808/783
f 1407/776 707/785 106/786 807/784
f 1406/775 706/787 707/785 1407/776
f 1405/774 705/788 706/787 1406/775
f 686/767 94/749 705/788 1405/774
f 685/766 686/767 1405/774 1402/769
f 684/764 685/766 1402/769 1399/777
f 1408/789 1411/790 1412/791 1409/792
f 1409/792 1412/791 1413/793 1410/794
f 1411/790 1414/795 1415/796 1412/791
f 1412/791 1415/796 1416/797 1413/793
f 106/786 707/785 1408/798 806/799
f 806/799 1408/798 1409/792 805/800
f 805/800 1409/792 1410/794 804/801
f 804/801 1410/794 683/802 107/803
f 1410/794 1413/793 682/804 683/802
f 1413/793 1416/797 681/805 682/804
f 1416/797 689/743 95/732 681/805
f 1415/796 688/750 689/743 1416/797
f 1414/795 687/748 688/750 1415/796
f 705/788 94/749 687/748 1414/795
f 706/787 705/788 1414/795 1411/790
f 707/785 706/787 1411/790 1408/798
f 1417/806 1420/807 1421/808 1418/809
f 1418/809 1421/808 1422/810 1419/811
f 1420/807 1423/812 1424/813 1421/808
f 1421/808 1424/813 1425/814 1422/810
f 107/803 683/802 1417/815 803/816
f 803/816 1417/815 1418/809 802/817
f 802/817 1418/809 1419/811 801/818
f 801/818 1419/811 731/819 108/820
f 1419/811 1422/810 730/821 731/819
f 1422/810 1425/814 729/822 730/821
f 1425/814 692/726 96/715 729/822
f 1424/813 691/733 692/726 1425/814
f 1423/812 690/731 691/733 1424/813
f 681/805 95/732 690/731 1423/812
f 682/804 681/805 1423/812 1420/807
f 683/802 682/804 1420/807 1417/815
f 1426/823 1429/824 1430/825 1427/826
f 1427/826 1430/825 1431/827 1428/828
f 1429/824 1432/829 1433/830 1430/825
f 1430/825 1433/830 1434/831 1431/827
f 108/820 731/819 1426/832 800/833
f 800/833 1426/832 1427/826 799/834
f 799/834 1427/826 1428/828 798/835
f 798/835 1428/828 734/836 109/837
f 1428/828 1431/827 733/838 734/836
f 1431/827 1434/831 732/839 733/838
f 1434/831 695/709 97/697 732/839
f 1433/830 694/716 695/709 1434/831
f 1432/829 693/714 694/716 1433/830
f 729/822 96/715 693/714 1432/829
f 730/821 729/822 1432/829 1429/824
f 731/819 730/821 1429/824 1426/832
f 1435/840 1438/841 1439/842 1436/843
f 1436/843 1439/842 1440/844 1437/845
f 1438/841 1441/846 1442/847 1439/842
f 1439/842 1442/847 1443/848 1440/844
f 109/837 734/836 1435/849 797/850
f 797/850 1435/849 1436/843 796/851
f 796/851 1436/843 1437/845 795/852
f 795/852 1437/845 737/853 110/854
f 1437/845 1440/844 736/855 737/853
f 1440/844 1443/848 735/856 736/855
f 1443/848 698/699 98/655 735/856
f 1442/847 697/698 698/699 1443/848
f 1441/846 696/696 697/698 1442/847
f 732/839 97/697 696/696 1441/846
f 733/838 732/839 1441/846 1438/841
f 734/836 733/838 1438/841 1435/849
f 1444/857 1447/858 1448/859 1445/860
f 1445/860 1448/859 1449/861 1446/862
f 1447/858 1450/863 1451/864 1448/859
f 1448/859 1451/864 1452/865 1449/861
f 110/854 737/853 1444/866 794/867
f 794/867 1444/866 1445/860 793/868
f 793/868 1445/860 1446/862 792/869
f 792/869 1446/862 740/870 111/871
f 1446/862 1449/861 739/872 740/870
f 1449/861 1452/865 738/873 739/872
f 1452/865 701/645 99/630 738/873
f 1451/864 700/656 701/645 1452/865
f 1450/863 699/654 700/656 1451/864
f 735/856 98/655 699/654 1450/863
f 736/855 735/856 1450/863 1447/858
f 737/853 736/855 1447/858 1444/866
f 1453/874 1456/875 1457/876 1454/877
f 1454/877 1457/876 1458/878 1455/879
f 1456/875 1459/880 1460/881 1457/876
f 1457/876 1460/881 1461/882 1458/878
f 111/871 740/870 1453/883 704/884
f 704/884 1453/883 1454/877 703/885
f 703/885 1454/877 1455/879 702/886
f 702/886 1455/879 221/887 23/888
f 1455/879 1458/878 220/889 221/887
f 1458/878 1461/882 219/890 220/889
f 1461/882 872/632 22/634 219/890
f 1460/881 871/631 872/632 1461/882
f 1459/880 870/629 871/631 1460/881
f 738/873 99/630 870/629 1459/880
f 739/872 738/873 1459/880 1456/875
f 740/870 739/872 1456/875 1453/883
f 1462/891 1465/892 1466/893 1463/894
f 1463/894 1466/893 1467/895 1464/896
f 1465/892 1468/897 1469/898 1466/893
f 1466/893 1469/898 1470/899 1467/895
f 75/900 605/901 1462/902 875/903
f 875/903 1462/902 1463/894 874/904
f 874/904 1463/894 1464/896 873/905
f 873/905 1464/896 224/906 24/907
f 1464/896 1467/895 223/908 224/906
f 1467/895 1470/899 222/909 223/908
f 1470/899 702/886 23/888 222/909
f 1469/898 703/885 702/886 1470/899
f 1468/897 704/884 703/885 1469/898
f 603/910 111/871 704/884 1468/897
f 604/911 603/910 1468/897 1465/892
f 605/901 604/911 1465/892 1462/902
f 1471/912 1474/913 1475/914 1472/915
f 1472/915 1475/914 1476/916 1473/917
f 1474/913 1477/918 1478/919 1475/914
f 1475/914 1478/919 1479/920 1476/916
f 75/900 549/921 1471/922 605/901
f 605/901 1471/922 1472/915 604/911
f 604/911 1472/915 1473/917 603/910
f 603/910 1473/917 792/869 111/871
f 1473/917 1476/916 793/868 792/869
f 1476/916 1479/920 794/867 793/868
f 1479/920 600/923 110/854 794/867
f 1478/919 601/924 600/923 1479/920
f 1477/918 602/925 601/924 1478/919
f 551/926 76/927 602/925 1477/918
f 550/928 551/926 1477/918 1474/913
f 549/921 550/928 1474/913 1471/922
f 1480/929 1483/930 1484/931 1481/932
f 1481/932 1484/931 1485/933 1482/934
f 1483/930 1486/935 1487/936 1484/931
f 1484/931 1487/936 1488/937 1485/933
f 76/927 552/938 1480/939 602/925
f 602/925 1480/939 1481/932 601/924
f 601/924 1481/932 1482/934 600/923
f 600/923 1482/934 795/852 110/854
f 1482/934 1485/933 796/851 795/852
f 1485/933 1488/937 797/850 796/851
f 1488/937 597/940 109/837 797/850
f 1487/936 598/941 597/940 1488/937
f 1486/935 599/942 598/941 1487/936
f 554/943 77/944 599/942 1486/935
f 553/945 554/943 1486/935 1483/930
f 552/938 553/945 1483/930 1480/939
f 1489/946 1492/947 1493/948 1490/949
f 1490/949 1493/948 1494/950 1491/951
f 1492/947 1495/952 1496/953 1493/948
f 1493/948 1496/953 1497/954 1494/950
f 77/944 555/955 1489/956 599/942
f 599/942 1489/956 1490/949 598/941
f 598/941 1490/949 1491/951 597/940
f 597/940 1491/951 798/835 109/837
f 1491/951 1494/950 799/834 798/835
f 1494/950 1497/954 800/833 799/834
f 1497/954 594/957 108/820 800/833
f 1496/953 595/958 594/957 1497/954
f 1495/952 596/959 595/958 1496/953
f 557/960 78/961 596/959 1495/952
f 556/962 557/960 1495/952 1492/947
f 555/955 556/962 1492/947 1489/956
f 1498/963 1501/964 1502/965 1499/966
f 1499/966 1502/965 1503/967 1500/968
f 1501/964 1504/969 1505/970 1502/965
f 1502/965 1505/970 1506/971 1503/967
f 78/961 558/972 1498/973 596/959
f 596/959 1498/973 1499/966 595/958
f 595/958 1499/966 1500/968 594/957
f 594/957 1500/968 801/818 108/820
f 1500/968 1503/967 802/817 801/818
f 1503/967 1506/971 803/816 802/817
f 1506/971 591/974 107/803 803/816
f 1505/970 592/975 591/974 1506/971
f 1504/969 593/976 592/975 1505/970
f 560/977 79/978 593/976 1504/969
f 559/979 560/977 1504/969 1501/964
f 558/972 559/979 1501/964 1498/973
f 1507/980 1510/981 1511/982 1508/983
f 1508/983 1511/982 1512/984 1509/985
f 1510/981 1513/986 1514/987 1511/982
f 1511/982 1514/987 1515/988 1512/984
f 79/978 561/989 1507/990 593/976
f 593/976 1507/990 1508/983 592/975
f 592/975 1508/983 1509/985 591/974
f 591/974 1509/985 804/801 107/803
f 1509/985 1512/984 805/800 804/801
f 1512/984 1515/988 806/799 805/800
f 1515/988 588/991 106/786 806/799
f 1514/987 589/992 588/991 1515/988
f 1513/986 590/993 589/992 1514/987
f 563/994 80/995 590/993 1513/986
f 562/996 563/994 1513/986 1510/981
f 561/989 562/996 1510/981 1507/990
f 1516/997 1519/998 1520/999 1517/1000
f 1517/1000 1520/999 1521/1001 1518/1002
f 1519/998 1522/1003 1523/1004 1520/999
f 1520/999 1523/1004 1524/1005 1521/1001
f 74/1006 585/1007 1516/1008 566/1009
f 566/1009 1516/1008 1517/1000 565/1010
f 565/1010 1517/1000 1518/1002 564/1011
f 564/1011 1518/1002 590/993 80/995
f 1518/1002 1521/1001 589/992 590/993
f 1521/1001 1524/1005 588/991 589/992
f 1524/1005 807/784 106/786 588/991
f 1523/1004 808/783 807/784 1524/1005
f 1522/1003 809/781 808/783 1523/1004
f 587/1012 87/782 809/781 1522/1003
f 586/1013 587/1012 1522/1003 1519/998
f 585/1007 586/1013 1519/998 1516/1008
f 1526/1014 1531/1015 1525/1016 1527/1017
f 1528/1018 1527/1017 1525/1016 1529/1019
f 1530/1020 1529/1019 1525/1016 1531/1015
f 4/14 540/17 1526/1021 158/1022
f 158/1022 1526/1021 1527/1017 157/1023
f 540/17 541/18 1531/1015 1526/1021
f 5/1024 156/1025 1528/1026 881/1027
f 881/1027 1528/1026 1529/1019 880/1028
f 156/1025 157/1023 1527/1017 1528/1026
f 124/19 879/1029 1530/1030 542/20
f 542/20 1530/1030 1531/1015 541/18
f 879/1029 880/1028 1529/1019 1530/1030
f 1533/1031 1538/1032 1532/1033 1534/1034
f 1535/1035 1534/1034 1532/1033 1536/1036
f 1537/1037 1536/1036 1532/1033 1538/1032
f 3/1038 206/1039 1533/1040 525/1041
f 525/1041 1533/1040 1534/1034 526/1042
f 206/1039 205/1043 1538/1032 1533/1040
f 68/1044 527/1045 1535/1046 539/1047
f 539/1047 1535/1046 1536/1036 538/1048
f 527/1045 526/1042 1534/1034 1535/1046
f 4/1049 537/1050 1537/1051 204/1052
f 204/1052 1537/1051 1538/1032 205/1043
f 537/1050 538/1048 1536/1036 1537/1051
f 1539/1053 1542/1054 1543/1055 1540/1056
f 1540/1056 1543/1055 1544/1057 1541/1058
f 1542/1054 1545/1059 1546/1060 1543/1055
f 1543/1055 1546/1060 1547/1061 1544/1057
f 3/1038 525/1041 1539/1062 153/1063
f 153/1063 1539/1062 1540/1056 154/1064
f 154/1064 1540/1056 1541/1058 155/1065
f 155/1065 1541/1058 386/1066 2/1067
f 1541/1058 1544/1057 385/1068 386/1066
f 1544/1057 1547/1061 384/1069 385/1068
f 1547/1061 323/1070 44/1071 384/1069
f 1546/1060 322/1072 323/1070 1547/1061
f 1545/1059 321/1073 322/1072 1546/1060
f 527/1045 68/1044 321/1073 1545/1059
f 526/1042 527/1045 1545/1059 1542/1054
f 525/1041 526/1042 1542/1054 1539/1062
f 1548/1074 1551/1075 1552/1076 1549/1077
f 1549/1077 1552/1076 1553/1078 1550/1079
f 1551/1075 1554/1080 1555/1081 1552/1076
f 1552/1076 1555/1081 1556/1082 1553/1078
f 44/1071 323/1070 1548/1083 383/1084
f 383/1084 1548/1083 1549/1077 382/1085
f 382/1085 1549/1077 1550/1079 381/1086
f 381/1086 1550/1079 335/1087 48/1088
f 1550/1079 1553/1078 334/1089 335/1087
f 1553/1078 1556/1082 333/1090 334/1089
f 1556/1082 522/1091 72/1092 333/1090
f 1555/1081 523/1093 522/1091 1556/1082
f 1554/1080 524/1094 523/1093 1555/1081
f 321/1073 68/1044 524/1094 1554/1080
f 322/1072 321/1073 1554/1080 1551/1075
f 323/1070 322/1072 1551/1075 1548/1083
f 1557/1095 1560/1096 1561/1097 1558/1098
f 1558/1098 1561/1097 1562/1099 1559/1100
f 1560/1096 1563/1101 1564/1102 1561/1097
f 1561/1097 1564/1102 1565/1103 1562/1099
f 68/1044 437/1104 1557/1105 524/1094
f 524/1094 1557/1105 1558/1098 523/1093
f 523/1093 1558/1098 1559/1100 522/1091
f 522/1091 1559/1100 449/1106 72/1092
f 1559/1100 1562/1099 448/1107 449/1106
f 1562/1099 1565/1103 447/1108 448/1107
f 1565/1103 162/1109 7/1110 447/1108
f 1564/1102 163/1111 162/1109 1565/1103
f 1563/1101 164/1112 163/1111 1564/1102
f 435/1113 6/1114 164/1112 1563/1101
f 436/1115 435/1113 1563/1101 1560/1096
f 437/1104 436/1115 1560/1096 1557/1105
f 1566/1116 1569/1117 1570/1118 1567/1119
f 1567/1119 1570/1118 1571/1120 1568/1121
f 1569/1117 1572/1122 1573/1123 1570/1118
f 1570/1118 1573/1123 1574/1124 1571/1120
f 72/1092 449/1106 1566/1125 521/1126
f 521/1126 1566/1125 1567/1119 520/1127
f 520/1127 1567/1119 1568/1121 519/1128
f 519/1128 1568/1121 452/1129 73/1130
f 1568/1121 1571/1120 451/1131 452/1129
f 1571/1120 1574/1124 450/1132 451/1131
f 1574/1124 165/1133 8/1134 450/1132
f 1573/1123 166/1135 165/1133 1574/1124
f 1572/1122 167/1136 166/1135 1573/1123
f 447/1108 7/1110 167/1136 1572/1122
f 448/1107 447/1108 1572/1122 1569/1117
f 449/1106 448/1107 1569/1117 1566/1125
f 1575/1137 1578/1138 1579/1139 1576/1140
f 1576/1140 1579/1139 1580/1141 1577/1142
f 1578/1138 1581/1143 1582/1144 1579/1139
f 1579/1139 1582/1144 1583/1145 1580/1141
f 73/1130 452/1129 1575/1146 518/1147
f 518/1147 1575/1146 1576/1140 517/1148
f 517/1148 1576/1140 1577/1142 516/1149
f 516/1149 1577/1142 446/1150 71/1151
f 1577/1142 1580/1141 445/1152 446/1150
f 1580/1141 1583/1145 444/1153 445/1152
f 1583/1145 168/1154 9/1155 444/1153
f 1582/1144 169/1156 168/1154 1583/1145
f 1581/1143 170/1157 169/1156 1582/1144
f 450/1132 8/1134 170/1157 1581/1143
f 451/1131 450/1132 1581/1143 1578/1138
f 452/1129 451/1131 1578/1138 1575/1146
f 1584/1158 1587/1159 1588/1160 1585/1161
f 1585/1161 1588/1160 1589/1162 1586/1163
f 1587/1159 1590/1164 1591/1165 1588/1160
f 1588/1160 1591/1165 1592/1166 1589/1162
f 71/1151 446/1150 1584/1167 515/1168
f 515/1168 1584/1167 1585/1161 514/1169
f 514/1169 1585/1161 1586/1163 513/1170
f 513/1170 1586/1163 440/1171 69/1172
f 1586/1163 1589/1162 439/1173 440/1171
f 1589/1162 1592/1166 438/1174 439/1173
f 1592/1166 171/1175 10/1176 438/1174
f 1591/1165 172/1177 171/1175 1592/1166
f 1590/1164 173/1178 172/1177 1591/1165
f 444/1153 9/1155 173/1178 1590/1164
f 445/1152 444/1153 1590/1164 1587/1159
f 446/1150 445/1152 1587/1159 1584/1167
f 1593/1179 1596/1180 1597/1181 1594/1182
f 1594/1182 1597/1181 1598/1183 1595/1184
f 1596/1180 1599/1185 1600/1186 1597/1181
f 1597/1181 1600/1186 1601/1187 1598/1183
f 69/1172 440/1171 1593/1188 512/1189
f 512/1189 1593/1188 1594/1182 511/1190
f 511/1190 1594/1182 1595/1184 510/1191
f 510/1191 1595/1184 443/1192 70/1193
f 1595/1184 1598/1183 442/1194 443/1192
f 1598/1183 1601/1187 441/1195 442/1194
f 1601/1187 174/1196 11/1197 441/1195
f 1600/1186 175/1198 174/1196 1601/1187
f 1599/1185 176/1199 175/1198 1600/1186
f 438/1174 10/1176 176/1199 1599/1185
f 439/1173 438/1174 1599/1185 1596/1180
f 440/1171 439/1173 1596/1180 1593/1188
f 1602/1200 1605/1201 1606/1202 1603/1203
f 1603/1203 1606/1202 1607/1204 1604/1205
f 1605/1201 1608/1206 1609/1207 1606/1202
f 1606/1202 1609/1207 1610/1208 1607/1204
f 11/1197 179/1209 1602/1210 441/1195
f 441/1195 1602/1210 1603/1203 442/1194
f 442/1194 1603/1203 1604/1205 443/1192
f 443/1192 1604/1205 509/1211 70/1193
f 1604/1205 1607/1204 508/1212 509/1211
f 1607/1204 1610/1208 507/1213 508/1212
f 1610/1208 180/1214 28/1215 507/1213
f 1609/1207 181/1216 180/1214 1610/1208
f 1608/1206 182/1217 181/1216 1609/1207
f 177/1218 12/1219 182/1217 1608/1206
f 178/1220 177/1218 1608/1206 1605/1201
f 179/1209 178/1220 1605/1201 1602/1210
f 1611/1221 1614/1222 1615/1223 1612/1224
f 1612/1224 1615/1223 1616/1225 1613/1226
f 1614/1222 1617/1227 1618/1228 1615/1223
f 1615/1223 1618/1228 1619/1229 1616/1225
f 70/1193 509/1211 1611/1230 327/1231
f 327/1231 1611/1230 1612/1224 328/1232
f 328/1232 1612/1224 1613/1226 329/1233
f 329/1233 1613/1226 368/1234 46/1235
f 1613/1226 1616/1225 367/1236 368/1234
f 1616/1225 1619/1229 366/1237 367/1236
f 1619/1229 234/1238 26/1239 366/1237
f 1618/1228 235/1240 234/1238 1619/1229
f 1617/1227 236/1241 235/1240 1618/1228
f 507/1213 28/1215 236/1241 1617/1227
f 508/1212 507/1213 1617/1227 1614/1222
f 509/1211 508/1212 1614/1222 1611/1230
f 1620/1242 1623/1243 1624/1244 1621/1245
f 1621/1245 1624/1244 1625/1246 1622/1247
f 1623/1243 1626/1248 1627/1249 1624/1244
f 1624/1244 1627/1249 1628/1250 1625/1246
f 46/1235 368/1234 1620/1251 405/1252
f 405/1252 1620/1251 1621/1245 406/1253
f 406/1253 1621/1245 1622/1247 407/1254
f 407/1254 1622/1247 491/1255 58/1256
f 1622/1247 1625/1246 490/1257 491/1255
f 1625/1246 1628/1250 489/1258 490/1257
f 1628/1250 228/1259 30/1260 489/1258
f 1627/1249 229/1261 228/1259 1628/1250
f 1626/1248 230/1262 229/1261 1627/1249
f 366/1237 26/1239 230/1262 1626/1248
f 367/1236 366/1237 1626/1248 1623/1243
f 368/1234 367/1236 1623/1243 1620/1251
f 1629/1263 1632/1264 1633/1265 1630/1266
f 1630/1266 1633/1265 1634/1267 1631/1268
f 1632/1264 1635/1269 1636/1270 1633/1265
f 1633/1265 1636/1270 1637/1271 1634/1267
f 58/1256 491/1255 1629/1272 270/1273
f 270/1273 1629/1272 1630/1266 271/1274
f 271/1274 1630/1266 1631/1268 272/1275
f 272/1275 1631/1268 284/1276 34/1277
f 1631/1268 1634/1267 283/1278 284/1276
f 1634/1267 1637/1271 282/1279 283/1278
f 1637/1271 240/1280 25/1281 282/1279
f 1636/1270 241/1282 240/1280 1637/1271
f 1635/1269 242/1283 241/1282 1636/1270
f 489/1258 30/1260 242/1283 1635/1269
f 490/1257 489/1258 1635/1269 1632/1264
f 491/1255 490/1257 1632/1264 1629/1272
f 1638/1284 1641/1285 1642/1286 1639/1287
f 1639/1287 1642/1286 1643/1288 1640/1289
f 1641/1285 1644/1290 1645/1291 1642/1286
f 1642/1286 1645/1291 1646/1292 1643/1288
f 25/1281 227/1293 1638/1294 282/1279
f 282/1279 1638/1294 1639/1287 283/1278
f 283/1278 1639/1287 1640/1289 284/1276
f 284/1276 1640/1289 417/1295 34/1277
f 1640/1289 1643/1288 418/1296 417/1295
f 1643/1288 1646/1292 419/1297 418/1296
f 1646/1292 486/1298 62/1299 419/1297
f 1645/1291 487/1300 486/1298 1646/1292
f 1644/1290 488/1301 487/1300 1645/1291
f 225/1302 29/1303 488/1301 1644/1290
f 226/1304 225/1302 1644/1290 1641/1285
f 227/1293 226/1304 1641/1285 1638/1294
f 1647/1305 1650/1306 1651/1307 1648/1308
f 1648/1308 1651/1307 1652/1309 1649/1310
f 1650/1306 1653/1311 1654/1312 1651/1307
f 1651/1307 1654/1312 1655/1313 1652/1309
f 62/1299 485/1314 1647/1315 419/1297
f 419/1297 1647/1315 1648/1308 418/1296
f 418/1296 1648/1308 1649/1310 417/1295
f 417/1295 1649/1310 285/1316 34/1277
f 1649/1310 1652/1309 286/1317 285/1316
f 1652/1309 1655/1313 287/1318 286/1317
f 1655/1313 420/1319 33/1320 287/1318
f 1654/1312 421/1321 420/1319 1655/1313
f 1653/1311 422/1322 421/1321 1654/1312
f 483/1323 63/1324 422/1322 1653/1311
f 484/1325 483/1323 1653/1311 1650/1306
f 485/1314 484/1325 1650/1306 1647/1315
f 1656/1326 1659/1327 1660/1328 1657/1329
f 1657/1329 1660/1328 1661/1330 1658/1331
f 1659/1327 1662/1332 1663/1333 1660/1328
f 1660/1328 1663/1333 1664/1334 1661/1330
f 33/1320 269/1335 1656/1336 287/1318
f 287/1318 1656/1336 1657/1329 286/1317
f 286/1317 1657/1329 1658/1331 285/1316
f 285/1316 1658/1331 272/1275 34/1277
f 1658/1331 1661/1330 271/1274 272/1275
f 1661/1330 1664/1334 270/1273 271/1274
f 1664/1334 492/1337 58/1256 270/1273
f 1663/1333 493/1338 492/1337 1664/1334
f 1662/1332 494/1339 493/1338 1663/1333
f 267/1340 57/1341 494/1339 1662/1332
f 268/1342 267/1340 1662/1332 1659/1327
f 269/1335 268/1342 1659/1327 1656/1336
f 1665/1343 1668/1344 1669/1345 1666/1346
f 1666/1346 1669/1345 1670/1347 1667/1348
f 1668/1344 1671/1349 1672/1350 1669/1345
f 1669/1345 1672/1350 1673/1351 1670/1347
f 57/1341 404/1352 1665/1353 494/1339
f 494/1339 1665/1353 1666/1346 493/1338
f 493/1338 1666/1346 1667/1348 492/1337
f 492/1337 1667/1348 407/1254 58/1256
f 1667/1348 1670/1347 406/1253 407/1254
f 1670/1347 1673/1351 405/1252 406/1253
f 1673/1351 369/1354 46/1235 405/1252
f 1672/1350 370/1355 369/1354 1673/1351
f 1671/1349 371/1356 370/1355 1672/1350
f 402/1357 45/1358 371/1356 1671/1349
f 403/1359 402/1357 1671/1349 1668/1344
f 404/1352 403/1359 1668/1344 1665/1353
f 1674/1360 1677/1361 1678/1362 1675/1363
f 1675/1363 1678/1362 1679/1364 1676/1365
f 1677/1361 1680/1366 1681/1367 1678/1362
f 1678/1362 1681/1367 1682/1368 1679/1364
f 45/1358 326/1369 1674/1370 371/1356
f 371/1356 1674/1370 1675/1363 370/1355
f 370/1355 1675/1363 1676/1365 369/1354
f 369/1354 1676/1365 329/1233 46/1235
f 1676/1365 1679/1364 328/1232 329/1233
f 1679/1364 1682/1368 327/1231 328/1232
f 1682/1368 510/1191 70/1193 327/1231
f 1681/1367 511/1190 510/1191 1682/1368
f 1680/1366 512/1189 511/1190 1681/1367
f 324/1371 69/1172 512/1189 1680/1366
f 325/1372 324/1371 1680/1366 1677/1361
f 326/1369 325/1372 1677/1361 1674/1370
f 1683/1373 1686/1374 1687/1375 1684/1376
f 1684/1376 1687/1375 1688/1377 1685/1378
f 1686/1374 1689/1379 1690/1380 1687/1375
f 1687/1375 1690/1380 1691/1381 1688/1377
f 45/1358 372/1382 1683/1383 326/1369
f 326/1369 1683/1383 1684/1376 325/1372
f 325/1372 1684/1376 1685/1378 324/1371
f 324/1371 1685/1378 513/1170 69/1172
f 1685/1378 1688/1377 514/1169 513/1170
f 1688/1377 1691/1381 515/1168 514/1169
f 1691/1381 330/1384 71/1151 515/1168
f 1690/1380 331/1385 330/1384 1691/1381
f 1689/1379 332/1386 331/1385 1690/1380
f 374/1387 47/1388 332/1386 1689/1379
f 373/1389 374/1387 1689/1379 1686/1374
f 372/1382 373/1389 1686/1374 1683/1383
f 1692/1390 1695/1391 1696/1392 1693/1393
f 1693/1393 1696/1392 1697/1394 1694/1395
f 1695/1391 1698/1396 1699/1397 1696/1392
f 1696/1392 1699/1397 1700/1398 1697/1394
f 47/1388 375/1399 1692/1400 332/1386
f 332/1386 1692/1400 1693/1393 331/1385
f 331/1385 1693/1393 1694/1395 330/1384
f 330/1384 1694/1395 516/1149 71/1151
f 1694/1395 1697/1394 517/1148 516/1149
f 1697/1394 1700/1398 518/1147 517/1148
f 1700/1398 336/1401 73/1130 518/1147
f 1699/1397 337/1402 336/1401 1700/1398
f 1698/1396 338/1403 337/1402 1699/1397
f 377/1404 49/1405 338/1403 1698/1396
f 376/1406 377/1404 1698/1396 1695/1391
f 375/1399 376/1406 1695/1391 1692/1400
f 1701/1407 1704/1408 1705/1409 1702/1410
f 1702/1410 1705/1409 1706/1411 1703/1412
f 1704/1408 1707/1413 1708/1414 1705/1409
f 1705/1409 1708/1414 1709/1415 1706/1411
f 49/1405 378/1416 1701/1417 338/1403
f 338/1403 1701/1417 1702/1410 337/1402
f 337/1402 1702/1410 1703/1412 336/1401
f 336/1401 1703/1412 519/1128 73/1130
f 1703/1412 1706/1411 520/1127 519/1128
f 1706/1411 1709/1415 521/1126 520/1127
f 1709/1415 333/1090 72/1092 521/1126
f 1708/1414 334/1089 333/1090 1709/1415
f 1707/1413 335/1087 334/1089 1708/1414
f 380/1418 48/1088 335/1087 1707/1413
f 379/1419 380/1418 1707/1413 1704/1408
f 378/1416 379/1419 1704/1408 1701/1417
f 1710/1420 1713/1421 1714/1422 1711/1423
f 1711/1423 1714/1422 1715/1424 1712/1425
f 1713/1421 1716/1426 1717/1427 1714/1422
f 1714/1422 1717/1427 1718/1428 1715/1424
f 48/1088 380/1418 1710/1429 411/1430
f 411/1430 1710/1429 1711/1423 412/1431
f 412/1431 1711/1423 1712/1425 413/1432
f 413/1432 1712/1425 503/1433 60/1434
f 1712/1425 1715/1424 502/1435 503/1433
f 1715/1424 1718/1428 501/1436 502/1435
f 1718/1428 416/1437 61/1438 501/1436
f 1717/1427 415/1439 416/1437 1718/1428
f 1716/1426 414/1440 415/1439 1717/1427
f 378/1416 49/1405 414/1440 1716/1426
f 379/1419 378/1416 1716/1426 1713/1421
f 380/1418 379/1419 1713/1421 1710/1429
f 1719/1441 1722/1442 1723/1443 1720/1444
f 1720/1444 1723/1443 1724/1445 1721/1446
f 1722/1442 1725/1447 1726/1448 1723/1443
f 1723/1443 1726/1448 1727/1449 1724/1445
f 61/1438 416/1437 1719/1450 500/1451
f 500/1451 1719/1450 1720/1444 499/1452
f 499/1452 1720/1444 1721/1446 498/1453
f 498/1453 1721/1446 410/1454 59/1455
f 1721/1446 1724/1445 409/1456 410/1454
f 1724/1445 1727/1449 408/1457 409/1456
f 1727/1449 375/1399 47/1388 408/1457
f 1726/1448 376/1406 375/1399 1727/1449
f 1725/1447 377/1404 376/1406 1726/1448
f 414/1440 49/1405 377/1404 1725/1447
f 415/1439 414/1440 1725/1447 1722/1442
f 416/1437 415/1439 1722/1442 1719/1450
f 1728/1458 1731/1459 1732/1460 1729/1461
f 1729/1461 1732/1460 1733/1462 1730/1463
f 1731/1459 1734/1464 1735/1465 1732/1460
f 1732/1460 1735/1465 1736/1466 1733/1462
f 59/1455 410/1454 1728/1467 497/1468
f 497/1468 1728/1467 1729/1461 496/1469
f 496/1469 1729/1461 1730/1463 495/1470
f 495/1470 1730/1463 404/1352 57/1341
f 1730/1463 1733/1462 403/1359 404/1352
f 1733/1462 1736/1466 402/1357 403/1359
f 1736/1466 372/1382 45/1358 402/1357
f 1735/1465 373/1389 372/1382 1736/1466
f 1734/1464 374/1387 373/1389 1735/1465
f 408/1457 47/1388 374/1387 1734/1464
f 409/1456 408/1457 1734/1464 1731/1459
f 410/1454 409/1456 1731/1459 1728/1467
f 1737/1471 1740/1472 1741/1473 1738/1474
f 1738/1474 1741/1473 1742/1475 1739/1476
f 1740/1472 1743/1477 1744/1478 1741/1473
f 1741/1473 1744/1478 1745/1479 1742/1475
f 59/1455 497/1468 1737/1480 273/1481
f 273/1481 1737/1480 1738/1474 274/1482
f 274/1482 1738/1474 1739/1476 275/1483
f 275/1483 1739/1476 290/1484 35/1485
f 1739/1476 1742/1475 289/1486 290/1484
f 1742/1475 1745/1479 288/1487 289/1486
f 1745/1479 269/1335 33/1320 288/1487
f 1744/1478 268/1342 269/1335 1745/1479
f 1743/1477 267/1340 268/1342 1744/1478
f 495/1470 57/1341 267/1340 1743/1477
f 496/1469 495/1470 1743/1477 1740/1472
f 497/1468 496/1469 1740/1472 1737/1480
f 1746/1488 1749/1489 1750/1490 1747/1491
f 1747/1491 1750/1490 1751/1492 1748/1493
f 1749/1489 1752/1494 1753/1495 1750/1490
f 1750/1490 1753/1495 1754/1496 1751/1492
f 33/1320 420/1319 1746/1497 288/1487
f 288/1487 1746/1497 1747/1491 289/1486
f 289/1486 1747/1491 1748/1493 290/1484
f 290/1484 1748/1493 423/1498 35/1485
f 1748/1493 1751/1492 424/1499 423/1498
f 1751/1492 1754/1496 425/1500 424/1499
f 1754/1496 480/1501 64/1502 425/1500
f 1753/1495 481/1503 480/1501 1754/1496
f 1752/1494 482/1504 481/1503 1753/1495
f 422/1322 63/1324 482/1504 1752/1494
f 421/1321 422/1322 1752/1494 1749/1489
f 420/1319 421/1321 1749/1489 1746/1497
f 1755/1505 1758/1506 1759/1507 1756/1508
f 1756/1508 1759/1507 1760/1509 1757/1510
f 1758/1506 1761/1511 1762/1512 1759/1507
f 1759/1507 1762/1512 1763/1513 1760/1509
f 64/1502 479/1514 1755/1515 425/1500
f 425/1500 1755/1515 1756/1508 424/1499
f 424/1499 1756/1508 1757/1510 423/1498
f 423/1498 1757/1510 291/1516 35/1485
f 1757/1510 1760/1509 292/1517 291/1516
f 1760/1509 1763/1513 293/1518 292/1517
f 1763/1513 426/1519 37/1520 293/1518
f 1762/1512 427/1521 426/1519 1763/1513
f 1761/1511 428/1522 427/1521 1762/1512
f 477/1523 65/1524 428/1522 1761/1511
f 478/1525 477/1523 1761/1511 1758/1506
f 479/1514 478/1525 1758/1506 1755/1515
f 1764/1526 1767/1527 1768/1528 1765/1529
f 1765/1529 1768/1528 1769/1530 1766/1531
f 1767/1527 1770/1532 1771/1533 1768/1528
f 1768/1528 1771/1533 1772/1534 1769/1530
f 37/1520 281/1535 1764/1536 293/1518
f 293/1518 1764/1536 1765/1529 292/1517
f 292/1517 1765/1529 1766/1531 291/1516
f 291/1516 1766/1531 275/1483 35/1485
f 1766/1531 1769/1530 274/1482 275/1483
f 1769/1530 1772/1534 273/1481 274/1482
f 1772/1534 498/1453 59/1455 273/1481
f 1771/1533 499/1452 498/1453 1772/1534
f 1770/1532 500/1451 499/1452 1771/1533
f 279/1537 61/1438 500/1451 1770/1532
f 280/1538 279/1537 1770/1532 1767/1527
f 281/1535 280/1538 1767/1527 1764/1536
f 1773/1539 1776/1540 1777/1541 1774/1542
f 1774/1542 1777/1541 1778/1543 1775/1544
f 1776/1540 1779/1545 1780/1546 1777/1541
f 1777/1541 1780/1546 1781/1547 1778/1543
f 37/1520 294/1548 1773/1549 281/1535
f 281/1535 1773/1549 1774/1542 280/1538
f 280/1538 1774/1542 1775/1544 279/1537
f 279/1537 1775/1544 501/1436 61/1438
f 1775/1544 1778/1543 502/1435 501/1436
f 1778/1543 1781/1547 503/1433 502/1435
f 1781/1547 276/1550 60/1434 503/1433
f 1780/1546 277/1551 276/1550 1781/1547
f 1779/1545 278/1552 277/1551 1780/1546
f 296/1553 36/1554 278/1552 1779/1545
f 295/1555 296/1553 1779/1545 1776/1540
f 294/1548 295/1555 1776/1540 1773/1549
f 1782/1556 1785/1557 1786/1558 1783/1559
f 1783/1559 1786/1558 1787/1560 1784/1561
f 1785/1557 1788/1562 1789/1563 1786/1558
f 1786/1558 1789/1563 1790/1564 1787/1560
f 36/1554 297/1565 1782/1566 278/1552
f 278/1552 1782/1566 1783/1559 277/1551
f 277/1551 1783/1559 1784/1561 276/1550
f 276/1550 1784/1561 504/1567 60/1434
f 1784/1561 1787/1560 505/1568 504/1567
f 1787/1560 1790/1564 506/1569 505/1568
f 1790/1564 264/1570 56/1571 506/1569
f 1789/1563 265/1572 264/1570 1790/1564
f 1788/1562 266/1573 265/1572 1789/1563
f 299/1574 32/1575 266/1573 1788/1562
f 298/1576 299/1574 1788/1562 1785/1557
f 297/1565 298/1576 1785/1557 1782/1566
f 1791/1577 1794/1578 1795/1579 1792/1580
f 1792/1580 1795/1579 1796/1581 1793/1582
f 1794/1578 1797/1583 1798/1584 1795/1579
f 1795/1579 1798/1584 1799/1585 1796/1581
f 56/1571 401/1586 1791/1587 506/1569
f 506/1569 1791/1587 1792/1580 505/1568
f 505/1568 1792/1580 1793/1582 504/1567
f 504/1567 1793/1582 413/1432 60/1434
f 1793/1582 1796/1581 412/1431 413/1432
f 1796/1581 1799/1585 411/1430 412/1431
f 1799/1585 381/1086 48/1088 411/1430
f 1798/1584 382/1085 381/1086 1799/1585
f 1797/1583 383/1084 382/1085 1798/1584
f 399/1588 44/1071 383/1084 1797/1583
f 400/1589 399/1588 1797/1583 1794/1578
f 401/1586 400/1589 1794/1578 1791/1587
f 1800/1590 1803/1591 1804/1592 1801/1593
f 1801/1593 1804/1592 1805/1594 1802/1595
f 1803/1591 1806/1596 1807/1597 1804/1592
f 1804/1592 1807/1597 1808/1598 1805/1594
f 56/1571 530/1599 1800/1600 401/1586
f 401/1586 1800/1600 1801/1593 400/1589
f 400/1589 1801/1593 1802/1595 399/1588
f 399/1588 1802/1595 384/1069 44/1071
f 1802/1595 1805/1594 385/1068 384/1069
f 1805/1594 1808/1598 386/1066 385/1068
f 1808/1598 207/1601 2/1067 386/1066
f 1807/1597 208/1602 207/1601 1808/1598
f 1806/1596 209/1603 208/1602 1807/1597
f 528/1604 1/1605 209/1603 1806/1596
f 529/1606 528/1604 1806/1596 1803/1591
f 530/1599 529/1606 1803/1591 1800/1600
f 1809/1607 1812/1608 1813/1609 1810/1610
f 1810/1610 1813/1609 1814/1611 1811/1612
f 1812/1608 1815/1613 1816/1614 1813/1609
f 1813/1609 1816/1614 1817/1615 1814/1611
f 1/1605 528/1604 1809/1616 210/1617
f 210/1617 1809/1616 1810/1610 211/1618
f 211/1618 1810/1610 1811/1612 212/1619
f 212/1619 1811/1612 302/1620 20/1621
f 1811/1612 1814/1611 301/1622 302/1620
f 1814/1611 1817/1615 300/1623 301/1622
f 1817/1615 266/1573 32/1575 300/1623
f 1816/1614 265/1572 266/1573 1817/1615
f 1815/1613 264/1570 265/1572 1816/1614
f 530/1599 56/1571 264/1570 1815/1613
f 529/1606 530/1599 1815/1613 1812/1608
f 528/1604 529/1606 1812/1608 1809/1616
f 1818/1624 1821/1625 1822/1626 1819/1627
f 1819/1627 1822/1626 1823/1628 1820/1629
f 1821/1625 1824/1630 1825/1631 1822/1626
f 1822/1626 1825/1631 1826/1632 1823/1628
f 32/1575 432/1633 1818/1634 300/1623
f 300/1623 1818/1634 1819/1627 301/1622
f 301/1622 1819/1627 1820/1629 302/1620
f 302/1620 1820/1629 213/1635 20/1621
f 1820/1629 1823/1628 214/1636 213/1635
f 1823/1628 1826/1632 215/1637 214/1636
f 1826/1632 531/1638 21/1639 215/1637
f 1825/1631 532/1640 531/1638 1826/1632
f 1824/1630 533/1641 532/1640 1825/1631
f 434/1642 67/1643 533/1641 1824/1630
f 433/1644 434/1642 1824/1630 1821/1625
f 432/1633 433/1644 1821/1625 1818/1634
f 1827/1645 1830/1646 1831/1647 1828/1648
f 1828/1648 1831/1647 1832/1649 1829/1650
f 1830/1646 1833/1651 1834/1652 1831/1647
f 1831/1647 1834/1652 1835/1653 1832/1649
f 21/1639 531/1638 1827/1654 216/1655
f 216/1655 1827/1654 1828/1648 217/1656
f 217/1656 1828/1648 1829/1650 218/1657
f 218/1657 1829/1650 362/1658 22/1659
f 1829/1650 1832/1649 361/1660 362/1658
f 1832/1649 1835/1653 360/1661 361/1660
f 1835/1653 320/1662 43/1663 360/1661
f 1834/1652 319/1664 320/1662 1835/1653
f 1833/1651 318/1665 319/1664 1834/1652
f 533/1641 67/1643 318/1665 1833/1651
f 532/1640 533/1641 1833/1651 1830/1646
f 531/1638 532/1640 1830/1646 1827/1654
f 1836/1666 1839/1667 1840/1668 1837/1669
f 1837/1669 1840/1668 1841/1670 1838/1671
f 1839/1667 1842/1672 1843/1673 1840/1668
f 1840/1668 1843/1673 1844/1674 1841/1670
f 43/1663 320/1662 1836/1675 359/1676
f 359/1676 1836/1675 1837/1669 358/1677
f 358/1677 1837/1669 1838/1671 357/1678
f 357/1678 1838/1671 317/1679 42/1680
f 1838/1671 1841/1670 316/1681 317/1679
f 1841/1670 1844/1674 315/1682 316/1681
f 1844/1674 473/1683 66/1684 315/1682
f 1843/1673 472/1685 473/1683 1844/1674
f 1842/1672 471/1686 472/1685 1843/1673
f 318/1665 67/1643 471/1686 1842/1672
f 319/1664 318/1665 1842/1672 1839/1667
f 320/1662 319/1664 1839/1667 1836/1675
f 1845/1687 1848/1688 1849/1689 1846/1690
f 1846/1690 1849/1689 1850/1691 1847/1692
f 1848/1688 1851/1693 1852/1694 1849/1689
f 1849/1689 1852/1694 1853/1695 1850/1691
f 67/1643 434/1642 1845/1696 471/1686
f 471/1686 1845/1696 1846/1690 472/1685
f 472/1685 1846/1690 1847/1692 473/1683
f 473/1683 1847/1692 431/1697 66/1684
f 1847/1692 1850/1691 430/1698 431/1697
f 1850/1691 1853/1695 429/1699 430/1698
f 1853/1695 297/1565 36/1554 429/1699
f 1852/1694 298/1576 297/1565 1853/1695
f 1851/1693 299/1574 298/1576 1852/1694
f 432/1633 32/1575 299/1574 1851/1693
f 433/1644 432/1633 1851/1693 1848/1688
f 434/1642 433/1644 1848/1688 1845/1696
f 1854/1700 1857/1701 1858/1702 1855/1703
f 1855/1703 1858/1702 1859/1704 1856/1705
f 1857/1701 1860/1706 1861/1707 1858/1702
f 1858/1702 1861/1707 1862/1708 1859/1704
f 66/1684 431/1697 1854/1709 474/1710
f 474/1710 1854/1709 1855/1703 475/1711
f 475/1711 1855/1703 1856/1705 476/1712
f 476/1712 1856/1705 428/1522 65/1524
f 1856/1705 1859/1704 427/1521 428/1522
f 1859/1704 1862/1708 426/1519 427/1521
f 1862/1708 294/1548 37/1520 426/1519
f 1861/1707 295/1555 294/1548 1862/1708
f 1860/1706 296/1553 295/1555 1861/1707
f 429/1699 36/1554 296/1553 1860/1706
f 430/1698 429/1699 1860/1706 1857/1701
f 431/1697 430/1698 1857/1701 1854/1709
f 1863/1713 1866/1714 1867/1715 1864/1716
f 1864/1716 1867/1715 1868/1717 1865/1718
f 1866/1714 1869/1719 1870/1720 1867/1715
f 1867/1715 1870/1720 1871/1721 1868/1717
f 66/1684 474/1710 1863/1722 315/1682
f 315/1682 1863/1722 1864/1716 316/1681
f 316/1681 1864/1716 1865/1718 317/1679
f 317/1679 1865/1718 356/1723 42/1680
f 1865/1718 1868/1717 355/1724 356/1723
f 1868/1717 1871/1721 354/1725 355/1724
f 1871/1721 314/1726 41/1727 354/1725
f 1870/1720 313/1728 314/1726 1871/1721
f 1869/1719 312/1729 313/1728 1870/1720
f 476/1712 65/1524 312/1729 1869/1719
f 475/1711 476/1712 1869/1719 1866/1714
f 474/1710 475/1711 1866/1714 1863/1722
f 1872/1730 1875/1731 1876/1732 1873/1733
f 1873/1733 1876/1732 1877/1734 1874/1735
f 1875/1731 1878/1736 1879/1737 1876/1732
f 1876/1732 1879/1737 1880/1738 1877/1734
f 41/1727 314/1726 1872/1739 353/1740
f 353/1740 1872/1739 1873/1733 352/1741
f 352/1741 1873/1733 1874/1735 351/1742
f 351/1742 1874/1735 311/1743 40/1744
f 1874/1735 1877/1734 310/1745 311/1743
f 1877/1734 1880/1738 309/1746 310/1745
f 1880/1738 479/1514 64/1502 309/1746
f 1879/1737 478/1525 479/1514 1880/1738
f 1878/1736 477/1523 478/1525 1879/1737
f 312/1729 65/1524 477/1523 1878/1736
f 313/1728 312/1729 1878/1736 1875/1731
f 314/1726 313/1728 1875/1731 1872/1739
f 1881/1747 1884/1748 1885/1749 1882/1750
f 1882/1750 1885/1749 1886/1751 1883/1752
f 1884/1748 1887/1753 1888/1754 1885/1749
f 1885/1749 1888/1754 1889/1755 1886/1751
f 40/1744 311/1743 1881/1756 350/1757
f 350/1757 1881/1756 1882/1750 349/1758
f 349/1758 1882/1750 1883/1752 348/1759
f 348/1759 1883/1752 308/1760 39/1761
f 1883/1752 1886/1751 307/1762 308/1760
f 1886/1751 1889/1755 306/1763 307/1762
f 1889/1755 482/1504 63/1324 306/1763
f 1888/1754 481/1503 482/1504 1889/1755
f 1887/1753 480/1501 481/1503 1888/1754
f 309/1746 64/1502 480/1501 1887/1753
f 310/1745 309/1746 1887/1753 1884/1748
f 311/1743 310/1745 1884/1748 1881/1756
f 1890/1764 1893/1765 1894/1766 1891/1767
f 1891/1767 1894/1766 1895/1768 1892/1769
f 1893/1765 1896/1770 1897/1771 1894/1766
f 1894/1766 1897/1771 1898/1772 1895/1768
f 39/1761 308/1760 1890/1773 347/1774
f 347/1774 1890/1773 1891/1767 346/1775
f 346/1775 1891/1767 1892/1769 345/1776
f 345/1776 1892/1769 305/1777 38/1778
f 1892/1769 1895/1768 304/1779 305/1777
f 1895/1768 1898/1772 303/1780 304/1779
f 1898/1772 485/1314 62/1299 303/1780
f 1897/1771 484/1325 485/1314 1898/1772
f 1896/1770 483/1323 484/1325 1897/1771
f 306/1763 63/1324 483/1323 1896/1770
f 307/1762 306/1763 1896/1770 1893/1765
f 308/1760 307/1762 1893/1765 1890/1773
f 1899/1781 1902/1782 1903/1783 1900/1784
f 1900/1784 1903/1783 1904/1785 1901/1786
f 1902/1782 1905/1787 1906/1788 1903/1783
f 1903/1783 1906/1788 1907/1789 1904/1785
f 62/1299 486/1298 1899/1790 303/1780
f 303/1780 1899/1790 1900/1784 304/1779
f 304/1779 1900/1784 1901/1786 305/1777
f 305/1777 1901/1786 344/1791 38/1778
f 1901/1786 1904/1785 343/1792 344/1791
f 1904/1785 1907/1789 342/1793 343/1792
f 1907/1789 237/1794 27/1795 342/1793
f 1906/1788 238/1796 237/1794 1907/1789
f 1905/1787 239/1797 238/1796 1906/1788
f 488/1301 29/1303 239/1797 1905/1787
f 487/1300 488/1301 1905/1787 1902/1782
f 486/1298 487/1300 1902/1782 1899/1790
f 1908/1798 1911/1799 1912/1800 1909/1801
f 1909/1801 1912/1800 1913/1802 1910/1803
f 1911/1799 1914/1804 1915/1805 1912/1800
f 1912/1800 1915/1805 1916/1806 1913/1802
f 27/1795 233/1807 1908/1808 342/1793
f 342/1793 1908/1808 1909/1801 343/1792
f 343/1792 1909/1801 1910/1803 344/1791
f 344/1791 1910/1803 363/1809 38/1778
f 1910/1803 1913/1802 364/1810 363/1809
f 1913/1802 1916/1806 365/1811 364/1810
f 1916/1806 468/1812 50/1813 365/1811
f 1915/1805 469/1814 468/1812 1916/1806
f 1914/1804 470/1815 469/1814 1915/1805
f 231/1816 31/1817 470/1815 1914/1804
f 232/1818 231/1816 1914/1804 1911/1799
f 233/1807 232/1818 1911/1799 1908/1808
f 1917/1819 1920/1820 1921/1821 1918/1822
f 1918/1822 1921/1821 1922/1823 1919/1824
f 1920/1820 1923/1825 1924/1826 1921/1821
f 1921/1821 1924/1826 1925/1827 1922/1823
f 50/1813 467/1828 1917/1829 365/1811
f 365/1811 1917/1829 1918/1822 364/1810
f 364/1810 1918/1822 1919/1824 363/1809
f 363/1809 1919/1824 345/1776 38/1778
f 1919/1824 1922/1823 346/1775 345/1776
f 1922/1823 1925/1827 347/1774 346/1775
f 1925/1827 339/1830 39/1761 347/1774
f 1924/1826 340/1831 339/1830 1925/1827
f 1923/1825 341/1832 340/1831 1924/1826
f 465/1833 51/1834 341/1832 1923/1825
f 466/1835 465/1833 1923/1825 1920/1820
f 467/1828 466/1835 1920/1820 1917/1829
f 1926/1836 1929/1837 1930/1838 1927/1839
f 1927/1839 1930/1838 1931/1840 1928/1841
f 1929/1837 1932/1842 1933/1843 1930/1838
f 1930/1838 1933/1843 1934/1844 1931/1840
f 51/1834 464/1845 1926/1846 341/1832
f 341/1832 1926/1846 1927/1839 340/1831
f 340/1831 1927/1839 1928/1841 339/1830
f 339/1830 1928/1841 348/1759 39/1761
f 1928/1841 1931/1840 349/1758 348/1759
f 1931/1840 1934/1844 350/1757 349/1758
f 1934/1844 387/1847 40/1744 350/1757
f 1933/1843 388/1848 387/1847 1934/1844
f 1932/1842 389/1849 388/1848 1933/1843
f 462/1850 52/1851 389/1849 1932/1842
f 463/1852 462/1850 1932/1842 1929/1837
f 464/1845 463/1852 1929/1837 1926/1846
f 1935/1853 1938/1854 1939/1855 1936/1856
f 1936/1856 1939/1855 1940/1857 1937/1858
f 1938/1854 1941/1859 1942/1860 1939/1855
f 1939/1855 1942/1860 1943/1861 1940/1857
f 52/1851 461/1862 1935/1863 389/1849
f 389/1849 1935/1863 1936/1856 388/1848
f 388/1848 1936/1856 1937/1858 387/1847
f 387/1847 1937/1858 351/1742 40/1744
f 1937/1858 1940/1857 352/1741 351/1742
f 1940/1857 1943/1861 353/1740 352/1741
f 1943/1861 390/1864 41/1727 353/1740
f 1942/1860 391/1865 390/1864 1943/1861
f 1941/1859 392/1866 391/1865 1942/1860
f 459/1867 53/1868 392/1866 1941/1859
f 460/1869 459/1867 1941/1859 1938/1854
f 461/1862 460/1869 1938/1854 1935/1863
f 1944/1870 1947/1871 1948/1872 1945/1873
f 1945/1873 1948/1872 1949/1874 1946/1875
f 1947/1871 1950/1876 1951/1877 1948/1872
f 1948/1872 1951/1877 1952/1878 1949/1874
f 53/1868 458/1879 1944/1880 392/1866
f 392/1866 1944/1880 1945/1873 391/1865
f 391/1865 1945/1873 1946/1875 390/1864
f 390/1864 1946/1875 354/1725 41/1727
f 1946/1875 1949/1874 355/1724 354/1725
f 1949/1874 1952/1878 356/1723 355/1724
f 1952/1878 393/1881 42/1680 356/1723
f 1951/1877 394/1882 393/1881 1952/1878
f 1950/1876 395/1883 394/1882 1951/1877
f 456/1884 54/1885 395/1883 1950/1876
f 457/1886 456/1884 1950/1876 1947/1871
f 458/1879 457/1886 1947/1871 1944/1880
f 1953/1887 1956/1888 1957/1889 1954/1890
f 1954/1890 1957/1889 1958/1891 1955/1892
f 1956/1888 1959/1893 1960/1894 1957/1889
f 1957/1889 1960/1894 1961/1895 1958/1891
f 54/1885 455/1896 1953/1897 395/1883
f 395/1883 1953/1897 1954/1890 394/1882
f 394/1882 1954/1890 1955/1892 393/1881
f 393/1881 1955/1892 357/1678 42/1680
f 1955/1892 1958/1891 358/1677 357/1678
f 1958/1891 1961/1895 359/1676 358/1677
f 1961/1895 396/1898 43/1663 359/1676
f 1960/1894 397/1899 396/1898 1961/1895
f 1959/1893 398/1900 397/1899 1960/1894
f 453/1901 55/1902 398/1900 1959/1893
f 454/1903 453/1901 1959/1893 1956/1888
f 455/1896 454/1903 1956/1888 1953/1897
f 1962/1904 1965/1905 1966/1906 1963/1907
f 1963/1907 1966/1906 1967/1908 1964/1909
f 1965/1905 1968/1910 1969/1911 1966/1906
f 1966/1906 1969/1911 1970/1912 1967/1908
f 55/1902 536/1913 1962/1914 398/1900
f 398/1900 1962/1914 1963/1907 397/1899
f 397/1899 1963/1907 1964/1909 396/1898
f 396/1898 1964/1909 360/1661 43/1663
f 1964/1909 1967/1908 361/1660 360/1661
f 1967/1908 1970/1912 362/1658 361/1660
f 1970/1912 219/1915 22/1659 362/1658
f 1969/1911 220/1916 219/1915 1970/1912
f 1968/1910 221/1917 220/1916 1969/1911
f 534/1918 23/1919 221/1917 1968/1910
f 535/1920 534/1918 1968/1910 1965/1905
f 536/1913 535/1920 1965/1905 1962/1914
f 1971/1921 1974/1922 1975/1923 1972/1924
f 1972/1924 1975/1923 1976/1925 1973/1926
f 1974/1922 1977/1927 1978/1928 1975/1923
f 1975/1923 1978/1928 1979/1929 1976/1925
f 14/1930 185/1931 1971/1932 263/1933
f 263/1933 1971/1932 1972/1924 262/1934
f 262/1934 1972/1924 1973/1926 261/1935
f 261/1935 1973/1926 536/1913 55/1902
f 1973/1926 1976/1925 535/1920 536/1913
f 1976/1925 1979/1929 534/1918 535/1920
f 1979/1929 222/1936 23/1919 534/1918
f 1978/1928 223/1937 222/1936 1979/1929
f 1977/1927 224/1938 223/1937 1978/1928
f 183/1939 24/1940 224/1938 1977/1927
f 184/1941 183/1939 1977/1927 1974/1922
f 185/1931 184/1941 1974/1922 1971/1932
f 1980/1942 1983/1943 1984/1944 1981/1945
f 1981/1945 1984/1944 1985/1946 1982/1947
f 1983/1943 1986/1948 1987/1949 1984/1944
f 1984/1944 1987/1949 1988/1950 1985/1946
f 14/1930 263/1933 1980/1951 186/1952
f 186/1952 1980/1951 1981/1945 187/1953
f 187/1953 1981/1945 1982/1947 188/1954
f 188/1954 1982/1947 260/1955 15/1956
f 1982/1947 1985/1946 259/1957 260/1955
f 1985/1946 1988/1950 258/1958 259/1957
f 1988/1950 455/1896 54/1885 258/1958
f 1987/1949 454/1903 455/1896 1988/1950
f 1986/1948 453/1901 454/1903 1987/1949
f 261/1935 55/1902 453/1901 1986/1948
f 262/1934 261/1935 1986/1948 1983/1943
f 263/1933 262/1934 1983/1943 1980/1951
f 1989/1959 1992/1960 1993/1961 1990/1962
f 1990/1962 1993/1961 1994/1963 1991/1964
f 1992/1960 1995/1965 1996/1966 1993/1961
f 1993/1961 1996/1966 1997/1967 1994/1963
f 15/1956 260/1955 1989/1968 189/1969
f 189/1969 1989/1968 1990/1962 190/1970
f 190/1970 1990/1962 1991/1964 191/1971
f 191/1971 1991/1964 257/1972 16/1973
f 1991/1964 1994/1963 256/1974 257/1972
f 1994/1963 1997/1967 255/1975 256/1974
f 1997/1967 458/1879 53/1868 255/1975
f 1996/1966 457/1886 458/1879 1997/1967
f 1995/1965 456/1884 457/1886 1996/1966
f 258/1958 54/1885 456/1884 1995/1965
f 259/1957 258/1958 1995/1965 1992/1960
f 260/1955 259/1957 1992/1960 1989/1968
f 1998/1976 2001/1977 2002/1978 1999/1979
f 1999/1979 2002/1978 2003/1980 2000/1981
f 2001/1977 2004/1982 2005/1983 2002/1978
f 2002/1978 2005/1983 2006/1984 2003/1980
f 16/1973 257/1972 1998/1985 192/1986
f 192/1986 1998/1985 1999/1979 193/1987
f 193/1987 1999/1979 2000/1981 194/1988
f 194/1988 2000/1981 254/1989 17/1990
f 2000/1981 2003/1980 253/1991 254/1989
f 2003/1980 2006/1984 252/1992 253/1991
f 2006/1984 461/1862 52/1851 252/1992
f 2005/1983 460/1869 461/1862 2006/1984
f 2004/1982 459/1867 460/1869 2005/1983
f 255/1975 53/1868 459/1867 2004/1982
f 256/1974 255/1975 2004/1982 2001/1977
f 257/1972 256/1974 2001/1977 1998/1985
f 2007/1993 2010/1994 2011/1995 2008/1996
f 2008/1996 2011/1995 2012/1997 2009/1998
f 2010/1994 2013/1999 2014/2000 2011/1995
f 2011/1995 2014/2000 2015/2001 2012/1997
f 17/1990 254/1989 2007/2002 195/2003
f 195/2003 2007/2002 2008/1996 196/2004
f 196/2004 2008/1996 2009/1998 197/2005
f 197/2005 2009/1998 251/2006 18/2007
f 2009/1998 2012/1997 250/2008 251/2006
f 2012/1997 2015/2001 249/2009 250/2008
f 2015/2001 464/1845 51/1834 249/2009
f 2014/2000 463/1852 464/1845 2015/2001
f 2013/1999 462/1850 463/1852 2014/2000
f 252/1992 52/1851 462/1850 2013/1999
f 253/1991 252/1992 2013/1999 2010/1994
f 254/1989 253/1991 2010/1994 2007/2002
f 2016/2010 2019/2011 2020/2012 2017/2013
f 2017/2013 2020/2012 2021/2014 2018/2015
f 2019/2011 2022/2016 2023/2017 2020/2012
f 2020/2012 2023/2017 2024/2018 2021/2014
f 18/2007 251/2006 2016/2019 198/2020
f 198/2020 2016/2019 2017/2013 199/2021
f 199/2021 2017/2013 2018/2015 200/2022
f 200/2022 2018/2015 248/2023 19/2024
f 2018/2015 2021/2014 247/2025 248/2023
f 2021/2014 2024/2018 246/2026 247/2025
f 2024/2018 467/1828 50/1813 246/2026
f 2023/2017 466/1835 467/1828 2024/2018
f 2022/2016 465/1833 466/1835 2023/2017
f 249/2009 51/1834 465/1833 2022/2016
f 250/2008 249/2009 2022/2016 2019/2011
f 251/2006 250/2008 2019/2011 2016/2019
f 2025/2027 2028/2028 2029/2029 2026/2030
f 2026/2030 2029/2029 2030/2031 2027/2032
f 2028/2028 2031/2033 2032/2034 2029/2029
f 2029/2029 2032/2034 2033/2035 2030/2031
f 13/2036 203/2037 2025/2038 243/2039
f 243/2039 2025/2038 2026/2030 244/2040
f 244/2040 2026/2030 2027/2032 245/2041
f 245/2041 2027/2032 470/1815 31/1817
f 2027/2032 2030/2031 469/1814 470/1815
f 2030/2031 2033/2035 468/1812 469/1814
f 2033/2035 246/2026 50/1813 468/1812
f 2032/2034 247/2025 246/2026 2033/2035
f 2031/2033 248/2023 247/2025 2032/2034
f 201/2042 19/2024 248/2023 2031/2033
f 202/2043 201/2042 2031/2033 2028/2028
f 203/2037 202/2043 2028/2028 2025/2038
f 2035/2044 2040/2045 2034/2046 2036/2047
f 2037/2048 2036/2047 2034/2046 2038/2049
f 2039/2050 2038/2049 2034/2046 2040/2045
f 4/1049 158/2051 2035/2052 537/1050
f 537/1050 2035/2052 2036/2047 538/1048
f 158/2051 157/2053 2040/2045 2035/2052
f 68/1044 539/1047 2037/2054 882/2055
f 882/2055 2037/2054 2038/2049 883/2056
f 539/1047 538/1048 2036/2047 2037/2054
f 5/2057 884/2058 2039/2059 156/2060
f 156/2060 2039/2059 2040/2045 157/2053
f 884/2058 883/2056 2038/2049 2039/2059
f 2042/2061 2047/2062 2041/2063 2043/2064
f 2044/2065 2043/2064 2041/2063 2045/2066
f 2046/2067 2045/2066 2041/2063 2047/2062
f 124/19 788/75 2042/2068 879/1029
f 879/1029 2042/2068 2043/2064 880/1028
f 788/75 787/76 2047/2062 2042/2068
f 5/1024 881/1027 2044/2069 161/2070
f 161/2070 2044/2069 2045/2066 160/2071
f 881/1027 880/1028 2043/2064 2044/2069
f 6/79 159/2072 2046/2073 786/77
f 786/77 2046/2073 2047/2062 787/76
f 159/2072 160/2071 2045/2066 2046/2073
f 2049/2074 2054/2075 2048/2076 2050/2077
f 2051/2078 2050/2077 2048/2076 2052/2079
f 2053/2080 2052/2079 2048/2076 2054/2075
f 5/2057 161/2081 2049/2082 884/2058
f 884/2058 2049/2082 2050/2077 883/2056
f 161/2081 160/2083 2054/2075 2049/2082
f 68/1044 882/2055 2051/2084 437/1104
f 437/1104 2051/2084 2052/2079 436/1115
f 882/2055 883/2056 2050/2077 2051/2084
f 6/1114 435/1113 2053/2085 159/2086
f 159/2086 2053/2085 2054/2075 160/2083
f 435/1113 436/1115 2052/2079 2053/2085
f 2055/2087 2058/2088 2059/2089 2056/2090
f 2056/2090 2059/2089 2060/2091 2057/2092
f 2058/2088 2061/2093 2062/2094 2059/2089
f 2059/2089 2062/2094 2063/2095 2060/2091
f 80/995 896/2096 2055/2097 564/1011
f 564/1011 2055/2097 2056/2090 565/1010
f 565/1010 2056/2090 2057/2092 566/1009
f 566/1009 2057/2092 891/2098 74/1006
f 2057/2092 2060/2091 892/2099 891/2098
f 2060/2091 2063/2095 893/2100 892/2099
f 2063/2095 890/2101 130/2102 893/2100
f 2062/2094 889/2103 890/2101 2063/2095
f 2061/2093 888/2104 889/2103 2062/2094
f 894/2105 132/2106 888/2104 2061/2093
f 895/2107 894/2105 2061/2093 2058/2088
f 896/2096 895/2107 2058/2088 2055/2097
f 2064/2108 2067/2109 2068/2110 2065/2111
f 2065/2111 2068/2110 2069/2112 2066/2113
f 2067/2109 2070/2114 2071/2115 2068/2110
f 2068/2110 2071/2115 2072/2116 2069/2112
f 79/978 899/2117 2064/2118 561/989
f 561/989 2064/2118 2065/2111 562/996
f 562/996 2065/2111 2066/2113 563/994
f 563/994 2066/2113 896/2096 80/995
f 2066/2113 2069/2112 895/2107 896/2096
f 2069/2112 2072/2116 894/2105 895/2107
f 2072/2116 887/2119 132/2106 894/2105
f 2071/2115 886/2120 887/2119 2072/2116
f 2070/2114 885/2121 886/2120 2071/2115
f 897/2122 131/2123 885/2121 2070/2114
f 898/2124 897/2122 2070/2114 2067/2109
f 899/2117 898/2124 2067/2109 2064/2118
f 2073/2125 2076/2126 2077/2127 2074/2128
f 2074/2128 2077/2127 2078/2129 2075/2130
f 2076/2126 2079/2131 2080/2132 2077/2127
f 2077/2127 2080/2132 2081/2133 2078/2129
f 132/2106 911/2134 2073/2135 888/2104
f 888/2104 2073/2135 2074/2128 889/2103
f 889/2103 2074/2128 2075/2130 890/2101
f 890/2101 2075/2130 906/2136 130/2102
f 2075/2130 2078/2129 907/2137 906/2136
f 2078/2129 2081/2133 908/2138 907/2137
f 2081/2133 905/2139 133/2140 908/2138
f 2080/2132 904/2141 905/2139 2081/2133
f 2079/2131 903/2142 904/2141 2080/2132
f 909/2143 135/2144 903/2142 2079/2131
f 910/2145 909/2143 2079/2131 2076/2126
f 911/2134 910/2145 2076/2126 2073/2135
f 2082/2146 2085/2147 2086/2148 2083/2149
f 2083/2149 2086/2148 2087/2150 2084/2151
f 2085/2147 2088/2152 2089/2153 2086/2148
f 2086/2148 2089/2153 2090/2154 2087/2150
f 131/2123 914/2155 2082/2156 885/2121
f 885/2121 2082/2156 2083/2149 886/2120
f 886/2120 2083/2149 2084/2151 887/2119
f 887/2119 2084/2151 911/2134 132/2106
f 2084/2151 2087/2150 910/2145 911/2134
f 2087/2150 2090/2154 909/2143 910/2145
f 2090/2154 902/2157 135/2144 909/2143
f 2089/2153 901/2158 902/2157 2090/2154
f 2088/2152 900/2159 901/2158 2089/2153
f 912/2160 134/2161 900/2159 2088/2152
f 913/2162 912/2160 2088/2152 2085/2147
f 914/2155 913/2162 2085/2147 2082/2156
f 2091/2163 2094/2164 2095/2165 2092/2166
f 2092/2166 2095/2165 2096/2167 2093/2168
f 2094/2164 2097/2169 2098/2170 2095/2165
f 2095/2165 2098/2170 2099/2171 2096/2167
f 135/2144 926/2172 2091/2173 903/2142
f 903/2142 2091/2173 2092/2166 904/2141
f 904/2141 2092/2166 2093/2168 905/2139
f 905/2139 2093/2168 921/2174 133/2140
f 2093/2168 2096/2167 922/2175 921/2174
f 2096/2167 2099/2171 923/2176 922/2175
f 2099/2171 920/2177 136/2178 923/2176
f 2098/2170 919/2179 920/2177 2099/2171
f 2097/2169 918/2180 919/2179 2098/2170
f 924/2181 138/2182 918/2180 2097/2169
f 925/2183 924/2181 2097/2169 2094/2164
f 926/2172 925/2183 2094/2164 2091/2173
f 2100/2184 2103/2185 2104/2186 2101/2187
f 2101/2187 2104/2186 2105/2188 2102/2189
f 2103/2185 2106/2190 2107/2191 2104/2186
f 2104/2186 2107/2191 2108/2192 2105/2188
f 134/2161 929/2193 2100/2194 900/2159
f 900/2159 2100/2194 2101/2187 901/2158
f 901/2158 2101/2187 2102/2189 902/2157
f 902/2157 2102/2189 926/2172 135/2144
f 2102/2189 2105/2188 925/2183 926/2172
f 2105/2188 2108/2192 924/2181 925/2183
f 2108/2192 917/2195 138/2182 924/2181
f 2107/2191 916/2196 917/2195 2108/2192
f 2106/2190 915/2197 916/2196 2107/2191
f 927/2198 137/2199 915/2197 2106/2190
f 928/2200 927/2198 2106/2190 2103/2185
f 929/2193 928/2200 2103/2185 2100/2194
f 2109/2201 2112/2202 2113/2203 2110/2204
f 2110/2204 2113/2203 2114/2205 2111/2206
f 2112/2202 2115/2207 2116/2208 2113/2203
f 2113/2203 2116/2208 2117/2209 2114/2205
f 13/2036 933/2210 2109/2211 203/2037
f 203/2037 2109/2211 2110/2204 202/2043
f 202/2043 2110/2204 2111/2206 201/2042
f 201/2042 2111/2206 930/2212 19/2024
f 2111/2206 2114/2205 931/2213 930/2212
f 2114/2205 2117/2209 932/2214 931/2213
f 2117/2209 918/2180 138/2182 932/2214
f 2116/2208 919/2179 918/2180 2117/2209
f 2115/2207 920/2177 919/2179 2116/2208
f 935/2215 136/2178 920/2177 2115/2207
f 934/2216 935/2215 2115/2207 2112/2202
f 933/2210 934/2216 2112/2202 2109/2211
f 2118/2217 2121/2218 2122/2219 2119/2220
f 2119/2220 2122/2219 2123/2221 2120/2222
f 2121/2218 2124/2223 2125/2224 2122/2219
f 2122/2219 2125/2224 2126/2225 2123/2221
f 19/2024 930/2212 2118/2226 200/2022
f 200/2022 2118/2226 2119/2220 199/2021
f 199/2021 2119/2220 2120/2222 198/2020
f 198/2020 2120/2222 936/2227 18/2007
f 2120/2222 2123/2221 937/2228 936/2227
f 2123/2221 2126/2225 938/2229 937/2228
f 2126/2225 915/2197 137/2199 938/2229
f 2125/2224 916/2196 915/2197 2126/2225
f 2124/2223 917/2195 916/2196 2125/2224
f 932/2214 138/2182 917/2195 2124/2223
f 931/2213 932/2214 2124/2223 2121/2218
f 930/2212 931/2213 2121/2218 2118/2226
f 2127/2230 2130/2231 2131/2232 2128/2233
f 2128/2233 2131/2232 2132/2234 2129/2235
f 2130/2231 2133/2236 2134/2237 2131/2232
f 2131/2232 2134/2237 2135/2238 2132/2234
f 131/2123 986/2239 2127/2240 914/2155
f 914/2155 2127/2240 2128/2233 913/2162
f 913/2162 2128/2233 2129/2235 912/2160
f 912/2160 2129/2235 981/2241 134/2161
f 2129/2235 2132/2234 982/2242 981/2241
f 2132/2234 2135/2238 983/2243 982/2242
f 2135/2238 972/2244 151/2245 983/2243
f 2134/2237 973/2246 972/2244 2135/2238
f 2133/2236 974/2247 973/2246 2134/2237
f 984/2248 150/2249 974/2247 2133/2236
f 985/2250 984/2248 2133/2236 2130/2231
f 986/2239 985/2250 2130/2231 2127/2240
f 2136/2251 2139/2252 2140/2253 2137/2254
f 2137/2254 2140/2253 2141/2255 2138/2256
f 2139/2252 2142/2257 2143/2258 2140/2253
f 2140/2253 2143/2258 2144/2259 2141/2255
f 78/961 992/2260 2136/2261 558/972
f 558/972 2136/2261 2137/2254 559/979
f 559/979 2137/2254 2138/2256 560/977
f 560/977 2138/2256 987/2262 79/978
f 2138/2256 2141/2255 988/2263 987/2262
f 2141/2255 2144/2259 989/2264 988/2263
f 2144/2259 965/2265 149/2266 989/2264
f 2143/2258 964/2267 965/2265 2144/2259
f 2142/2257 963/2268 964/2267 2143/2258
f 990/2269 148/2270 963/2268 2142/2257
f 991/2271 990/2269 2142/2257 2139/2252
f 992/2260 991/2271 2139/2252 2136/2261
f 2145/2272 2148/2273 2149/2274 2146/2275
f 2146/2275 2149/2274 2150/2276 2147/2277
f 2148/2273 2151/2278 2152/2279 2149/2274
f 2149/2274 2152/2279 2153/2280 2150/2276
f 137/2199 998/2281 2145/2282 938/2229
f 938/2229 2145/2282 2146/2275 937/2228
f 937/2228 2146/2275 2147/2277 936/2227
f 936/2227 2147/2277 993/2283 18/2007
f 2147/2277 2150/2276 994/2284 993/2283
f 2150/2276 2153/2280 995/2285 994/2284
f 2153/2280 978/2286 143/2287 995/2285
f 2152/2279 979/2288 978/2286 2153/2280
f 2151/2278 980/2289 979/2288 2152/2279
f 996/2290 152/2291 980/2289 2151/2278
f 997/2292 996/2290 2151/2278 2148/2273
f 998/2281 997/2292 2148/2273 2145/2282
f 2154/2293 2157/2294 2158/2295 2155/2296
f 2155/2296 2158/2295 2159/2297 2156/2298
f 2157/2294 2160/2299 2161/2300 2158/2295
f 2158/2295 2161/2300 2162/2301 2159/2297
f 14/1930 1004/2302 2154/2303 185/1931
f 185/1931 2154/2303 2155/2296 184/1941
f 184/1941 2155/2296 2156/2298 183/1939
f 183/1939 2156/2298 999/2304 24/1940
f 2156/2298 2159/2297 1000/2305 999/2304
f 2159/2297 2162/2301 1001/2306 1000/2305
f 2162/2301 939/2307 144/2308 1001/2306
f 2161/2300 940/2309 939/2307 2162/2301
f 2160/2299 941/2310 940/2309 2161/2300
f 1002/2311 139/2312 941/2310 2160/2299
f 1003/2313 1002/2311 2160/2299 2157/2294
f 1004/2302 1003/2313 2157/2294 2154/2303
f 2163/2314 2166/2315 2167/2316 2164/2317
f 2164/2317 2167/2316 2168/2318 2165/2319
f 2166/2315 2169/2320 2170/2321 2167/2316
f 2167/2316 2170/2321 2171/2322 2168/2318
f 24/907 999/2323 2163/2324 873/905
f 873/905 2163/2324 2164/2317 874/904
f 874/904 2164/2317 2165/2319 875/903
f 875/903 2165/2319 1005/2325 75/900
f 2165/2319 2168/2318 1006/2326 1005/2325
f 2168/2318 2171/2322 1007/2327 1006/2326
f 2171/2322 968/2328 145/2329 1007/2327
f 2170/2321 967/2330 968/2328 2171/2322
f 2169/2320 966/2331 967/2330 2170/2321
f 1001/2332 144/2333 966/2331 2169/2320
f 1000/2334 1001/2332 2169/2320 2166/2315
f 999/2323 1000/2334 2166/2315 2163/2324
f 2172/2335 2175/2336 2176/2337 2173/2338
f 2173/2338 2176/2337 2177/2339 2174/2340
f 2175/2336 2178/2341 2179/2342 2176/2337
f 2176/2337 2179/2342 2180/2343 2177/2339
f 15/1956 1010/2344 2172/2345 188/1954
f 188/1954 2172/2345 2173/2338 187/1953
f 187/1953 2173/2338 2174/2340 186/1952
f 186/1952 2174/2340 1004/2302 14/1930
f 2174/2340 2177/2339 1003/2313 1004/2302
f 2177/2339 2180/2343 1002/2311 1003/2313
f 2180/2343 942/2346 139/2312 1002/2311
f 2179/2342 943/2347 942/2346 2180/2343
f 2178/2341 944/2348 943/2347 2179/2342
f 1008/2349 140/2350 944/2348 2178/2341
f 1009/2351 1008/2349 2178/2341 2175/2336
f 1010/2344 1009/2351 2175/2336 2172/2345
f 2181/2352 2184/2353 2185/2354 2182/2355
f 2182/2355 2185/2354 2186/2356 2183/2357
f 2184/2353 2187/2358 2188/2359 2185/2354
f 2185/2354 2188/2359 2189/2360 2186/2356
f 79/978 987/2262 2181/2361 899/2117
f 899/2117 2181/2361 2182/2355 898/2124
f 898/2124 2182/2355 2183/2357 897/2122
f 897/2122 2183/2357 986/2239 131/2123
f 2183/2357 2186/2356 985/2250 986/2239
f 2186/2356 2189/2360 984/2248 985/2250
f 2189/2360 969/2362 150/2249 984/2248
f 2188/2359 970/2363 969/2362 2189/2360
f 2187/2358 971/2364 970/2363 2188/2359
f 989/2264 149/2266 971/2364 2187/2358
f 988/2263 989/2264 2187/2358 2184/2353
f 987/2262 988/2263 2184/2353 2181/2361
f 2190/2365 2193/2366 2194/2367 2191/2368
f 2191/2368 2194/2367 2195/2369 2192/2370
f 2193/2366 2196/2371 2197/2372 2194/2367
f 2194/2367 2197/2372 2198/2373 2195/2369
f 16/1973 1013/2374 2190/2375 191/1971
f 191/1971 2190/2375 2191/2368 190/1970
f 190/1970 2191/2368 2192/2370 189/1969
f 189/1969 2192/2370 1010/2344 15/1956
f 2192/2370 2195/2369 1009/2351 1010/2344
f 2195/2369 2198/2373 1008/2349 1009/2351
f 2198/2373 945/2376 140/2350 1008/2349
f 2197/2372 946/2377 945/2376 2198/2373
f 2196/2371 947/2378 946/2377 2197/2372
f 1011/2379 141/2380 947/2378 2196/2371
f 1012/2381 1011/2379 2196/2371 2193/2366
f 1013/2374 1012/2381 2193/2366 2190/2375
f 2199/2382 2202/2383 2203/2384 2200/2385
f 2200/2385 2203/2384 2204/2386 2201/2387
f 2202/2383 2205/2388 2206/2389 2203/2384
f 2203/2384 2206/2389 2207/2390 2204/2386
f 17/1990 1016/2391 2199/2392 194/1988
f 194/1988 2199/2392 2200/2385 193/1987
f 193/1987 2200/2385 2201/2387 192/1986
f 192/1986 2201/2387 1013/2374 16/1973
f 2201/2387 2204/2386 1012/2381 1013/2374
f 2204/2386 2207/2390 1011/2379 1012/2381
f 2207/2390 948/2393 141/2380 1011/2379
f 2206/2389 949/2394 948/2393 2207/2390
f 2205/2388 950/2395 949/2394 2206/2389
f 1014/2396 142/2397 950/2395 2205/2388
f 1015/2398 1014/2396 2205/2388 2202/2383
f 1016/2391 1015/2398 2202/2383 2199/2392
f 2208/2399 2211/2400 2212/2401 2209/2402
f 2209/2402 2212/2401 2213/2403 2210/2404
f 2211/2400 2214/2405 2215/2406 2212/2401
f 2212/2401 2215/2406 2216/2407 2213/2403
f 75/900 1005/2325 2208/2408 549/921
f 549/921 2208/2408 2209/2402 550/928
f 550/928 2209/2402 2210/2404 551/926
f 551/926 2210/2404 1017/2409 76/927
f 2210/2404 2213/2403 1018/2410 1017/2409
f 2213/2403 2216/2407 1019/2411 1018/2410
f 2216/2407 956/2412 146/2413 1019/2411
f 2215/2406 955/2414 956/2412 2216/2407
f 2214/2405 954/2415 955/2414 2215/2406
f 1007/2327 145/2329 954/2415 2214/2405
f 1006/2326 1007/2327 2214/2405 2211/2400
f 1005/2325 1006/2326 2211/2400 2208/2408
f 2217/2416 2220/2417 2221/2418 2218/2419
f 2218/2419 2221/2418 2222/2420 2219/2421
f 2220/2417 2223/2422 2224/2423 2221/2418
f 2221/2418 2224/2423 2225/2424 2222/2420
f 134/2161 981/2241 2217/2425 929/2193
f 929/2193 2217/2425 2218/2419 928/2200
f 928/2200 2218/2419 2219/2421 927/2198
f 927/2198 2219/2421 998/2281 137/2199
f 2219/2421 2222/2420 997/2292 998/2281
f 2222/2420 2225/2424 996/2290 997/2292
f 2225/2424 975/2426 152/2291 996/2290
f 2224/2423 976/2427 975/2426 2225/2424
f 2223/2422 977/2428 976/2427 2224/2423
f 983/2243 151/2245 977/2428 2223/2422
f 982/2242 983/2243 2223/2422 2220/2417
f 981/2241 982/2242 2220/2417 2217/2425
f 2226/2429 2229/2430 2230/2431 2227/2432
f 2227/2432 2230/2431 2231/2433 2228/2434
f 2229/2430 2232/2435 2233/2436 2230/2431
f 2230/2431 2233/2436 2234/2437 2231/2433
f 18/2007 993/2283 2226/2438 197/2005
f 197/2005 2226/2438 2227/2432 196/2004
f 196/2004 2227/2432 2228/2434 195/2003
f 195/2003 2228/2434 1016/2391 17/1990
f 2228/2434 2231/2433 1015/2398 1016/2391
f 2231/2433 2234/2437 1014/2396 1015/2398
f 2234/2437 951/2439 142/2397 1014/2396
f 2233/2436 952/2440 951/2439 2234/2437
f 2232/2435 953/2441 952/2440 2233/2436
f 995/2285 143/2287 953/2441 2232/2435
f 994/2284 995/2285 2232/2435 2229/2430
f 993/2283 994/2284 2229/2430 2226/2438
f 2235/2442 2238/2443 2239/2444 2236/2445
f 2236/2445 2239/2444 2240/2446 2237/2447
f 2238/2443 2241/2448 2242/2449 2239/2444
f 2239/2444 2242/2449 2243/2450 2240/2446
f 76/927 1017/2409 2235/2451 552/938
f 552/938 2235/2451 2236/2445 553/945
f 553/945 2236/2445 2237/2447 554/943
f 554/943 2237/2447 1020/2452 77/944
f 2237/2447 2240/2446 1021/2453 1020/2452
f 2240/2446 2243/2450 1022/2454 1021/2453
f 2243/2450 959/2455 147/2456 1022/2454
f 2242/2449 958/2457 959/2455 2243/2450
f 2241/2448 957/2458 958/2457 2242/2449
f 1019/2411 146/2413 957/2458 2241/2448
f 1018/2410 1019/2411 2241/2448 2238/2443
f 1017/2409 1018/2410 2238/2443 2235/2451
f 2244/2459 2247/2460 2248/2461 2245/2462
f 2245/2462 2248/2461 2249/2463 2246/2464
f 2247/2460 2250/2465 2251/2466 2248/2461
f 2248/2461 2251/2466 2252/2467 2249/2463
f 77/944 1020/2452 2244/2468 555/955
f 555/955 2244/2468 2245/2462 556/962
f 556/962 2245/2462 2246/2464 557/960
f 557/960 2246/2464 992/2260 78/961
f 2246/2464 2249/2463 991/2271 992/2260
f 2249/2463 2252/2467 990/2269 991/2271
f 2252/2467 962/2469 148/2270 990/2269
f 2251/2466 961/2470 962/2469 2252/2467
f 2250/2465 960/2471 961/2470 2251/2466
f 1022/2454 147/2456 960/2471 2250/2465
f 1021/2453 1022/2454 2250/2465 2247/2460
f 1020/2452 1021/2453 2247/2460 2244/2468
f 3276/2472 3277/2473 3275/2474 3281/2475
f 3278/2476 3279/2477 3275/2474 3277/2473
f 3280/2478 3281/2475 3275/2474 3279/2477
f 2255/2479 2458/2480 3276/2481 3041/2482
f 2458/2480 2457/2483 3277/2473 3276/2481
f 3041/2482 3276/2481 3281/2475 3042/2484
f 2256/2485 2792/2486 3278/2487 2456/2488
f 2792/2486 2793/2489 3279/2477 3278/2487
f 2456/2488 3278/2487 3277/2473 2457/2483
f 2376/2490 3043/2491 3280/2492 2794/2493
f 3043/2491 3042/2484 3281/2475 3280/2492
f 2794/2493 3280/2492 3279/2477 2793/2489
f 3282/2494 3283/2495 3286/2496 3285/2497
f 3283/2495 3284/2498 3287/2499 3286/2496
f 3285/2497 3286/2496 3289/2500 3288/2501
f 3286/2496 3287/2499 3290/2502 3289/2500
f 2255/2479 3041/2482 3282/2503 2405/2504
f 3041/2482 3042/2484 3283/2495 3282/2503
f 3042/2484 3043/2491 3284/2498 3283/2495
f 3043/2491 2376/2490 2915/2505 3284/2498
f 3284/2498 2915/2505 2916/2506 3287/2499
f 3287/2499 2916/2506 2917/2507 3290/2502
f 3290/2502 2917/2507 2352/2508 3116/2509
f 3289/2500 3290/2502 3116/2509 3117/2510
f 3288/2501 3289/2500 3117/2510 3118/2511
f 2407/2512 3288/2501 3118/2511 2254/2513
f 2406/2514 3285/2497 3288/2501 2407/2512
f 2405/2504 3282/2503 3285/2497 2406/2514
f 3291/2515 3292/2516 3295/2517 3294/2518
f 3292/2516 3293/2519 3296/2520 3295/2517
f 3294/2518 3295/2517 3298/2521 3297/2522
f 3295/2517 3296/2520 3299/2523 3298/2521
f 2352/2508 2917/2507 3291/2524 2977/2525
f 2917/2507 2916/2506 3292/2516 3291/2524
f 2916/2506 2915/2505 3293/2519 3292/2516
f 2915/2505 2376/2490 3115/2526 3293/2519
f 3293/2519 3115/2526 3114/2527 3296/2520
f 3296/2520 3114/2527 3113/2528 3299/2523
f 3299/2523 3113/2528 2380/2529 2927/2530
f 3298/2521 3299/2523 2927/2530 2928/2531
f 3297/2522 3298/2521 2928/2531 2929/2532
f 2975/2533 3297/2522 2929/2532 2356/2534
f 2976/2535 3294/2518 3297/2522 2975/2533
f 2977/2525 3291/2524 3294/2518 2976/2535
f 3300/2536 3301/2537 3304/2538 3303/2539
f 3301/2537 3302/2540 3305/2541 3304/2538
f 3303/2539 3304/2538 3307/2542 3306/2543
f 3304/2538 3305/2541 3308/2544 3307/2542
f 2376/2490 3040/2545 3300/2546 3115/2526
f 3040/2545 3039/2547 3301/2537 3300/2546
f 3039/2547 3038/2548 3302/2540 3301/2537
f 3038/2548 2258/2549 2416/2550 3302/2540
f 3302/2540 2416/2550 2415/2551 3305/2541
f 3305/2541 2415/2551 2414/2552 3308/2544
f 3308/2544 2414/2552 2259/2553 3029/2554
f 3307/2542 3308/2544 3029/2554 3030/2555
f 3306/2543 3307/2542 3030/2555 3031/2556
f 3113/2528 3306/2543 3031/2556 2380/2529
f 3114/2527 3303/2539 3306/2543 3113/2528
f 3115/2526 3300/2546 3303/2539 3114/2527
f 3309/2557 3310/2558 3313/2559 3312/2560
f 3310/2558 3311/2561 3314/2562 3313/2559
f 3312/2560 3313/2559 3316/2563 3315/2564
f 3313/2559 3314/2562 3317/2565 3316/2563
f 2380/2529 3031/2556 3309/2566 3112/2567
f 3031/2556 3030/2555 3310/2558 3309/2566
f 3030/2555 3029/2554 3311/2561 3310/2558
f 3029/2554 2259/2553 2419/2568 3311/2561
f 3311/2561 2419/2568 2418/2569 3314/2562
f 3314/2562 2418/2569 2417/2570 3317/2565
f 3317/2565 2417/2570 2260/2571 3035/2572
f 3316/2563 3317/2565 3035/2572 3036/2573
f 3315/2564 3316/2563 3036/2573 3037/2574
f 3110/2575 3315/2564 3037/2574 2381/2576
f 3111/2577 3312/2560 3315/2564 3110/2575
f 3112/2567 3309/2566 3312/2560 3111/2577
f 3318/2578 3319/2579 3322/2580 3321/2581
f 3319/2579 3320/2582 3323/2583 3322/2580
f 3321/2581 3322/2580 3325/2584 3324/2585
f 3322/2580 3323/2583 3326/2586 3325/2584
f 2381/2576 3037/2574 3318/2587 3109/2588
f 3037/2574 3036/2573 3319/2579 3318/2587
f 3036/2573 3035/2572 3320/2582 3319/2579
f 3035/2572 2260/2571 2422/2589 3320/2582
f 3320/2582 2422/2589 2421/2590 3323/2583
f 3323/2583 2421/2590 2420/2591 3326/2586
f 3326/2586 2420/2591 2261/2592 2798/2593
f 3325/2584 3326/2586 2798/2593 2799/2594
f 3324/2585 3325/2584 2799/2594 2800/2595
f 3107/2596 3324/2585 2800/2595 2379/2597
f 3108/2598 3321/2581 3324/2585 3107/2596
f 3109/2588 3318/2587 3321/2581 3108/2598
f 3327/2599 3328/2600 3331/2601 3330/2602
f 3328/2600 3329/2603 3332/2604 3331/2601
f 3330/2602 3331/2601 3334/2605 3333/2606
f 3331/2601 3332/2604 3335/2607 3334/2605
f 2379/2597 2800/2595 3327/2608 3106/2609
f 2800/2595 2799/2594 3328/2600 3327/2608
f 2799/2594 2798/2593 3329/2603 3328/2600
f 2798/2593 2261/2592 2425/2610 3329/2603
f 3329/2603 2425/2610 2424/2611 3332/2604
f 3332/2604 2424/2611 2423/2612 3335/2607
f 3335/2607 2423/2612 2262/2613 3032/2614
f 3334/2605 3335/2607 3032/2614 3033/2615
f 3333/2606 3334/2605 3033/2615 3034/2616
f 3104/2617 3333/2606 3034/2616 2377/2618
f 3105/2619 3330/2602 3333/2606 3104/2617
f 3106/2609 3327/2608 3330/2602 3105/2619
f 3336/2620 3337/2621 3340/2622 3339/2623
f 3337/2621 3338/2624 3341/2625 3340/2622
f 3339/2623 3340/2622 3343/2626 3342/2627
f 3340/2622 3341/2625 3344/2628 3343/2626
f 2377/2618 3034/2616 3336/2629 3103/2630
f 3034/2616 3033/2615 3337/2621 3336/2629
f 3033/2615 3032/2614 3338/2624 3337/2621
f 3032/2614 2262/2613 2428/2631 3338/2624
f 3338/2624 2428/2631 2427/2632 3341/2625
f 3341/2625 2427/2632 2426/2633 3344/2628
f 3344/2628 2426/2633 2263/2634 2795/2635
f 3343/2626 3344/2628 2795/2635 2796/2636
f 3342/2627 3343/2626 2796/2636 2797/2637
f 3101/2638 3342/2627 2797/2637 2378/2639
f 3102/2640 3339/2623 3342/2627 3101/2638
f 3103/2630 3336/2629 3339/2623 3102/2640
f 3345/2641 3346/2642 3349/2643 3348/2644
f 3346/2642 3347/2645 3350/2646 3349/2643
f 3348/2644 3349/2643 3352/2647 3351/2648
f 3349/2643 3350/2646 3353/2649 3352/2647
f 2263/2634 2431/2650 3345/2651 2795/2635
f 2431/2650 2430/2652 3346/2642 3345/2651
f 2430/2652 2429/2653 3347/2645 3346/2642
f 2429/2653 2264/2654 3130/2655 3347/2645
f 3347/2645 3130/2655 3129/2656 3350/2646
f 3350/2646 3129/2656 3128/2657 3353/2649
f 3353/2649 3128/2657 2336/2658 3098/2659
f 3352/2647 3353/2649 3098/2659 3099/2660
f 3351/2648 3352/2647 3099/2660 3100/2661
f 2797/2637 3351/2648 3100/2661 2378/2639
f 2796/2636 3348/2644 3351/2648 2797/2637
f 2795/2635 3345/2651 3348/2644 2796/2636
f 3354/2662 3355/2663 3358/2664 3357/2665
f 3355/2663 3356/2666 3359/2667 3358/2664
f 3357/2665 3358/2664 3361/2668 3360/2669
f 3358/2664 3359/2667 3362/2670 3361/2668
f 2378/2639 3100/2661 3354/2671 2921/2672
f 3100/2661 3099/2660 3355/2663 3354/2671
f 3099/2660 3098/2659 3356/2666 3355/2663
f 3098/2659 2336/2658 2830/2673 3356/2666
f 3356/2666 2830/2673 2829/2674 3359/2667
f 3359/2667 2829/2674 2828/2675 3362/2670
f 3362/2670 2828/2675 2334/2676 2960/2677
f 3361/2668 3362/2670 2960/2677 2961/2678
f 3360/2669 3361/2668 2961/2678 2962/2679
f 2923/2680 3360/2669 2962/2679 2354/2681
f 2922/2682 3357/2665 3360/2669 2923/2680
f 2921/2672 3354/2671 3357/2665 2922/2682
f 3363/2683 3364/2684 3367/2685 3366/2686
f 3364/2684 3365/2687 3368/2688 3367/2685
f 3366/2686 3367/2685 3370/2689 3369/2690
f 3367/2685 3368/2688 3371/2691 3370/2689
f 2354/2681 2962/2679 3363/2692 2999/2693
f 2962/2679 2961/2678 3364/2684 3363/2692
f 2961/2678 2960/2677 3365/2687 3364/2684
f 2960/2677 2334/2676 2824/2694 3365/2687
f 3365/2687 2824/2694 2823/2695 3368/2688
f 3368/2688 2823/2695 2822/2696 3371/2691
f 3371/2691 2822/2696 2338/2697 3080/2698
f 3370/2689 3371/2691 3080/2698 3081/2699
f 3369/2690 3370/2689 3081/2699 3082/2700
f 3001/2701 3369/2690 3082/2700 2366/2702
f 3000/2703 3366/2686 3369/2690 3001/2701
f 2999/2693 3363/2692 3366/2686 3000/2703
f 3372/2704 3373/2705 3376/2706 3375/2707
f 3373/2705 3374/2708 3377/2709 3376/2706
f 3375/2707 3376/2706 3379/2710 3378/2711
f 3376/2706 3377/2709 3380/2712 3379/2710
f 2366/2702 3082/2700 3372/2713 2864/2714
f 3082/2700 3081/2699 3373/2705 3372/2713
f 3081/2699 3080/2698 3374/2708 3373/2705
f 3080/2698 2338/2697 2836/2715 3374/2708
f 3374/2708 2836/2715 2835/2716 3377/2709
f 3377/2709 2835/2716 2834/2717 3380/2712
f 3380/2712 2834/2717 2333/2718 2876/2719
f 3379/2710 3380/2712 2876/2719 2877/2720
f 3378/2711 3379/2710 2877/2720 2878/2721
f 2866/2722 3378/2711 2878/2721 2342/2723
f 2865/2724 3375/2707 3378/2711 2866/2722
f 2864/2714 3372/2713 3375/2707 2865/2724
f 3381/2725 3382/2726 3385/2727 3384/2728
f 3382/2726 3383/2729 3386/2730 3385/2727
f 3384/2728 3385/2727 3388/2731 3387/2732
f 3385/2727 3386/2730 3389/2733 3388/2731
f 2333/2718 2821/2734 3381/2735 2876/2719
f 2821/2734 2820/2736 3382/2726 3381/2735
f 2820/2736 2819/2737 3383/2729 3382/2726
f 2819/2737 2337/2738 3079/2739 3383/2729
f 3383/2729 3079/2739 3078/2740 3386/2730
f 3386/2730 3078/2740 3077/2741 3389/2733
f 3389/2733 3077/2741 2370/2742 3013/2743
f 3388/2731 3389/2733 3013/2743 3012/2744
f 3387/2732 3388/2731 3012/2744 3011/2745
f 2878/2721 3387/2732 3011/2745 2342/2723
f 2877/2720 3384/2728 3387/2732 2878/2721
f 2876/2719 3381/2735 3384/2728 2877/2720
f 3390/2746 3391/2747 3394/2748 3393/2749
f 3391/2747 3392/2750 3395/2751 3394/2748
f 3393/2749 3394/2748 3397/2752 3396/2753
f 3394/2748 3395/2751 3398/2754 3397/2752
f 2370/2742 3076/2755 3390/2756 3013/2743
f 3076/2755 3075/2757 3391/2747 3390/2756
f 3075/2757 3074/2758 3392/2750 3391/2747
f 3074/2758 2371/2759 3016/2760 3392/2750
f 3392/2750 3016/2760 3015/2761 3395/2751
f 3395/2751 3015/2761 3014/2762 3398/2754
f 3398/2754 3014/2762 2341/2763 2881/2764
f 3397/2752 3398/2754 2881/2764 2880/2765
f 3396/2753 3397/2752 2880/2765 2879/2766
f 3011/2745 3396/2753 2879/2766 2342/2723
f 3012/2744 3393/2749 3396/2753 3011/2745
f 3013/2743 3390/2756 3393/2749 3012/2744
f 3399/2767 3400/2768 3403/2769 3402/2770
f 3400/2768 3401/2771 3404/2772 3403/2769
f 3402/2770 3403/2769 3406/2773 3405/2774
f 3403/2769 3404/2772 3407/2775 3406/2773
f 2341/2763 2863/2776 3399/2777 2881/2764
f 2863/2776 2862/2778 3400/2768 3399/2777
f 2862/2778 2861/2779 3401/2771 3400/2768
f 2861/2779 2365/2780 3085/2781 3401/2771
f 3401/2771 3085/2781 3084/2782 3404/2772
f 3404/2772 3084/2782 3083/2783 3407/2775
f 3407/2775 3083/2783 2366/2702 2864/2714
f 3406/2773 3407/2775 2864/2714 2865/2724
f 3405/2774 3406/2773 2865/2724 2866/2722
f 2879/2766 3405/2774 2866/2722 2342/2723
f 2880/2765 3402/2770 3405/2774 2879/2766
f 2881/2764 3399/2777 3402/2770 2880/2765
f 3408/2784 3409/2785 3412/2786 3411/2787
f 3409/2785 3410/2788 3413/2789 3412/2786
f 3411/2787 3412/2786 3415/2790 3414/2791
f 3412/2786 3413/2789 3416/2792 3415/2790
f 2365/2780 2998/2793 3408/2794 3085/2781
f 2998/2793 2997/2795 3409/2785 3408/2794
f 2997/2795 2996/2796 3410/2788 3409/2785
f 2996/2796 2353/2797 2965/2798 3410/2788
f 3410/2788 2965/2798 2964/2799 3413/2789
f 3413/2789 2964/2799 2963/2800 3416/2792
f 3416/2792 2963/2800 2354/2681 2999/2693
f 3415/2790 3416/2792 2999/2693 3000/2703
f 3414/2791 3415/2790 3000/2703 3001/2701
f 3083/2783 3414/2791 3001/2701 2366/2702
f 3084/2782 3411/2787 3414/2791 3083/2783
f 3085/2781 3408/2794 3411/2787 3084/2782
f 3417/2801 3418/2802 3421/2803 3420/2804
f 3418/2802 3419/2805 3422/2806 3421/2803
f 3420/2804 3421/2803 3424/2807 3423/2808
f 3421/2803 3422/2806 3425/2809 3424/2807
f 2353/2797 2920/2810 3417/2811 2965/2798
f 2920/2810 2919/2812 3418/2802 3417/2811
f 2919/2812 2918/2813 3419/2805 3418/2802
f 2918/2813 2377/2618 3103/2630 3419/2805
f 3419/2805 3103/2630 3102/2640 3422/2806
f 3422/2806 3102/2640 3101/2638 3425/2809
f 3425/2809 3101/2638 2378/2639 2921/2672
f 3424/2807 3425/2809 2921/2672 2922/2682
f 3423/2808 3424/2807 2922/2682 2923/2680
f 2963/2800 3423/2808 2923/2680 2354/2681
f 2964/2799 3420/2804 3423/2808 2963/2800
f 2965/2798 3417/2811 3420/2804 2964/2799
f 3426/2814 3427/2815 3430/2816 3429/2817
f 3427/2815 3428/2818 3431/2819 3430/2816
f 3429/2817 3430/2816 3433/2820 3432/2821
f 3430/2816 3431/2819 3434/2822 3433/2820
f 2353/2797 2966/2823 3426/2824 2920/2810
f 2966/2823 2967/2825 3427/2815 3426/2824
f 2967/2825 2968/2826 3428/2818 3427/2815
f 2968/2826 2355/2827 2926/2828 3428/2818
f 3428/2818 2926/2828 2925/2829 3431/2819
f 3431/2819 2925/2829 2924/2830 3434/2822
f 3434/2822 2924/2830 2379/2597 3106/2609
f 3433/2820 3434/2822 3106/2609 3105/2619
f 3432/2821 3433/2820 3105/2619 3104/2617
f 2918/2813 3432/2821 3104/2617 2377/2618
f 2919/2812 3429/2817 3432/2821 2918/2813
f 2920/2810 3426/2824 3429/2817 2919/2812
f 3435/2831 3436/2832 3439/2833 3438/2834
f 3436/2832 3437/2835 3440/2836 3439/2833
f 3438/2834 3439/2833 3442/2837 3441/2838
f 3439/2833 3440/2836 3443/2839 3442/2837
f 2355/2827 2969/2840 3435/2841 2926/2828
f 2969/2840 2970/2842 3436/2832 3435/2841
f 2970/2842 2971/2843 3437/2835 3436/2832
f 2971/2843 2357/2844 2932/2845 3437/2835
f 3437/2835 2932/2845 2931/2846 3440/2836
f 3440/2836 2931/2846 2930/2847 3443/2839
f 3443/2839 2930/2847 2381/2576 3109/2588
f 3442/2837 3443/2839 3109/2588 3108/2598
f 3441/2838 3442/2837 3108/2598 3107/2596
f 2924/2830 3441/2838 3107/2596 2379/2597
f 2925/2829 3438/2834 3441/2838 2924/2830
f 2926/2828 3435/2841 3438/2834 2925/2829
f 3444/2848 3445/2849 3448/2850 3447/2851
f 3445/2849 3446/2852 3449/2853 3448/2850
f 3447/2851 3448/2850 3451/2854 3450/2855
f 3448/2850 3449/2853 3452/2856 3451/2854
f 2357/2844 2972/2857 3444/2858 2932/2845
f 2972/2857 2973/2859 3445/2849 3444/2858
f 2973/2859 2974/2860 3446/2852 3445/2849
f 2974/2860 2356/2534 2929/2532 3446/2852
f 3446/2852 2929/2532 2928/2531 3449/2853
f 3449/2853 2928/2531 2927/2530 3452/2856
f 3452/2856 2927/2530 2380/2529 3112/2567
f 3451/2854 3452/2856 3112/2567 3111/2577
f 3450/2855 3451/2854 3111/2577 3110/2575
f 2930/2847 3450/2855 3110/2575 2381/2576
f 2931/2846 3447/2851 3450/2855 2930/2847
f 2932/2845 3444/2858 3447/2851 2931/2846
f 3453/2861 3454/2862 3457/2863 3456/2864
f 3454/2862 3455/2865 3458/2866 3457/2863
f 3456/2864 3457/2863 3460/2867 3459/2868
f 3457/2863 3458/2866 3461/2869 3460/2867
f 2356/2534 2974/2860 3453/2870 3005/2871
f 2974/2860 2973/2859 3454/2862 3453/2870
f 2973/2859 2972/2857 3455/2865 3454/2862
f 2972/2857 2357/2844 3008/2872 3455/2865
f 3455/2865 3008/2872 3009/2873 3458/2866
f 3458/2866 3009/2873 3010/2874 3461/2869
f 3461/2869 3010/2874 2369/2875 3092/2876
f 3460/2867 3461/2869 3092/2876 3093/2877
f 3459/2868 3460/2867 3093/2877 3094/2878
f 3007/2879 3459/2868 3094/2878 2368/2880
f 3006/2881 3456/2864 3459/2868 3007/2879
f 3005/2871 3453/2870 3456/2864 3006/2881
f 3462/2882 3463/2883 3466/2884 3465/2885
f 3463/2883 3464/2886 3467/2887 3466/2884
f 3465/2885 3466/2884 3469/2888 3468/2889
f 3466/2884 3467/2887 3470/2890 3469/2888
f 2369/2875 3010/2874 3462/2891 3091/2892
f 3010/2874 3009/2873 3463/2883 3462/2891
f 3009/2873 3008/2872 3464/2886 3463/2883
f 3008/2872 2357/2844 2971/2843 3464/2886
f 3464/2886 2971/2843 2970/2842 3467/2887
f 3467/2887 2970/2842 2969/2840 3470/2890
f 3470/2890 2969/2840 2355/2827 3002/2893
f 3469/2888 3470/2890 3002/2893 3003/2894
f 3468/2889 3469/2888 3003/2894 3004/2895
f 3089/2896 3468/2889 3004/2895 2367/2897
f 3090/2898 3465/2885 3468/2889 3089/2896
f 3091/2892 3462/2891 3465/2885 3090/2898
f 3471/2899 3472/2900 3475/2901 3474/2902
f 3472/2900 3473/2903 3476/2904 3475/2901
f 3474/2902 3475/2901 3478/2905 3477/2906
f 3475/2901 3476/2904 3479/2907 3478/2905
f 2367/2897 3004/2895 3471/2908 3088/2909
f 3004/2895 3003/2894 3472/2900 3471/2908
f 3003/2894 3002/2893 3473/2903 3472/2900
f 3002/2893 2355/2827 2968/2826 3473/2903
f 3473/2903 2968/2826 2967/2825 3476/2904
f 3476/2904 2967/2825 2966/2823 3479/2907
f 3479/2907 2966/2823 2353/2797 2996/2796
f 3478/2905 3479/2907 2996/2796 2997/2795
f 3477/2906 3478/2905 2997/2795 2998/2793
f 3086/2910 3477/2906 2998/2793 2365/2780
f 3087/2911 3474/2902 3477/2906 3086/2910
f 3088/2909 3471/2908 3474/2902 3087/2911
f 3480/2912 3481/2913 3484/2914 3483/2915
f 3481/2913 3482/2916 3485/2917 3484/2914
f 3483/2915 3484/2914 3487/2918 3486/2919
f 3484/2914 3485/2917 3488/2920 3487/2918
f 2367/2897 3088/2909 3480/2921 2867/2922
f 3088/2909 3087/2911 3481/2913 3480/2921
f 3087/2911 3086/2910 3482/2916 3481/2913
f 3086/2910 2365/2780 2861/2779 3482/2916
f 3482/2916 2861/2779 2862/2778 3485/2917
f 3485/2917 2862/2778 2863/2776 3488/2920
f 3488/2920 2863/2776 2341/2763 2882/2923
f 3487/2918 3488/2920 2882/2923 2883/2924
f 3486/2919 3487/2918 2883/2924 2884/2925
f 2869/2926 3486/2919 2884/2925 2343/2927
f 2868/2928 3483/2915 3486/2919 2869/2926
f 2867/2922 3480/2921 3483/2915 2868/2928
f 3489/2929 3490/2930 3493/2931 3492/2932
f 3490/2930 3491/2933 3494/2934 3493/2931
f 3492/2932 3493/2931 3496/2935 3495/2936
f 3493/2931 3494/2934 3497/2937 3496/2935
f 2341/2763 3014/2762 3489/2938 2882/2923
f 3014/2762 3015/2761 3490/2930 3489/2938
f 3015/2761 3016/2760 3491/2933 3490/2930
f 3016/2760 2371/2759 3073/2939 3491/2933
f 3491/2933 3073/2939 3072/2940 3494/2934
f 3494/2934 3072/2940 3071/2941 3497/2937
f 3497/2937 3071/2941 2372/2942 3019/2943
f 3496/2935 3497/2937 3019/2943 3018/2944
f 3495/2936 3496/2935 3018/2944 3017/2945
f 2884/2925 3495/2936 3017/2945 2343/2927
f 2883/2924 3492/2932 3495/2936 2884/2925
f 2882/2923 3489/2938 3492/2932 2883/2924
f 3498/2946 3499/2947 3502/2948 3501/2949
f 3499/2947 3500/2950 3503/2951 3502/2948
f 3501/2949 3502/2948 3505/2952 3504/2953
f 3502/2948 3503/2951 3506/2954 3505/2952
f 2372/2942 3070/2955 3498/2956 3019/2943
f 3070/2955 3069/2957 3499/2947 3498/2956
f 3069/2957 3068/2958 3500/2950 3499/2947
f 3068/2958 2373/2959 3022/2960 3500/2950
f 3500/2950 3022/2960 3021/2961 3503/2951
f 3503/2951 3021/2961 3020/2962 3506/2954
f 3506/2954 3020/2962 2345/2963 2887/2964
f 3505/2952 3506/2954 2887/2964 2886/2965
f 3504/2953 3505/2952 2886/2965 2885/2966
f 3017/2945 3504/2953 2885/2966 2343/2927
f 3018/2944 3501/2949 3504/2953 3017/2945
f 3019/2943 3498/2956 3501/2949 3018/2944
f 3507/2967 3508/2968 3511/2969 3510/2970
f 3508/2968 3509/2971 3512/2972 3511/2969
f 3510/2970 3511/2969 3514/2973 3513/2974
f 3511/2969 3512/2972 3515/2975 3514/2973
f 2345/2963 2875/2976 3507/2977 2887/2964
f 2875/2976 2874/2978 3508/2968 3507/2977
f 2874/2978 2873/2979 3509/2971 3508/2968
f 2873/2979 2369/2875 3091/2892 3509/2971
f 3509/2971 3091/2892 3090/2898 3512/2972
f 3512/2972 3090/2898 3089/2896 3515/2975
f 3515/2975 3089/2896 2367/2897 2867/2922
f 3514/2973 3515/2975 2867/2922 2868/2928
f 3513/2974 3514/2973 2868/2928 2869/2926
f 2885/2966 3513/2974 2869/2926 2343/2927
f 2886/2965 3510/2970 3513/2974 2885/2966
f 2887/2964 3507/2977 3510/2970 2886/2965
f 3516/2980 3517/2981 3520/2982 3519/2983
f 3517/2981 3518/2984 3521/2985 3520/2982
f 3519/2983 3520/2982 3523/2986 3522/2987
f 3520/2982 3521/2985 3524/2988 3523/2986
f 2345/2963 2888/2989 3516/2990 2875/2976
f 2888/2989 2889/2991 3517/2981 3516/2990
f 2889/2991 2890/2992 3518/2984 3517/2981
f 2890/2992 2344/2993 2872/2994 3518/2984
f 3518/2984 2872/2994 2871/2995 3521/2985
f 3521/2985 2871/2995 2870/2996 3524/2988
f 3524/2988 2870/2996 2368/2880 3094/2878
f 3523/2986 3524/2988 3094/2878 3093/2877
f 3522/2987 3523/2986 3093/2877 3092/2876
f 2873/2979 3522/2987 3092/2876 2369/2875
f 2874/2978 3519/2983 3522/2987 2873/2979
f 2875/2976 3516/2990 3519/2983 2874/2978
f 3525/2997 3526/2998 3529/2999 3528/3000
f 3526/2998 3527/3001 3530/3002 3529/2999
f 3528/3000 3529/2999 3532/3003 3531/3004
f 3529/2999 3530/3002 3533/3005 3532/3003
f 2344/2993 2891/3006 3525/3007 2872/2994
f 2891/3006 2892/3008 3526/2998 3525/3007
f 2892/3008 2893/3009 3527/3001 3526/2998
f 2893/3009 2340/3010 2860/3011 3527/3001
f 3527/3001 2860/3011 2859/3012 3530/3002
f 3530/3002 2859/3012 2858/3013 3533/3005
f 3533/3005 2858/3013 2364/3014 3097/3015
f 3532/3003 3533/3005 3097/3015 3096/3016
f 3531/3004 3532/3003 3096/3016 3095/3017
f 2870/2996 3531/3004 3095/3017 2368/2880
f 2871/2995 3528/3000 3531/3004 2870/2996
f 2872/2994 3525/3007 3528/3000 2871/2995
f 3534/3018 3535/3019 3538/3020 3537/3021
f 3535/3019 3536/3022 3539/3023 3538/3020
f 3537/3021 3538/3020 3541/3024 3540/3025
f 3538/3020 3539/3023 3542/3026 3541/3024
f 2364/3014 2995/3027 3534/3028 3097/3015
f 2995/3027 2994/3029 3535/3019 3534/3028
f 2994/3029 2993/3030 3536/3022 3535/3019
f 2993/3030 2352/2508 2977/2525 3536/3022
f 3536/3022 2977/2525 2976/2535 3539/3023
f 3539/3023 2976/2535 2975/2533 3542/3026
f 3542/3026 2975/2533 2356/2534 3005/2871
f 3541/3024 3542/3026 3005/2871 3006/2881
f 3540/3025 3541/3024 3006/2881 3007/2879
f 3095/3017 3540/3025 3007/2879 2368/2880
f 3096/3016 3537/3021 3540/3025 3095/3017
f 3097/3015 3534/3028 3537/3021 3096/3016
f 3543/3031 3544/3032 3547/3033 3546/3034
f 3544/3032 3545/3035 3548/3036 3547/3033
f 3546/3034 3547/3033 3550/3037 3549/3038
f 3547/3033 3548/3036 3551/3039 3550/3037
f 2364/3014 2980/3040 3543/3041 2995/3027
f 2980/3040 2979/3042 3544/3032 3543/3041
f 2979/3042 2978/3043 3545/3035 3544/3032
f 2978/3043 2253/3044 2461/3045 3545/3035
f 3545/3035 2461/3045 2460/3046 3548/3036
f 3548/3036 2460/3046 2459/3047 3551/3039
f 3551/3039 2459/3047 2254/2513 3118/2511
f 3550/3037 3551/3039 3118/2511 3117/2510
f 3549/3038 3550/3037 3117/2510 3116/2509
f 2993/3030 3549/3038 3116/2509 2352/2508
f 2994/3029 3546/3034 3549/3038 2993/3030
f 2995/3027 3543/3041 3546/3034 2994/3029
f 3552/3048 3553/3049 3556/3050 3555/3051
f 3553/3049 3554/3052 3557/3053 3556/3050
f 3555/3051 3556/3050 3559/3054 3558/3055
f 3556/3050 3557/3053 3560/3056 3559/3054
f 2253/3044 2978/3043 3552/3057 2462/3058
f 2978/3043 2979/3042 3553/3049 3552/3057
f 2979/3042 2980/3040 3554/3052 3553/3049
f 2980/3040 2364/3014 2858/3013 3554/3052
f 3554/3052 2858/3013 2859/3012 3557/3053
f 3557/3053 2859/3012 2860/3011 3560/3056
f 3560/3056 2860/3011 2340/3010 3119/3059
f 3559/3054 3560/3056 3119/3059 3120/3060
f 3558/3055 3559/3054 3120/3060 3121/3061
f 2464/3062 3558/3055 3121/3061 2272/3063
f 2463/3064 3555/3051 3558/3055 2464/3062
f 2462/3058 3552/3057 3555/3051 2463/3064
f 3561/3065 3562/3066 3565/3067 3564/3068
f 3562/3066 3563/3069 3566/3070 3565/3067
f 3564/3068 3565/3067 3568/3071 3567/3072
f 3565/3067 3566/3070 3569/3073 3568/3071
f 2340/3010 3026/3074 3561/3075 3119/3059
f 3026/3074 3027/3076 3562/3066 3561/3075
f 3027/3076 3028/3077 3563/3069 3562/3066
f 3028/3077 2375/3078 2896/3079 3563/3069
f 3563/3069 2896/3079 2895/3080 3566/3070
f 3566/3070 2895/3080 2894/3081 3569/3073
f 3569/3073 2894/3081 2273/3082 2467/3083
f 3568/3071 3569/3073 2467/3083 2466/3084
f 3567/3072 3568/3071 2466/3084 2465/3085
f 3121/3061 3567/3072 2465/3085 2272/3063
f 3120/3060 3564/3068 3567/3072 3121/3061
f 3119/3059 3561/3075 3564/3068 3120/3060
f 3570/3086 3571/3087 3574/3088 3573/3089
f 3571/3087 3572/3090 3575/3091 3574/3088
f 3573/3089 3574/3088 3577/3092 3576/3093
f 3574/3088 3575/3091 3578/3094 3577/3092
f 2273/3082 2894/3081 3570/3095 2468/3096
f 2894/3081 2895/3080 3571/3087 3570/3095
f 2895/3080 2896/3079 3572/3090 3571/3087
f 2896/3079 2375/3078 2912/3097 3572/3090
f 3572/3090 2912/3097 2913/3098 3575/3091
f 3575/3091 2913/3098 2914/3099 3578/3094
f 3578/3094 2914/3099 2351/3100 3122/3101
f 3577/3092 3578/3094 3122/3101 3123/3102
f 3576/3093 3577/3092 3123/3102 3124/3103
f 2470/3104 3576/3093 3124/3103 2274/3105
f 2469/3106 3573/3089 3576/3093 2470/3104
f 2468/3096 3570/3095 3573/3089 2469/3106
f 3579/3107 3580/3108 3583/3109 3582/3110
f 3580/3108 3581/3111 3584/3112 3583/3109
f 3582/3110 3583/3109 3586/3113 3585/3114
f 3583/3109 3584/3112 3587/3115 3586/3113
f 2351/3100 2914/3099 3579/3116 2953/3117
f 2914/3099 2913/3098 3580/3108 3579/3116
f 2913/3098 2912/3097 3581/3111 3580/3108
f 2912/3097 2375/3078 3062/3118 3581/3111
f 3581/3111 3062/3118 3063/3119 3584/3112
f 3584/3112 3063/3119 3064/3120 3587/3115
f 3587/3115 3064/3120 2374/3121 2909/3122
f 3586/3113 3587/3115 2909/3122 2910/3123
f 3585/3114 3586/3113 2910/3123 2911/3124
f 2951/3125 3585/3114 2911/3124 2350/3126
f 2952/3127 3582/3110 3585/3114 2951/3125
f 2953/3117 3579/3116 3582/3110 2952/3127
f 3588/3128 3589/3129 3592/3130 3591/3131
f 3589/3129 3590/3132 3593/3133 3592/3130
f 3591/3131 3592/3130 3595/3134 3594/3135
f 3592/3130 3593/3133 3596/3136 3595/3134
f 2375/3078 3028/3077 3588/3137 3062/3118
f 3028/3077 3027/3076 3589/3129 3588/3137
f 3027/3076 3026/3074 3590/3132 3589/3129
f 3026/3074 2340/3010 2893/3009 3590/3132
f 3590/3132 2893/3009 2892/3008 3593/3133
f 3593/3133 2892/3008 2891/3006 3596/3136
f 3596/3136 2891/3006 2344/2993 3023/3138
f 3595/3134 3596/3136 3023/3138 3024/3139
f 3594/3135 3595/3134 3024/3139 3025/3140
f 3064/3120 3594/3135 3025/3140 2374/3121
f 3063/3119 3591/3131 3594/3135 3064/3120
f 3062/3118 3588/3137 3591/3131 3063/3119
f 3597/3141 3598/3142 3601/3143 3600/3144
f 3598/3142 3599/3145 3602/3146 3601/3143
f 3600/3144 3601/3143 3604/3147 3603/3148
f 3601/3143 3602/3146 3605/3149 3604/3147
f 2374/3121 3025/3140 3597/3150 3065/3151
f 3025/3140 3024/3139 3598/3142 3597/3150
f 3024/3139 3023/3138 3599/3145 3598/3142
f 3023/3138 2344/2993 2890/2992 3599/3145
f 3599/3145 2890/2992 2889/2991 3602/3146
f 3602/3146 2889/2991 2888/2989 3605/3149
f 3605/3149 2888/2989 2345/2963 3020/2962
f 3604/3147 3605/3149 3020/2962 3021/2961
f 3603/3148 3604/3147 3021/2961 3022/2960
f 3067/3152 3603/3148 3022/2960 2373/2959
f 3066/3153 3600/3144 3603/3148 3067/3152
f 3065/3151 3597/3150 3600/3144 3066/3153
f 3606/3154 3607/3155 3610/3156 3609/3157
f 3607/3155 3608/3158 3611/3159 3610/3156
f 3609/3157 3610/3156 3613/3160 3612/3161
f 3610/3156 3611/3159 3614/3162 3613/3160
f 2374/3121 3065/3151 3606/3163 2909/3122
f 3065/3151 3066/3153 3607/3155 3606/3163
f 3066/3153 3067/3152 3608/3158 3607/3155
f 3067/3152 2373/2959 2906/3164 3608/3158
f 3608/3158 2906/3164 2907/3165 3611/3159
f 3611/3159 2907/3165 2908/3166 3614/3162
f 3614/3162 2908/3166 2349/3167 2948/3168
f 3613/3160 3614/3162 2948/3168 2949/3169
f 3612/3161 3613/3160 2949/3169 2950/3170
f 2911/3124 3612/3161 2950/3170 2350/3126
f 2910/3123 3609/3157 3612/3161 2911/3124
f 2909/3122 3606/3163 3609/3157 2910/3123
f 3615/3171 3616/3172 3619/3173 3618/3174
f 3616/3172 3617/3175 3620/3176 3619/3173
f 3618/3174 3619/3173 3622/3177 3621/3178
f 3619/3173 3620/3176 3623/3179 3622/3177
f 2349/3167 2908/3166 3615/3180 2947/3181
f 2908/3166 2907/3165 3616/3172 3615/3180
f 2907/3165 2906/3164 3617/3175 3616/3172
f 2906/3164 2373/2959 3068/2958 3617/3175
f 3617/3175 3068/2958 3069/2957 3620/3176
f 3620/3176 3069/2957 3070/2955 3623/3179
f 3623/3179 3070/2955 2372/2942 2903/3182
f 3622/3177 3623/3179 2903/3182 2904/3183
f 3621/3178 3622/3177 2904/3183 2905/3184
f 2945/3185 3621/3178 2905/3184 2348/3186
f 2946/3187 3618/3174 3621/3178 2945/3185
f 2947/3181 3615/3180 3618/3174 2946/3187
f 3624/3188 3625/3189 3628/3190 3627/3191
f 3625/3189 3626/3192 3629/3193 3628/3190
f 3627/3191 3628/3190 3631/3194 3630/3195
f 3628/3190 3629/3193 3632/3196 3631/3194
f 2348/3186 2905/3184 3624/3197 2944/3198
f 2905/3184 2904/3183 3625/3189 3624/3197
f 2904/3183 2903/3182 3626/3192 3625/3189
f 2903/3182 2372/2942 3071/2941 3626/3192
f 3626/3192 3071/2941 3072/2940 3629/3193
f 3629/3193 3072/2940 3073/2939 3632/3196
f 3632/3196 3073/2939 2371/2759 2900/3199
f 3631/3194 3632/3196 2900/3199 2901/3200
f 3630/3195 3631/3194 2901/3200 2902/3201
f 2942/3202 3630/3195 2902/3201 2347/3203
f 2943/3204 3627/3191 3630/3195 2942/3202
f 2944/3198 3624/3197 3627/3191 2943/3204
f 3633/3205 3634/3206 3637/3207 3636/3208
f 3634/3206 3635/3209 3638/3210 3637/3207
f 3636/3208 3637/3207 3640/3211 3639/3212
f 3637/3207 3638/3210 3641/3213 3640/3211
f 2347/3203 2902/3201 3633/3214 2941/3215
f 2902/3201 2901/3200 3634/3206 3633/3214
f 2901/3200 2900/3199 3635/3209 3634/3206
f 2900/3199 2371/2759 3074/2758 3635/3209
f 3635/3209 3074/2758 3075/2757 3638/3210
f 3638/3210 3075/2757 3076/2755 3641/3213
f 3641/3213 3076/2755 2370/2742 2897/3216
f 3640/3211 3641/3213 2897/3216 2898/3217
f 3639/3212 3640/3211 2898/3217 2899/3218
f 2939/3219 3639/3212 2899/3218 2346/3220
f 2940/3221 3636/3208 3639/3212 2939/3219
f 2941/3215 3633/3214 3636/3208 2940/3221
f 3642/3222 3643/3223 3646/3224 3645/3225
f 3643/3223 3644/3226 3647/3227 3646/3224
f 3645/3225 3646/3224 3649/3228 3648/3229
f 3646/3224 3647/3227 3650/3230 3649/3228
f 2370/2742 3077/2741 3642/3231 2897/3216
f 3077/2741 3078/2740 3643/3223 3642/3231
f 3078/2740 3079/2739 3644/3226 3643/3223
f 3079/2739 2337/2738 2833/3232 3644/3226
f 3644/3226 2833/3232 2832/3233 3647/3227
f 3647/3227 2832/3233 2831/3234 3650/3230
f 3650/3230 2831/3234 2335/3235 2936/3236
f 3649/3228 3650/3230 2936/3236 2937/3237
f 3648/3229 3649/3228 2937/3237 2938/3238
f 2899/3218 3648/3229 2938/3238 2346/3220
f 2898/3217 3645/3225 3648/3229 2899/3218
f 2897/3216 3642/3231 3645/3225 2898/3217
f 3651/3239 3652/3240 3655/3241 3654/3242
f 3652/3240 3653/3243 3656/3244 3655/3241
f 3654/3242 3655/3241 3658/3245 3657/3246
f 3655/3241 3656/3244 3659/3247 3658/3245
f 2335/3235 2827/3248 3651/3249 2936/3236
f 2827/3248 2826/3250 3652/3240 3651/3249
f 2826/3250 2825/3251 3653/3243 3652/3240
f 2825/3251 2339/3252 3061/3253 3653/3243
f 3653/3243 3061/3253 3060/3254 3656/3244
f 3656/3244 3060/3254 3059/3255 3659/3247
f 3659/3247 3059/3255 2358/3256 2959/3257
f 3658/3245 3659/3247 2959/3257 2958/3258
f 3657/3246 3658/3245 2958/3258 2957/3259
f 2938/3238 3657/3246 2957/3259 2346/3220
f 2937/3237 3654/3242 3657/3246 2938/3238
f 2936/3236 3651/3249 3654/3242 2937/3237
f 3660/3260 3661/3261 3664/3262 3663/3263
f 3661/3261 3662/3264 3665/3265 3664/3262
f 3663/3263 3664/3262 3667/3266 3666/3267
f 3664/3262 3665/3265 3668/3268 3667/3266
f 2358/3256 3058/3269 3660/3270 2959/3257
f 3058/3269 3057/3271 3661/3261 3660/3270
f 3057/3271 3056/3272 3662/3264 3661/3261
f 3056/3272 2359/3273 2935/3274 3662/3264
f 3662/3264 2935/3274 2934/3275 3665/3265
f 3665/3265 2934/3275 2933/3276 3668/3268
f 3668/3268 2933/3276 2347/3203 2941/3215
f 3667/3266 3668/3268 2941/3215 2940/3221
f 3666/3267 3667/3266 2940/3221 2939/3219
f 2957/3259 3666/3267 2939/3219 2346/3220
f 2958/3258 3663/3263 3666/3267 2957/3259
f 2959/3257 3660/3270 3663/3263 2958/3258
f 3669/3277 3670/3278 3673/3279 3672/3280
f 3670/3278 3671/3281 3674/3282 3673/3279
f 3672/3280 3673/3279 3676/3283 3675/3284
f 3673/3279 3674/3282 3677/3285 3676/3283
f 2359/3273 3055/3286 3669/3287 2935/3274
f 3055/3286 3054/3288 3670/3278 3669/3287
f 3054/3288 3053/3289 3671/3281 3670/3278
f 3053/3289 2360/3290 2983/3291 3671/3281
f 3671/3281 2983/3291 2982/3292 3674/3282
f 3674/3282 2982/3292 2981/3293 3677/3285
f 3677/3285 2981/3293 2348/3186 2944/3198
f 3676/3283 3677/3285 2944/3198 2943/3204
f 3675/3284 3676/3283 2943/3204 2942/3202
f 2933/3276 3675/3284 2942/3202 2347/3203
f 2934/3275 3672/3280 3675/3284 2933/3276
f 2935/3274 3669/3287 3672/3280 2934/3275
f 3678/3294 3679/3295 3682/3296 3681/3297
f 3679/3295 3680/3298 3683/3299 3682/3296
f 3681/3297 3682/3296 3685/3300 3684/3301
f 3682/3296 3683/3299 3686/3302 3685/3300
f 2360/3290 3052/3303 3678/3304 2983/3291
f 3052/3303 3051/3305 3679/3295 3678/3304
f 3051/3305 3050/3306 3680/3298 3679/3295
f 3050/3306 2361/3307 2986/3308 3680/3298
f 3680/3298 2986/3308 2985/3309 3683/3299
f 3683/3299 2985/3309 2984/3310 3686/3302
f 3686/3302 2984/3310 2349/3167 2947/3181
f 3685/3300 3686/3302 2947/3181 2946/3187
f 3684/3301 3685/3300 2946/3187 2945/3185
f 2981/3293 3684/3301 2945/3185 2348/3186
f 2982/3292 3681/3297 3684/3301 2981/3293
f 2983/3291 3678/3304 3681/3297 2982/3292
f 3687/3311 3688/3312 3691/3313 3690/3314
f 3688/3312 3689/3315 3692/3316 3691/3313
f 3690/3314 3691/3313 3694/3317 3693/3318
f 3691/3313 3692/3316 3695/3319 3694/3317
f 2361/3307 3049/3320 3687/3321 2986/3308
f 3049/3320 3048/3322 3688/3312 3687/3321
f 3048/3322 3047/3323 3689/3315 3688/3312
f 3047/3323 2362/3324 2989/3325 3689/3315
f 3689/3315 2989/3325 2988/3326 3692/3316
f 3692/3316 2988/3326 2987/3327 3695/3319
f 3695/3319 2987/3327 2350/3126 2950/3170
f 3694/3317 3695/3319 2950/3170 2949/3169
f 3693/3318 3694/3317 2949/3169 2948/3168
f 2984/3310 3693/3318 2948/3168 2349/3167
f 2985/3309 3690/3314 3693/3318 2984/3310
f 2986/3308 3687/3321 3690/3314 2985/3309
f 3696/3328 3697/3329 3700/3330 3699/3331
f 3697/3329 3698/3332 3701/3333 3700/3330
f 3699/3331 3700/3330 3703/3334 3702/3335
f 3700/3330 3701/3333 3704/3336 3703/3334
f 2362/3324 3046/3337 3696/3338 2989/3325
f 3046/3337 3045/3339 3697/3329 3696/3338
f 3045/3339 3044/3340 3698/3332 3697/3329
f 3044/3340 2363/3341 2992/3342 3698/3332
f 3698/3332 2992/3342 2991/3343 3701/3333
f 3701/3333 2991/3343 2990/3344 3704/3336
f 3704/3336 2990/3344 2351/3100 2953/3117
f 3703/3334 3704/3336 2953/3117 2952/3127
f 3702/3335 3703/3334 2952/3127 2951/3125
f 2987/3327 3702/3335 2951/3125 2350/3126
f 2988/3326 3699/3331 3702/3335 2987/3327
f 2989/3325 3696/3338 3699/3331 2988/3326
f 3705/3345 3706/3346 3709/3347 3708/3348
f 3706/3346 3707/3349 3710/3350 3709/3347
f 3708/3348 3709/3347 3712/3351 3711/3352
f 3709/3347 3710/3350 3713/3353 3712/3351
f 2363/3341 2956/3354 3705/3355 2992/3342
f 2956/3354 2955/3356 3706/3346 3705/3355
f 2955/3356 2954/3357 3707/3349 3706/3346
f 2954/3357 2275/3358 2473/3359 3707/3349
f 3707/3349 2473/3359 2472/3360 3710/3350
f 3710/3350 2472/3360 2471/3361 3713/3353
f 3713/3353 2471/3361 2274/3105 3124/3103
f 3712/3351 3713/3353 3124/3103 3123/3102
f 3711/3352 3712/3351 3123/3102 3122/3101
f 2990/3344 3711/3352 3122/3101 2351/3100
f 2991/3343 3708/3348 3711/3352 2990/3344
f 2992/3342 3705/3355 3708/3348 2991/3343
f 3714/3362 3715/3363 3718/3364 3717/3365
f 3715/3363 3716/3366 3719/3367 3718/3364
f 3717/3365 3718/3364 3721/3368 3720/3369
f 3718/3364 3719/3367 3722/3370 3721/3368
f 2327/3371 3127/3372 3714/3373 2857/3374
f 3127/3372 3126/3375 3715/3363 3714/3373
f 3126/3375 3125/3376 3716/3366 3715/3363
f 3125/3376 2276/3377 2476/3378 3716/3366
f 3716/3366 2476/3378 2475/3379 3719/3367
f 3719/3367 2475/3379 2474/3380 3722/3370
f 3722/3370 2474/3380 2275/3358 2954/3357
f 3721/3368 3722/3370 2954/3357 2955/3356
f 3720/3369 3721/3368 2955/3356 2956/3354
f 2855/3381 3720/3369 2956/3354 2363/3341
f 2856/3382 3717/3365 3720/3369 2855/3381
f 2857/3374 3714/3373 3717/3365 2856/3382
f 3723/3383 3724/3384 3727/3385 3726/3386
f 3724/3384 3725/3387 3728/3388 3727/3385
f 3726/3386 3727/3385 3730/3389 3729/3390
f 3727/3385 3728/3388 3731/3391 3730/3389
f 2327/3371 2857/3374 3723/3392 2801/3393
f 2857/3374 2856/3382 3724/3384 3723/3392
f 2856/3382 2855/3381 3725/3387 3724/3384
f 2855/3381 2363/3341 3044/3340 3725/3387
f 3725/3387 3044/3340 3045/3339 3728/3388
f 3728/3388 3045/3339 3046/3337 3731/3391
f 3731/3391 3046/3337 2362/3324 2852/3394
f 3730/3389 3731/3391 2852/3394 2853/3395
f 3729/3390 3730/3389 2853/3395 2854/3396
f 2803/3397 3729/3390 2854/3396 2328/3398
f 2802/3399 3726/3386 3729/3390 2803/3397
f 2801/3393 3723/3392 3726/3386 2802/3399
f 3732/3400 3733/3401 3736/3402 3735/3403
f 3733/3401 3734/3404 3737/3405 3736/3402
f 3735/3403 3736/3402 3739/3406 3738/3407
f 3736/3402 3737/3405 3740/3408 3739/3406
f 2328/3398 2854/3396 3732/3409 2804/3410
f 2854/3396 2853/3395 3733/3401 3732/3409
f 2853/3395 2852/3394 3734/3404 3733/3401
f 2852/3394 2362/3324 3047/3323 3734/3404
f 3734/3404 3047/3323 3048/3322 3737/3405
f 3737/3405 3048/3322 3049/3320 3740/3408
f 3740/3408 3049/3320 2361/3307 2849/3411
f 3739/3406 3740/3408 2849/3411 2850/3412
f 3738/3407 3739/3406 2850/3412 2851/3413
f 2806/3414 3738/3407 2851/3413 2329/3415
f 2805/3416 3735/3403 3738/3407 2806/3414
f 2804/3410 3732/3409 3735/3403 2805/3416
f 3741/3417 3742/3418 3745/3419 3744/3420
f 3742/3418 3743/3421 3746/3422 3745/3419
f 3744/3420 3745/3419 3748/3423 3747/3424
f 3745/3419 3746/3422 3749/3425 3748/3423
f 2329/3415 2851/3413 3741/3426 2807/3427
f 2851/3413 2850/3412 3742/3418 3741/3426
f 2850/3412 2849/3411 3743/3421 3742/3418
f 2849/3411 2361/3307 3050/3306 3743/3421
f 3743/3421 3050/3306 3051/3305 3746/3422
f 3746/3422 3051/3305 3052/3303 3749/3425
f 3749/3425 3052/3303 2360/3290 2846/3428
f 3748/3423 3749/3425 2846/3428 2847/3429
f 3747/3424 3748/3423 2847/3429 2848/3430
f 2809/3431 3747/3424 2848/3430 2330/3432
f 2808/3433 3744/3420 3747/3424 2809/3431
f 2807/3427 3741/3426 3744/3420 2808/3433
f 3750/3434 3751/3435 3754/3436 3753/3437
f 3751/3435 3752/3438 3755/3439 3754/3436
f 3753/3437 3754/3436 3757/3440 3756/3441
f 3754/3436 3755/3439 3758/3442 3757/3440
f 2330/3432 2848/3430 3750/3443 2810/3444
f 2848/3430 2847/3429 3751/3435 3750/3443
f 2847/3429 2846/3428 3752/3438 3751/3435
f 2846/3428 2360/3290 3053/3289 3752/3438
f 3752/3438 3053/3289 3054/3288 3755/3439
f 3755/3439 3054/3288 3055/3286 3758/3442
f 3758/3442 3055/3286 2359/3273 2843/3445
f 3757/3440 3758/3442 2843/3445 2844/3446
f 3756/3441 3757/3440 2844/3446 2845/3447
f 2812/3448 3756/3441 2845/3447 2331/3449
f 2811/3450 3753/3437 3756/3441 2812/3448
f 2810/3444 3750/3443 3753/3437 2811/3450
f 3759/3451 3760/3452 3763/3453 3762/3454
f 3760/3452 3761/3455 3764/3456 3763/3453
f 3762/3454 3763/3453 3766/3457 3765/3458
f 3763/3453 3764/3456 3767/3459 3766/3457
f 2331/3449 2845/3447 3759/3460 2813/3461
f 2845/3447 2844/3446 3760/3452 3759/3460
f 2844/3446 2843/3445 3761/3455 3760/3452
f 2843/3445 2359/3273 3056/3272 3761/3455
f 3761/3455 3056/3272 3057/3271 3764/3456
f 3764/3456 3057/3271 3058/3269 3767/3459
f 3767/3459 3058/3269 2358/3256 2840/3462
f 3766/3457 3767/3459 2840/3462 2841/3463
f 3765/3458 3766/3457 2841/3463 2842/3464
f 2815/3465 3765/3458 2842/3464 2332/3466
f 2814/3467 3762/3454 3765/3458 2815/3465
f 2813/3461 3759/3460 3762/3454 2814/3467
f 3768/3468 3769/3469 3772/3470 3771/3471
f 3769/3469 3770/3472 3773/3473 3772/3470
f 3771/3471 3772/3470 3775/3474 3774/3475
f 3772/3470 3773/3473 3776/3476 3775/3474
f 2326/3477 2818/3478 3768/3479 2837/3480
f 2818/3478 2817/3481 3769/3469 3768/3479
f 2817/3481 2816/3482 3770/3472 3769/3469
f 2816/3482 2332/3466 2842/3464 3770/3472
f 3770/3472 2842/3464 2841/3463 3773/3473
f 3773/3473 2841/3463 2840/3462 3776/3476
f 3776/3476 2840/3462 2358/3256 3059/3255
f 3775/3474 3776/3476 3059/3255 3060/3254
f 3774/3475 3775/3474 3060/3254 3061/3253
f 2839/3483 3774/3475 3061/3253 2339/3252
f 2838/3484 3771/3471 3774/3475 2839/3483
f 2837/3480 3768/3479 3771/3471 2838/3484
f 3778/3485 3779/3486 3777/3487 3783/3488
f 3780/3489 3781/3490 3777/3487 3779/3486
f 3782/3491 3783/3488 3777/3487 3781/3490
f 2256/2485 2410/3492 3778/3493 2792/2486
f 2410/3492 2409/3494 3779/3486 3778/3493
f 2792/2486 3778/3493 3783/3488 2793/2489
f 2257/3495 3133/3496 3780/3497 2408/3498
f 3133/3496 3132/3499 3781/3490 3780/3497
f 2408/3498 3780/3497 3779/3486 2409/3494
f 2376/2490 2794/2493 3782/3500 3131/3501
f 2794/2493 2793/2489 3783/3488 3782/3500
f 3131/3501 3782/3500 3781/3490 3132/3499
f 3785/3502 3786/3503 3784/3504 3790/3505
f 3787/3506 3788/3507 3784/3504 3786/3503
f 3789/3508 3790/3505 3784/3504 3788/3507
f 2255/3509 2777/3510 3785/3511 2458/3512
f 2777/3510 2778/3513 3786/3503 3785/3511
f 2458/3512 3785/3511 3790/3505 2457/3514
f 2320/3515 2791/3516 3787/3517 2779/3518
f 2791/3516 2790/3519 3788/3507 3787/3517
f 2779/3518 3787/3517 3786/3503 2778/3513
f 2256/3520 2456/3521 3789/3522 2789/3523
f 2456/3521 2457/3514 3790/3505 3789/3522
f 2789/3523 3789/3522 3788/3507 2790/3519
f 3791/3524 3792/3525 3795/3526 3794/3527
f 3792/3525 3793/3528 3796/3529 3795/3526
f 3794/3527 3795/3526 3798/3530 3797/3531
f 3795/3526 3796/3529 3799/3532 3798/3530
f 2255/3509 2405/3533 3791/3534 2777/3510
f 2405/3533 2406/3535 3792/3525 3791/3534
f 2406/3535 2407/3536 3793/3528 3792/3525
f 2407/3536 2254/3537 2638/3538 3793/3528
f 3793/3528 2638/3538 2637/3539 3796/3529
f 3796/3529 2637/3539 2636/3540 3799/3532
f 3799/3532 2636/3540 2296/3541 2575/3542
f 3798/3530 3799/3532 2575/3542 2574/3543
f 3797/3531 3798/3530 2574/3543 2573/3544
f 2779/3518 3797/3531 2573/3544 2320/3515
f 2778/3513 3794/3527 3797/3531 2779/3518
f 2777/3510 3791/3534 3794/3527 2778/3513
f 3800/3545 3801/3546 3804/3547 3803/3548
f 3801/3546 3802/3549 3805/3550 3804/3547
f 3803/3548 3804/3547 3807/3551 3806/3552
f 3804/3547 3805/3550 3808/3553 3807/3551
f 2296/3541 2635/3554 3800/3555 2575/3542
f 2635/3554 2634/3556 3801/3546 3800/3555
f 2634/3556 2633/3557 3802/3549 3801/3546
f 2633/3557 2300/3558 2587/3559 3802/3549
f 3802/3549 2587/3559 2586/3560 3805/3550
f 3805/3550 2586/3560 2585/3561 3808/3553
f 3808/3553 2585/3561 2324/3562 2774/3563
f 3807/3551 3808/3553 2774/3563 2775/3564
f 3806/3552 3807/3551 2775/3564 2776/3565
f 2573/3544 3806/3552 2776/3565 2320/3515
f 2574/3543 3803/3548 3806/3552 2573/3544
f 2575/3542 3800/3555 3803/3548 2574/3543
f 3809/3566 3810/3567 3813/3568 3812/3569
f 3810/3567 3811/3570 3814/3571 3813/3568
f 3812/3569 3813/3568 3816/3572 3815/3573
f 3813/3568 3814/3571 3817/3574 3816/3572
f 2320/3515 2776/3565 3809/3575 2689/3576
f 2776/3565 2775/3564 3810/3567 3809/3575
f 2775/3564 2774/3563 3811/3570 3810/3567
f 2774/3563 2324/3562 2701/3577 3811/3570
f 3811/3570 2701/3577 2700/3578 3814/3571
f 3814/3571 2700/3578 2699/3579 3817/3574
f 3817/3574 2699/3579 2259/3580 2414/3581
f 3816/3572 3817/3574 2414/3581 2415/3582
f 3815/3573 3816/3572 2415/3582 2416/3583
f 2687/3584 3815/3573 2416/3583 2258/3585
f 2688/3586 3812/3569 3815/3573 2687/3584
f 2689/3576 3809/3575 3812/3569 2688/3586
f 3818/3587 3819/3588 3822/3589 3821/3590
f 3819/3588 3820/3591 3823/3592 3822/3589
f 3821/3590 3822/3589 3825/3593 3824/3594
f 3822/3589 3823/3592 3826/3595 3825/3593
f 2324/3562 2773/3596 3818/3597 2701/3577
f 2773/3596 2772/3598 3819/3588 3818/3597
f 2772/3598 2771/3599 3820/3591 3819/3588
f 2771/3599 2325/3600 2704/3601 3820/3591
f 3820/3591 2704/3601 2703/3602 3823/3592
f 3823/3592 2703/3602 2702/3603 3826/3595
f 3826/3595 2702/3603 2260/3604 2417/3605
f 3825/3593 3826/3595 2417/3605 2418/3606
f 3824/3594 3825/3593 2418/3606 2419/3607
f 2699/3579 3824/3594 2419/3607 2259/3580
f 2700/3578 3821/3590 3824/3594 2699/3579
f 2701/3577 3818/3597 3821/3590 2700/3578
f 3827/3608 3828/3609 3831/3610 3830/3611
f 3828/3609 3829/3612 3832/3613 3831/3610
f 3830/3611 3831/3610 3834/3614 3833/3615
f 3831/3610 3832/3613 3835/3616 3834/3614
f 2325/3600 2770/3617 3827/3618 2704/3601
f 2770/3617 2769/3619 3828/3609 3827/3618
f 2769/3619 2768/3620 3829/3612 3828/3609
f 2768/3620 2323/3621 2698/3622 3829/3612
f 3829/3612 2698/3622 2697/3623 3832/3613
f 3832/3613 2697/3623 2696/3624 3835/3616
f 3835/3616 2696/3624 2261/3625 2420/3626
f 3834/3614 3835/3616 2420/3626 2421/3627
f 3833/3615 3834/3614 2421/3627 2422/3628
f 2702/3603 3833/3615 2422/3628 2260/3604
f 2703/3602 3830/3611 3833/3615 2702/3603
f 2704/3601 3827/3618 3830/3611 2703/3602
f 3836/3629 3837/3630 3840/3631 3839/3632
f 3837/3630 3838/3633 3841/3634 3840/3631
f 3839/3632 3840/3631 3843/3635 3842/3636
f 3840/3631 3841/3634 3844/3637 3843/3635
f 2323/3621 2767/3638 3836/3639 2698/3622
f 2767/3638 2766/3640 3837/3630 3836/3639
f 2766/3640 2765/3641 3838/3633 3837/3630
f 2765/3641 2321/3642 2692/3643 3838/3633
f 3838/3633 2692/3643 2691/3644 3841/3634
f 3841/3634 2691/3644 2690/3645 3844/3637
f 3844/3637 2690/3645 2262/3646 2423/3647
f 3843/3635 3844/3637 2423/3647 2424/3648
f 3842/3636 3843/3635 2424/3648 2425/3649
f 2696/3624 3842/3636 2425/3649 2261/3625
f 2697/3623 3839/3632 3842/3636 2696/3624
f 2698/3622 3836/3639 3839/3632 2697/3623
f 3845/3650 3846/3651 3849/3652 3848/3653
f 3846/3651 3847/3654 3850/3655 3849/3652
f 3848/3653 3849/3652 3852/3656 3851/3657
f 3849/3652 3850/3655 3853/3658 3852/3656
f 2321/3642 2764/3659 3845/3660 2692/3643
f 2764/3659 2763/3661 3846/3651 3845/3660
f 2763/3661 2762/3662 3847/3654 3846/3651
f 2762/3662 2322/3663 2695/3664 3847/3654
f 3847/3654 2695/3664 2694/3665 3850/3655
f 3850/3655 2694/3665 2693/3666 3853/3658
f 3853/3658 2693/3666 2263/3667 2426/3668
f 3852/3656 3853/3658 2426/3668 2427/3669
f 3851/3657 3852/3656 2427/3669 2428/3670
f 2690/3645 3851/3657 2428/3670 2262/3646
f 2691/3644 3848/3653 3851/3657 2690/3645
f 2692/3643 3845/3660 3848/3653 2691/3644
f 3854/3671 3855/3672 3858/3673 3857/3674
f 3855/3672 3856/3675 3859/3676 3858/3673
f 3857/3674 3858/3673 3861/3677 3860/3678
f 3858/3673 3859/3676 3862/3679 3861/3677
f 2263/3667 2693/3666 3854/3680 2431/3681
f 2693/3666 2694/3665 3855/3672 3854/3680
f 2694/3665 2695/3664 3856/3675 3855/3672
f 2695/3664 2322/3663 2761/3682 3856/3675
f 3856/3675 2761/3682 2760/3683 3859/3676
f 3859/3676 2760/3683 2759/3684 3862/3679
f 3862/3679 2759/3684 2280/3685 2432/3686
f 3861/3677 3862/3679 2432/3686 2433/3687
f 3860/3678 3861/3677 2433/3687 2434/3688
f 2429/3689 3860/3678 2434/3688 2264/3690
f 2430/3691 3857/3674 3860/3678 2429/3689
f 2431/3681 3854/3680 3857/3674 2430/3691
f 3863/3692 3864/3693 3867/3694 3866/3695
f 3864/3693 3865/3696 3868/3697 3867/3694
f 3866/3695 3867/3694 3870/3698 3869/3699
f 3867/3694 3868/3697 3871/3700 3870/3698
f 2322/3663 2579/3701 3863/3702 2761/3682
f 2579/3701 2580/3703 3864/3693 3863/3702
f 2580/3703 2581/3704 3865/3696 3864/3693
f 2581/3704 2298/3705 2620/3706 3865/3696
f 3865/3696 2620/3706 2619/3707 3868/3697
f 3868/3697 2619/3707 2618/3708 3871/3700
f 3871/3700 2618/3708 2278/3709 2486/3710
f 3870/3698 3871/3700 2486/3710 2487/3711
f 3869/3699 3870/3698 2487/3711 2488/3712
f 2759/3684 3869/3699 2488/3712 2280/3685
f 2760/3683 3866/3695 3869/3699 2759/3684
f 2761/3682 3863/3702 3866/3695 2760/3683
f 3872/3713 3873/3714 3876/3715 3875/3716
f 3873/3714 3874/3717 3877/3718 3876/3715
f 3875/3716 3876/3715 3879/3719 3878/3720
f 3876/3715 3877/3718 3880/3721 3879/3719
f 2298/3705 2657/3722 3872/3723 2620/3706
f 2657/3722 2658/3724 3873/3714 3872/3723
f 2658/3724 2659/3725 3874/3717 3873/3714
f 2659/3725 2310/3726 2743/3727 3874/3717
f 3874/3717 2743/3727 2742/3728 3877/3718
f 3877/3718 2742/3728 2741/3729 3880/3721
f 3880/3721 2741/3729 2282/3730 2480/3731
f 3879/3719 3880/3721 2480/3731 2481/3732
f 3878/3720 3879/3719 2481/3732 2482/3733
f 2618/3708 3878/3720 2482/3733 2278/3709
f 2619/3707 3875/3716 3878/3720 2618/3708
f 2620/3706 3872/3723 3875/3716 2619/3707
f 3881/3734 3882/3735 3885/3736 3884/3737
f 3882/3735 3883/3738 3886/3739 3885/3736
f 3884/3737 3885/3736 3888/3740 3887/3741
f 3885/3736 3886/3739 3889/3742 3888/3740
f 2310/3726 2522/3743 3881/3744 2743/3727
f 2522/3743 2523/3745 3882/3735 3881/3744
f 2523/3745 2524/3746 3883/3738 3882/3735
f 2524/3746 2286/3747 2536/3748 3883/3738
f 3883/3738 2536/3748 2535/3749 3886/3739
f 3886/3739 2535/3749 2534/3750 3889/3742
f 3889/3742 2534/3750 2277/3751 2492/3752
f 3888/3740 3889/3742 2492/3752 2493/3753
f 3887/3741 3888/3740 2493/3753 2494/3754
f 2741/3729 3887/3741 2494/3754 2282/3730
f 2742/3728 3884/3737 3887/3741 2741/3729
f 2743/3727 3881/3744 3884/3737 2742/3728
f 3890/3755 3891/3756 3894/3757 3893/3758
f 3891/3756 3892/3759 3895/3760 3894/3757
f 3893/3758 3894/3757 3897/3761 3896/3762
f 3894/3757 3895/3760 3898/3763 3897/3761
f 2277/3751 2534/3750 3890/3764 2479/3765
f 2534/3750 2535/3749 3891/3756 3890/3764
f 2535/3749 2536/3748 3892/3759 3891/3756
f 2536/3748 2286/3747 2669/3766 3892/3759
f 3892/3759 2669/3766 2670/3767 3895/3760
f 3895/3760 2670/3767 2671/3768 3898/3763
f 3898/3763 2671/3768 2314/3769 2738/3770
f 3897/3761 3898/3763 2738/3770 2739/3771
f 3896/3762 3897/3761 2739/3771 2740/3772
f 2477/3773 3896/3762 2740/3772 2281/3774
f 2478/3775 3893/3758 3896/3762 2477/3773
f 2479/3765 3890/3764 3893/3758 2478/3775
f 3899/3776 3900/3777 3903/3778 3902/3779
f 3900/3777 3901/3780 3904/3781 3903/3778
f 3902/3779 3903/3778 3906/3782 3905/3783
f 3903/3778 3904/3781 3907/3784 3906/3782
f 2314/3769 2671/3768 3899/3785 2737/3786
f 2671/3768 2670/3767 3900/3777 3899/3785
f 2670/3767 2669/3766 3901/3780 3900/3777
f 2669/3766 2286/3747 2537/3787 3901/3780
f 3901/3780 2537/3787 2538/3788 3904/3781
f 3904/3781 2538/3788 2539/3789 3907/3784
f 3907/3784 2539/3789 2285/3790 2672/3791
f 3906/3782 3907/3784 2672/3791 2673/3792
f 3905/3783 3906/3782 2673/3792 2674/3793
f 2735/3794 3905/3783 2674/3793 2315/3795
f 2736/3796 3902/3779 3905/3783 2735/3794
f 2737/3786 3899/3785 3902/3779 2736/3796
f 3908/3797 3909/3798 3912/3799 3911/3800
f 3909/3798 3910/3801 3913/3802 3912/3799
f 3911/3800 3912/3799 3915/3803 3914/3804
f 3912/3799 3913/3802 3916/3805 3915/3803
f 2285/3790 2539/3789 3908/3806 2521/3807
f 2539/3789 2538/3788 3909/3798 3908/3806
f 2538/3788 2537/3787 3910/3801 3909/3798
f 2537/3787 2286/3747 2524/3746 3910/3801
f 3910/3801 2524/3746 2523/3745 3913/3802
f 3913/3802 2523/3745 2522/3743 3916/3805
f 3916/3805 2522/3743 2310/3726 2744/3808
f 3915/3803 3916/3805 2744/3808 2745/3809
f 3914/3804 3915/3803 2745/3809 2746/3810
f 2519/3811 3914/3804 2746/3810 2309/3812
f 2520/3813 3911/3800 3914/3804 2519/3811
f 2521/3807 3908/3806 3911/3800 2520/3813
f 3917/3814 3918/3815 3921/3816 3920/3817
f 3918/3815 3919/3818 3922/3819 3921/3816
f 3920/3817 3921/3816 3924/3820 3923/3821
f 3921/3816 3922/3819 3925/3822 3924/3820
f 2309/3812 2746/3810 3917/3823 2656/3824
f 2746/3810 2745/3809 3918/3815 3917/3823
f 2745/3809 2744/3808 3919/3818 3918/3815
f 2744/3808 2310/3726 2659/3725 3919/3818
f 3919/3818 2659/3725 2658/3724 3922/3819
f 3922/3819 2658/3724 2657/3722 3925/3822
f 3925/3822 2657/3722 2298/3705 2621/3825
f 3924/3820 3925/3822 2621/3825 2622/3826
f 3923/3821 3924/3820 2622/3826 2623/3827
f 2654/3828 3923/3821 2623/3827 2297/3829
f 2655/3830 3920/3817 3923/3821 2654/3828
f 2656/3824 3917/3823 3920/3817 2655/3830
f 3926/3831 3927/3832 3930/3833 3929/3834
f 3927/3832 3928/3835 3931/3836 3930/3833
f 3929/3834 3930/3833 3933/3837 3932/3838
f 3930/3833 3931/3836 3934/3839 3933/3837
f 2297/3829 2623/3827 3926/3840 2578/3841
f 2623/3827 2622/3826 3927/3832 3926/3840
f 2622/3826 2621/3825 3928/3835 3927/3832
f 2621/3825 2298/3705 2581/3704 3928/3835
f 3928/3835 2581/3704 2580/3703 3931/3836
f 3931/3836 2580/3703 2579/3701 3934/3839
f 3934/3839 2579/3701 2322/3663 2762/3662
f 3933/3837 3934/3839 2762/3662 2763/3661
f 3932/3838 3933/3837 2763/3661 2764/3659
f 2576/3842 3932/3838 2764/3659 2321/3642
f 2577/3843 3929/3834 3932/3838 2576/3842
f 2578/3841 3926/3840 3929/3834 2577/3843
f 3935/3844 3936/3845 3939/3846 3938/3847
f 3936/3845 3937/3848 3940/3849 3939/3846
f 3938/3847 3939/3846 3942/3850 3941/3851
f 3939/3846 3940/3849 3943/3852 3942/3850
f 2297/3829 2578/3841 3935/3853 2624/3854
f 2578/3841 2577/3843 3936/3845 3935/3853
f 2577/3843 2576/3842 3937/3848 3936/3845
f 2576/3842 2321/3642 2765/3641 3937/3848
f 3937/3848 2765/3641 2766/3640 3940/3849
f 3940/3849 2766/3640 2767/3638 3943/3852
f 3943/3852 2767/3638 2323/3621 2582/3855
f 3942/3850 3943/3852 2582/3855 2583/3856
f 3941/3851 3942/3850 2583/3856 2584/3857
f 2626/3858 3941/3851 2584/3857 2299/3859
f 2625/3860 3938/3847 3941/3851 2626/3858
f 2624/3854 3935/3853 3938/3847 2625/3860
f 3944/3861 3945/3862 3948/3863 3947/3864
f 3945/3862 3946/3865 3949/3866 3948/3863
f 3947/3864 3948/3863 3951/3867 3950/3868
f 3948/3863 3949/3866 3952/3869 3951/3867
f 2299/3859 2584/3857 3944/3870 2627/3871
f 2584/3857 2583/3856 3945/3862 3944/3870
f 2583/3856 2582/3855 3946/3865 3945/3862
f 2582/3855 2323/3621 2768/3620 3946/3865
f 3946/3865 2768/3620 2769/3619 3949/3866
f 3949/3866 2769/3619 2770/3617 3952/3869
f 3952/3869 2770/3617 2325/3600 2588/3872
f 3951/3867 3952/3869 2588/3872 2589/3873
f 3950/3868 3951/3867 2589/3873 2590/3874
f 2629/3875 3950/3868 2590/3874 2301/3876
f 2628/3877 3947/3864 3950/3868 2629/3875
f 2627/3871 3944/3870 3947/3864 2628/3877
f 3953/3878 3954/3879 3957/3880 3956/3881
f 3954/3879 3955/3882 3958/3883 3957/3880
f 3956/3881 3957/3880 3960/3884 3959/3885
f 3957/3880 3958/3883 3961/3886 3960/3884
f 2301/3876 2590/3874 3953/3887 2630/3888
f 2590/3874 2589/3873 3954/3879 3953/3887
f 2589/3873 2588/3872 3955/3882 3954/3879
f 2588/3872 2325/3600 2771/3599 3955/3882
f 3955/3882 2771/3599 2772/3598 3958/3883
f 3958/3883 2772/3598 2773/3596 3961/3886
f 3961/3886 2773/3596 2324/3562 2585/3561
f 3960/3884 3961/3886 2585/3561 2586/3560
f 3959/3885 3960/3884 2586/3560 2587/3559
f 2632/3889 3959/3885 2587/3559 2300/3558
f 2631/3890 3956/3881 3959/3885 2632/3889
f 2630/3888 3953/3887 3956/3881 2631/3890
f 3962/3891 3963/3892 3966/3893 3965/3894
f 3963/3892 3964/3895 3967/3896 3966/3893
f 3965/3894 3966/3893 3969/3897 3968/3898
f 3966/3893 3967/3896 3970/3899 3969/3897
f 2300/3558 2663/3900 3962/3901 2632/3889
f 2663/3900 2664/3902 3963/3892 3962/3901
f 2664/3902 2665/3903 3964/3895 3963/3892
f 2665/3903 2312/3904 2755/3905 3964/3895
f 3964/3895 2755/3905 2754/3906 3967/3896
f 3967/3896 2754/3906 2753/3907 3970/3899
f 3970/3899 2753/3907 2313/3908 2668/3909
f 3969/3897 3970/3899 2668/3909 2667/3910
f 3968/3898 3969/3897 2667/3910 2666/3911
f 2630/3888 3968/3898 2666/3911 2301/3876
f 2631/3890 3965/3894 3968/3898 2630/3888
f 2632/3889 3962/3901 3965/3894 2631/3890
f 3971/3912 3972/3913 3975/3914 3974/3915
f 3972/3913 3973/3916 3976/3917 3975/3914
f 3974/3915 3975/3914 3978/3918 3977/3919
f 3975/3914 3976/3917 3979/3920 3978/3918
f 2313/3908 2752/3921 3971/3922 2668/3909
f 2752/3921 2751/3923 3972/3913 3971/3922
f 2751/3923 2750/3924 3973/3916 3972/3913
f 2750/3924 2311/3925 2662/3926 3973/3916
f 3973/3916 2662/3926 2661/3927 3976/3917
f 3976/3917 2661/3927 2660/3928 3979/3920
f 3979/3920 2660/3928 2299/3859 2627/3871
f 3978/3918 3979/3920 2627/3871 2628/3877
f 3977/3919 3978/3918 2628/3877 2629/3875
f 2666/3911 3977/3919 2629/3875 2301/3876
f 2667/3910 3974/3915 3977/3919 2666/3911
f 2668/3909 3971/3922 3974/3915 2667/3910
f 3980/3929 3981/3930 3984/3931 3983/3932
f 3981/3930 3982/3933 3985/3934 3984/3931
f 3983/3932 3984/3931 3987/3935 3986/3936
f 3984/3931 3985/3934 3988/3937 3987/3935
f 2311/3925 2749/3938 3980/3939 2662/3926
f 2749/3938 2748/3940 3981/3930 3980/3939
f 2748/3940 2747/3941 3982/3933 3981/3930
f 2747/3941 2309/3812 2656/3824 3982/3933
f 3982/3933 2656/3824 2655/3830 3985/3934
f 3985/3934 2655/3830 2654/3828 3988/3937
f 3988/3937 2654/3828 2297/3829 2624/3854
f 3987/3935 3988/3937 2624/3854 2625/3860
f 3986/3936 3987/3935 2625/3860 2626/3858
f 2660/3928 3986/3936 2626/3858 2299/3859
f 2661/3927 3983/3932 3986/3936 2660/3928
f 2662/3926 3980/3939 3983/3932 2661/3927
f 3989/3942 3990/3943 3993/3944 3992/3945
f 3990/3943 3991/3946 3994/3947 3993/3944
f 3992/3945 3993/3944 3996/3948 3995/3949
f 3993/3944 3994/3947 3997/3950 3996/3948
f 2311/3925 2525/3951 3989/3952 2749/3938
f 2525/3951 2526/3953 3990/3943 3989/3952
f 2526/3953 2527/3954 3991/3946 3990/3943
f 2527/3954 2287/3955 2542/3956 3991/3946
f 3991/3946 2542/3956 2541/3957 3994/3947
f 3994/3947 2541/3957 2540/3958 3997/3950
f 3997/3950 2540/3958 2285/3790 2521/3807
f 3996/3948 3997/3950 2521/3807 2520/3813
f 3995/3949 3996/3948 2520/3813 2519/3811
f 2747/3941 3995/3949 2519/3811 2309/3812
f 2748/3940 3992/3945 3995/3949 2747/3941
f 2749/3938 3989/3952 3992/3945 2748/3940
f 3998/3959 3999/3960 4002/3961 4001/3962
f 3999/3960 4000/3963 4003/3964 4002/3961
f 4001/3962 4002/3961 4005/3965 4004/3966
f 4002/3961 4003/3964 4006/3967 4005/3965
f 2285/3790 2540/3958 3998/3968 2672/3791
f 2540/3958 2541/3957 3999/3960 3998/3968
f 2541/3957 2542/3956 4000/3963 3999/3960
f 2542/3956 2287/3955 2675/3969 4000/3963
f 4000/3963 2675/3969 2676/3970 4003/3964
f 4003/3964 2676/3970 2677/3971 4006/3967
f 4006/3967 2677/3971 2316/3972 2732/3973
f 4005/3965 4006/3967 2732/3973 2733/3974
f 4004/3966 4005/3965 2733/3974 2734/3975
f 2674/3793 4004/3966 2734/3975 2315/3795
f 2673/3792 4001/3962 4004/3966 2674/3793
f 2672/3791 3998/3968 4001/3962 2673/3792
f 4007/3976 4008/3977 4011/3978 4010/3979
f 4008/3977 4009/3980 4012/3981 4011/3978
f 4010/3979 4011/3978 4014/3982 4013/3983
f 4011/3978 4012/3981 4015/3984 4014/3982
f 2316/3972 2677/3971 4007/3985 2731/3986
f 2677/3971 2676/3970 4008/3977 4007/3985
f 2676/3970 2675/3969 4009/3980 4008/3977
f 2675/3969 2287/3955 2543/3987 4009/3980
f 4009/3980 2543/3987 2544/3988 4012/3981
f 4012/3981 2544/3988 2545/3989 4015/3984
f 4015/3984 2545/3989 2289/3990 2678/3991
f 4014/3982 4015/3984 2678/3991 2679/3992
f 4013/3983 4014/3982 2679/3992 2680/3993
f 2729/3994 4013/3983 2680/3993 2317/3995
f 2730/3996 4010/3979 4013/3983 2729/3994
f 2731/3986 4007/3985 4010/3979 2730/3996
f 4016/3997 4017/3998 4020/3999 4019/4000
f 4017/3998 4018/4001 4021/4002 4020/3999
f 4019/4000 4020/3999 4023/4003 4022/4004
f 4020/3999 4021/4002 4024/4005 4023/4003
f 2289/3990 2545/3989 4016/4006 2533/4007
f 2545/3989 2544/3988 4017/3998 4016/4006
f 2544/3988 2543/3987 4018/4001 4017/3998
f 2543/3987 2287/3955 2527/3954 4018/4001
f 4018/4001 2527/3954 2526/3953 4021/4002
f 4021/4002 2526/3953 2525/3951 4024/4005
f 4024/4005 2525/3951 2311/3925 2750/3924
f 4023/4003 4024/4005 2750/3924 2751/3923
f 4022/4004 4023/4003 2751/3923 2752/3921
f 2531/4008 4022/4004 2752/3921 2313/3908
f 2532/4009 4019/4000 4022/4004 2531/4008
f 2533/4007 4016/4006 4019/4000 2532/4009
f 4025/4010 4026/4011 4029/4012 4028/4013
f 4026/4011 4027/4014 4030/4015 4029/4012
f 4028/4013 4029/4012 4032/4016 4031/4017
f 4029/4012 4030/4015 4033/4018 4032/4016
f 2289/3990 2533/4007 4025/4019 2546/4020
f 2533/4007 2532/4009 4026/4011 4025/4019
f 2532/4009 2531/4008 4027/4014 4026/4011
f 2531/4008 2313/3908 2753/3907 4027/4014
f 4027/4014 2753/3907 2754/3906 4030/4015
f 4030/4015 2754/3906 2755/3905 4033/4018
f 4033/4018 2755/3905 2312/3904 2528/4021
f 4032/4016 4033/4018 2528/4021 2529/4022
f 4031/4017 4032/4016 2529/4022 2530/4023
f 2548/4024 4031/4017 2530/4023 2288/4025
f 2547/4026 4028/4013 4031/4017 2548/4024
f 2546/4020 4025/4019 4028/4013 2547/4026
f 4034/4027 4035/4028 4038/4029 4037/4030
f 4035/4028 4036/4031 4039/4032 4038/4029
f 4037/4030 4038/4029 4041/4033 4040/4034
f 4038/4029 4039/4032 4042/4035 4041/4033
f 2288/4025 2530/4023 4034/4036 2549/4037
f 2530/4023 2529/4022 4035/4028 4034/4036
f 2529/4022 2528/4021 4036/4031 4035/4028
f 2528/4021 2312/3904 2756/4038 4036/4031
f 4036/4031 2756/4038 2757/4039 4039/4032
f 4039/4032 2757/4039 2758/4040 4042/4035
f 4042/4035 2758/4040 2308/4041 2516/4042
f 4041/4033 4042/4035 2516/4042 2517/4043
f 4040/4034 4041/4033 2517/4043 2518/4044
f 2551/4045 4040/4034 2518/4044 2284/4046
f 2550/4047 4037/4030 4040/4034 2551/4045
f 2549/4037 4034/4036 4037/4030 2550/4047
f 4043/4048 4044/4049 4047/4050 4046/4051
f 4044/4049 4045/4052 4048/4053 4047/4050
f 4046/4051 4047/4050 4050/4054 4049/4055
f 4047/4050 4048/4053 4051/4056 4050/4054
f 2308/4041 2758/4040 4043/4057 2653/4058
f 2758/4040 2757/4039 4044/4049 4043/4057
f 2757/4039 2756/4038 4045/4052 4044/4049
f 2756/4038 2312/3904 2665/3903 4045/4052
f 4045/4052 2665/3903 2664/3902 4048/4053
f 4048/4053 2664/3902 2663/3900 4051/4056
f 4051/4056 2663/3900 2300/3558 2633/3557
f 4050/4054 4051/4056 2633/3557 2634/3556
f 4049/4055 4050/4054 2634/3556 2635/3554
f 2651/4059 4049/4055 2635/3554 2296/3541
f 2652/4060 4046/4051 4049/4055 2651/4059
f 2653/4058 4043/4057 4046/4051 2652/4060
f 4052/4061 4053/4062 4056/4063 4055/4064
f 4053/4062 4054/4065 4057/4066 4056/4063
f 4055/4064 4056/4063 4059/4067 4058/4068
f 4056/4063 4057/4066 4060/4069 4059/4067
f 2308/4041 2653/4058 4052/4070 2782/4071
f 2653/4058 2652/4060 4053/4062 4052/4070
f 2652/4060 2651/4059 4054/4065 4053/4062
f 2651/4059 2296/3541 2636/3540 4054/4065
f 4054/4065 2636/3540 2637/3539 4057/4066
f 4057/4066 2637/3539 2638/3538 4060/4069
f 4060/4069 2638/3538 2254/3537 2459/4072
f 4059/4067 4060/4069 2459/4072 2460/4073
f 4058/4068 4059/4067 2460/4073 2461/4074
f 2780/4075 4058/4068 2461/4074 2253/4076
f 2781/4077 4055/4064 4058/4068 2780/4075
f 2782/4071 4052/4070 4055/4064 2781/4077
f 4061/4078 4062/4079 4065/4080 4064/4081
f 4062/4079 4063/4082 4066/4083 4065/4080
f 4064/4081 4065/4080 4068/4084 4067/4085
f 4065/4080 4066/4083 4069/4086 4068/4084
f 2253/4076 2462/4087 4061/4088 2780/4075
f 2462/4087 2463/4089 4062/4079 4061/4088
f 2463/4089 2464/4090 4063/4082 4062/4079
f 2464/4090 2272/4091 2554/4092 4063/4082
f 4063/4082 2554/4092 2553/4093 4066/4083
f 4066/4083 2553/4093 2552/4094 4069/4086
f 4069/4086 2552/4094 2284/4046 2518/4044
f 4068/4084 4069/4086 2518/4044 2517/4043
f 4067/4085 4068/4084 2517/4043 2516/4042
f 2782/4071 4067/4085 2516/4042 2308/4041
f 2781/4077 4064/4081 4067/4085 2782/4071
f 2780/4075 4061/4088 4064/4081 2781/4077
f 4070/4095 4071/4096 4074/4097 4073/4098
f 4071/4096 4072/4099 4075/4100 4074/4097
f 4073/4098 4074/4097 4077/4101 4076/4102
f 4074/4097 4075/4100 4078/4103 4077/4101
f 2284/4046 2552/4094 4070/4104 2684/4105
f 2552/4094 2553/4093 4071/4096 4070/4104
f 2553/4093 2554/4092 4072/4099 4071/4096
f 2554/4092 2272/4091 2465/4106 4072/4099
f 4072/4099 2465/4106 2466/4107 4075/4100
f 4075/4100 2466/4107 2467/4108 4078/4103
f 4078/4103 2467/4108 2273/4109 2783/4110
f 4077/4101 4078/4103 2783/4110 2784/4111
f 4076/4102 4077/4101 2784/4111 2785/4112
f 2686/4113 4076/4102 2785/4112 2319/4114
f 2685/4115 4073/4098 4076/4102 2686/4113
f 2684/4105 4070/4104 4073/4098 2685/4115
f 4079/4116 4080/4117 4083/4118 4082/4119
f 4080/4117 4081/4120 4084/4121 4083/4118
f 4082/4119 4083/4118 4086/4122 4085/4123
f 4083/4118 4084/4121 4087/4124 4086/4122
f 2273/4109 2468/4125 4079/4126 2783/4110
f 2468/4125 2469/4127 4080/4117 4079/4126
f 2469/4127 2470/4128 4081/4120 4080/4117
f 2470/4128 2274/4129 2614/4130 4081/4120
f 4081/4120 2614/4130 2613/4131 4084/4121
f 4084/4121 2613/4131 2612/4132 4087/4124
f 4087/4124 2612/4132 2295/4133 2572/4134
f 4086/4122 4087/4124 2572/4134 2571/4135
f 4085/4123 4086/4122 2571/4135 2570/4136
f 2785/4112 4085/4123 2570/4136 2319/4114
f 2784/4111 4082/4119 4085/4123 2785/4112
f 2783/4110 4079/4126 4082/4119 2784/4111
f 4088/4137 4089/4138 4092/4139 4091/4140
f 4089/4138 4090/4141 4093/4142 4092/4139
f 4091/4140 4092/4139 4095/4143 4094/4144
f 4092/4139 4093/4142 4096/4145 4095/4143
f 2295/4133 2611/4146 4088/4147 2572/4134
f 2611/4146 2610/4148 4089/4138 4088/4147
f 2610/4148 2609/4149 4090/4141 4089/4138
f 2609/4149 2294/4150 2569/4151 4090/4141
f 4090/4141 2569/4151 2568/4152 4093/4142
f 4093/4142 2568/4152 2567/4153 4096/4145
f 4096/4145 2567/4153 2318/4154 2725/4155
f 4095/4143 4096/4145 2725/4155 2724/4156
f 4094/4144 4095/4143 2724/4156 2723/4157
f 2570/4136 4094/4144 2723/4157 2319/4114
f 2571/4135 4091/4140 4094/4144 2570/4136
f 2572/4134 4088/4147 4091/4140 2571/4135
f 4097/4158 4098/4159 4101/4160 4100/4161
f 4098/4159 4099/4162 4102/4163 4101/4160
f 4100/4161 4101/4160 4104/4164 4103/4165
f 4101/4160 4102/4163 4105/4166 4104/4164
f 2319/4114 2723/4157 4097/4167 2686/4113
f 2723/4157 2724/4156 4098/4159 4097/4167
f 2724/4156 2725/4155 4099/4162 4098/4159
f 2725/4155 2318/4154 2683/4168 4099/4162
f 4099/4162 2683/4168 2682/4169 4102/4163
f 4102/4163 2682/4169 2681/4170 4105/4166
f 4105/4166 2681/4170 2288/4025 2549/4037
f 4104/4164 4105/4166 2549/4037 2550/4047
f 4103/4165 4104/4164 2550/4047 2551/4045
f 2684/4105 4103/4165 2551/4045 2284/4046
f 2685/4115 4100/4161 4103/4165 2684/4105
f 2686/4113 4097/4167 4100/4161 2685/4115
f 4106/4171 4107/4172 4110/4173 4109/4174
f 4107/4172 4108/4175 4111/4176 4110/4173
f 4109/4174 4110/4173 4113/4177 4112/4178
f 4110/4173 4111/4176 4114/4179 4113/4177
f 2318/4154 2726/4180 4106/4181 2683/4168
f 2726/4180 2727/4182 4107/4172 4106/4181
f 2727/4182 2728/4183 4108/4175 4107/4172
f 2728/4183 2317/3995 2680/3993 4108/4175
f 4108/4175 2680/3993 2679/3992 4111/4176
f 4111/4176 2679/3992 2678/3991 4114/4179
f 4114/4179 2678/3991 2289/3990 2546/4020
f 4113/4177 4114/4179 2546/4020 2547/4026
f 4112/4178 4113/4177 2547/4026 2548/4024
f 2681/4170 4112/4178 2548/4024 2288/4025
f 2682/4169 4109/4174 4112/4178 2681/4170
f 2683/4168 4106/4181 4109/4174 2682/4169
f 4115/4184 4116/4185 4119/4186 4118/4187
f 4116/4185 4117/4188 4120/4189 4119/4186
f 4118/4187 4119/4186 4122/4190 4121/4191
f 4119/4186 4120/4189 4123/4192 4122/4190
f 2318/4154 2567/4153 4115/4193 2726/4180
f 2567/4153 2568/4152 4116/4185 4115/4193
f 2568/4152 2569/4151 4117/4188 4116/4185
f 2569/4151 2294/4150 2608/4194 4117/4188
f 4117/4188 2608/4194 2607/4195 4120/4189
f 4120/4189 2607/4195 2606/4196 4123/4192
f 4123/4192 2606/4196 2293/4197 2566/4198
f 4122/4190 4123/4192 2566/4198 2565/4199
f 4121/4191 4122/4190 2565/4199 2564/4200
f 2728/4183 4121/4191 2564/4200 2317/3995
f 2727/4182 4118/4187 4121/4191 2728/4183
f 2726/4180 4115/4193 4118/4187 2727/4182
f 4124/4201 4125/4202 4128/4203 4127/4204
f 4125/4202 4126/4205 4129/4206 4128/4203
f 4127/4204 4128/4203 4131/4207 4130/4208
f 4128/4203 4129/4206 4132/4209 4131/4207
f 2293/4197 2605/4210 4124/4211 2566/4198
f 2605/4210 2604/4212 4125/4202 4124/4211
f 2604/4212 2603/4213 4126/4205 4125/4202
f 2603/4213 2292/4214 2563/4215 4126/4205
f 4126/4205 2563/4215 2562/4216 4129/4206
f 4129/4206 2562/4216 2561/4217 4132/4209
f 4132/4209 2561/4217 2316/3972 2731/3986
f 4131/4207 4132/4209 2731/3986 2730/3996
f 4130/4208 4131/4207 2730/3996 2729/3994
f 2564/4200 4130/4208 2729/3994 2317/3995
f 2565/4199 4127/4204 4130/4208 2564/4200
f 2566/4198 4124/4211 4127/4204 2565/4199
f 4133/4218 4134/4219 4137/4220 4136/4221
f 4134/4219 4135/4222 4138/4223 4137/4220
f 4136/4221 4137/4220 4140/4224 4139/4225
f 4137/4220 4138/4223 4141/4226 4140/4224
f 2292/4214 2602/4227 4133/4228 2563/4215
f 2602/4227 2601/4229 4134/4219 4133/4228
f 2601/4229 2600/4230 4135/4222 4134/4219
f 2600/4230 2291/4231 2560/4232 4135/4222
f 4135/4222 2560/4232 2559/4233 4138/4223
f 4138/4223 2559/4233 2558/4234 4141/4226
f 4141/4226 2558/4234 2315/3795 2734/3975
f 4140/4224 4141/4226 2734/3975 2733/3974
f 4139/4225 4140/4224 2733/3974 2732/3973
f 2561/4217 4139/4225 2732/3973 2316/3972
f 2562/4216 4136/4221 4139/4225 2561/4217
f 2563/4215 4133/4228 4136/4221 2562/4216
f 4142/4235 4143/4236 4146/4237 4145/4238
f 4143/4236 4144/4239 4147/4240 4146/4237
f 4145/4238 4146/4237 4149/4241 4148/4242
f 4146/4237 4147/4240 4150/4243 4149/4241
f 2291/4231 2599/4244 4142/4245 2560/4232
f 2599/4244 2598/4246 4143/4236 4142/4245
f 2598/4246 2597/4247 4144/4239 4143/4236
f 2597/4247 2290/4248 2557/4249 4144/4239
f 4144/4239 2557/4249 2556/4250 4147/4240
f 4147/4240 2556/4250 2555/4251 4150/4243
f 4150/4243 2555/4251 2314/3769 2737/3786
f 4149/4241 4150/4243 2737/3786 2736/3796
f 4148/4242 4149/4241 2736/3796 2735/3794
f 2558/4234 4148/4242 2735/3794 2315/3795
f 2559/4233 4145/4238 4148/4242 2558/4234
f 2560/4232 4142/4245 4145/4238 2559/4233
f 4151/4252 4152/4253 4155/4254 4154/4255
f 4152/4253 4153/4256 4156/4257 4155/4254
f 4154/4255 4155/4254 4158/4258 4157/4259
f 4155/4254 4156/4257 4159/4260 4158/4258
f 2314/3769 2555/4251 4151/4261 2738/3770
f 2555/4251 2556/4250 4152/4253 4151/4261
f 2556/4250 2557/4249 4153/4256 4152/4253
f 2557/4249 2290/4248 2596/4262 4153/4256
f 4153/4256 2596/4262 2595/4263 4156/4257
f 4156/4257 2595/4263 2594/4264 4159/4260
f 4159/4260 2594/4264 2279/4265 2489/4266
f 4158/4258 4159/4260 2489/4266 2490/4267
f 4157/4259 4158/4258 2490/4267 2491/4268
f 2740/3772 4157/4259 2491/4268 2281/3774
f 2739/3771 4154/4255 4157/4259 2740/3772
f 2738/3770 4151/4261 4154/4255 2739/3771
f 4160/4269 4161/4270 4164/4271 4163/4272
f 4161/4270 4162/4273 4165/4274 4164/4271
f 4163/4272 4164/4271 4167/4275 4166/4276
f 4164/4271 4165/4274 4168/4277 4167/4275
f 2279/4265 2594/4264 4160/4278 2485/4279
f 2594/4264 2595/4263 4161/4270 4160/4278
f 2595/4263 2596/4262 4162/4273 4161/4270
f 2596/4262 2290/4248 2615/4280 4162/4273
f 4162/4273 2615/4280 2616/4281 4165/4274
f 4165/4274 2616/4281 2617/4282 4168/4277
f 4168/4277 2617/4282 2302/4283 2720/4284
f 4167/4275 4168/4277 2720/4284 2721/4285
f 4166/4276 4167/4275 2721/4285 2722/4286
f 2483/4287 4166/4276 2722/4286 2283/4288
f 2484/4289 4163/4272 4166/4276 2483/4287
f 2485/4279 4160/4278 4163/4272 2484/4289
f 4169/4290 4170/4291 4173/4292 4172/4293
f 4170/4291 4171/4294 4174/4295 4173/4292
f 4172/4293 4173/4292 4176/4296 4175/4297
f 4173/4292 4174/4295 4177/4298 4176/4296
f 2302/4283 2617/4282 4169/4299 2719/4300
f 2617/4282 2616/4281 4170/4291 4169/4299
f 2616/4281 2615/4280 4171/4294 4170/4291
f 2615/4280 2290/4248 2597/4247 4171/4294
f 4171/4294 2597/4247 2598/4246 4174/4295
f 4174/4295 2598/4246 2599/4244 4177/4298
f 4177/4298 2599/4244 2291/4231 2591/4301
f 4176/4296 4177/4298 2591/4301 2592/4302
f 4175/4297 4176/4296 2592/4302 2593/4303
f 2717/4304 4175/4297 2593/4303 2303/4305
f 2718/4306 4172/4293 4175/4297 2717/4304
f 2719/4300 4169/4299 4172/4293 2718/4306
f 4178/4307 4179/4308 4182/4309 4181/4310
f 4179/4308 4180/4311 4183/4312 4182/4309
f 4181/4310 4182/4309 4185/4313 4184/4314
f 4182/4309 4183/4312 4186/4315 4185/4313
f 2303/4305 2593/4303 4178/4316 2716/4317
f 2593/4303 2592/4302 4179/4308 4178/4316
f 2592/4302 2591/4301 4180/4311 4179/4308
f 2591/4301 2291/4231 2600/4230 4180/4311
f 4180/4311 2600/4230 2601/4229 4183/4312
f 4183/4312 2601/4229 2602/4227 4186/4315
f 4186/4315 2602/4227 2292/4214 2639/4318
f 4185/4313 4186/4315 2639/4318 2640/4319
f 4184/4314 4185/4313 2640/4319 2641/4320
f 2714/4321 4184/4314 2641/4320 2304/4322
f 2715/4323 4181/4310 4184/4314 2714/4321
f 2716/4317 4178/4316 4181/4310 2715/4323
f 4187/4324 4188/4325 4191/4326 4190/4327
f 4188/4325 4189/4328 4192/4329 4191/4326
f 4190/4327 4191/4326 4194/4330 4193/4331
f 4191/4326 4192/4329 4195/4332 4194/4330
f 2304/4322 2641/4320 4187/4333 2713/4334
f 2641/4320 2640/4319 4188/4325 4187/4333
f 2640/4319 2639/4318 4189/4328 4188/4325
f 2639/4318 2292/4214 2603/4213 4189/4328
f 4189/4328 2603/4213 2604/4212 4192/4329
f 4192/4329 2604/4212 2605/4210 4195/4332
f 4195/4332 2605/4210 2293/4197 2642/4335
f 4194/4330 4195/4332 2642/4335 2643/4336
f 4193/4331 4194/4330 2643/4336 2644/4337
f 2711/4338 4193/4331 2644/4337 2305/4339
f 2712/4340 4190/4327 4193/4331 2711/4338
f 2713/4334 4187/4333 4190/4327 2712/4340
f 4196/4341 4197/4342 4200/4343 4199/4344
f 4197/4342 4198/4345 4201/4346 4200/4343
f 4199/4344 4200/4343 4203/4347 4202/4348
f 4200/4343 4201/4346 4204/4349 4203/4347
f 2305/4339 2644/4337 4196/4350 2710/4351
f 2644/4337 2643/4336 4197/4342 4196/4350
f 2643/4336 2642/4335 4198/4345 4197/4342
f 2642/4335 2293/4197 2606/4196 4198/4345
f 4198/4345 2606/4196 2607/4195 4201/4346
f 4201/4346 2607/4195 2608/4194 4204/4349
f 4204/4349 2608/4194 2294/4150 2645/4352
f 4203/4347 4204/4349 2645/4352 2646/4353
f 4202/4348 4203/4347 2646/4353 2647/4354
f 2708/4355 4202/4348 2647/4354 2306/4356
f 2709/4357 4199/4344 4202/4348 2708/4355
f 2710/4351 4196/4350 4199/4344 2709/4357
f 4205/4358 4206/4359 4209/4360 4208/4361
f 4206/4359 4207/4362 4210/4363 4209/4360
f 4208/4361 4209/4360 4212/4364 4211/4365
f 4209/4360 4210/4363 4213/4366 4212/4364
f 2306/4356 2647/4354 4205/4367 2707/4368
f 2647/4354 2646/4353 4206/4359 4205/4367
f 2646/4353 2645/4352 4207/4362 4206/4359
f 2645/4352 2294/4150 2609/4149 4207/4362
f 4207/4362 2609/4149 2610/4148 4210/4363
f 4210/4363 2610/4148 2611/4146 4213/4366
f 4213/4366 2611/4146 2295/4133 2648/4369
f 4212/4364 4213/4366 2648/4369 2649/4370
f 4211/4365 4212/4364 2649/4370 2650/4371
f 2705/4372 4211/4365 2650/4371 2307/4373
f 2706/4374 4208/4361 4211/4365 2705/4372
f 2707/4368 4205/4367 4208/4361 2706/4374
f 4214/4375 4215/4376 4218/4377 4217/4378
f 4215/4376 4216/4379 4219/4380 4218/4377
f 4217/4378 4218/4377 4221/4381 4220/4382
f 4218/4377 4219/4380 4222/4383 4221/4381
f 2307/4373 2650/4371 4214/4384 2788/4385
f 2650/4371 2649/4370 4215/4376 4214/4384
f 2649/4370 2648/4369 4216/4379 4215/4376
f 2648/4369 2295/4133 2612/4132 4216/4379
f 4216/4379 2612/4132 2613/4131 4219/4380
f 4219/4380 2613/4131 2614/4130 4222/4383
f 4222/4383 2614/4130 2274/4129 2471/4386
f 4221/4381 4222/4383 2471/4386 2472/4387
f 4220/4382 4221/4381 2472/4387 2473/4388
f 2786/4389 4220/4382 2473/4388 2275/4390
f 2787/4391 4217/4378 4220/4382 2786/4389
f 2788/4385 4214/4384 4217/4378 2787/4391
f 4223/4392 4224/4393 4227/4394 4226/4395
f 4224/4393 4225/4396 4228/4397 4227/4394
f 4226/4395 4227/4394 4230/4398 4229/4399
f 4227/4394 4228/4397 4231/4400 4230/4398
f 2266/4401 2515/4402 4223/4403 2437/4404
f 2515/4402 2514/4405 4224/4393 4223/4403
f 2514/4405 2513/4406 4225/4396 4224/4393
f 2513/4406 2307/4373 2788/4385 4225/4396
f 4225/4396 2788/4385 2787/4391 4228/4397
f 4228/4397 2787/4391 2786/4389 4231/4400
f 4231/4400 2786/4389 2275/4390 2474/4407
f 4230/4398 4231/4400 2474/4407 2475/4408
f 4229/4399 4230/4398 2475/4408 2476/4409
f 2435/4410 4229/4399 2476/4409 2276/4411
f 2436/4412 4226/4395 4229/4399 2435/4410
f 2437/4404 4223/4403 4226/4395 2436/4412
f 4232/4413 4233/4414 4236/4415 4235/4416
f 4233/4414 4234/4417 4237/4418 4236/4415
f 4235/4416 4236/4415 4239/4419 4238/4420
f 4236/4415 4237/4418 4240/4421 4239/4419
f 2266/4401 2438/4422 4232/4423 2515/4402
f 2438/4422 2439/4424 4233/4414 4232/4423
f 2439/4424 2440/4425 4234/4417 4233/4414
f 2440/4425 2267/4426 2512/4427 4234/4417
f 4234/4417 2512/4427 2511/4428 4237/4418
f 4237/4418 2511/4428 2510/4429 4240/4421
f 4240/4421 2510/4429 2306/4356 2707/4368
f 4239/4419 4240/4421 2707/4368 2706/4374
f 4238/4420 4239/4419 2706/4374 2705/4372
f 2513/4406 4238/4420 2705/4372 2307/4373
f 2514/4405 4235/4416 4238/4420 2513/4406
f 2515/4402 4232/4423 4235/4416 2514/4405
f 4241/4430 4242/4431 4245/4432 4244/4433
f 4242/4431 4243/4434 4246/4435 4245/4432
f 4244/4433 4245/4432 4248/4436 4247/4437
f 4245/4432 4246/4435 4249/4438 4248/4436
f 2267/4426 2441/4439 4241/4440 2512/4427
f 2441/4439 2442/4441 4242/4431 4241/4440
f 2442/4441 2443/4442 4243/4434 4242/4431
f 2443/4442 2268/4443 2509/4444 4243/4434
f 4243/4434 2509/4444 2508/4445 4246/4435
f 4246/4435 2508/4445 2507/4446 4249/4438
f 4249/4438 2507/4446 2305/4339 2710/4351
f 4248/4436 4249/4438 2710/4351 2709/4357
f 4247/4437 4248/4436 2709/4357 2708/4355
f 2510/4429 4247/4437 2708/4355 2306/4356
f 2511/4428 4244/4433 4247/4437 2510/4429
f 2512/4427 4241/4440 4244/4433 2511/4428
f 4250/4447 4251/4448 4254/4449 4253/4450
f 4251/4448 4252/4451 4255/4452 4254/4449
f 4253/4450 4254/4449 4257/4453 4256/4454
f 4254/4449 4255/4452 4258/4455 4257/4453
f 2268/4443 2444/4456 4250/4457 2509/4444
f 2444/4456 2445/4458 4251/4448 4250/4457
f 2445/4458 2446/4459 4252/4451 4251/4448
f 2446/4459 2269/4460 2506/4461 4252/4451
f 4252/4451 2506/4461 2505/4462 4255/4452
f 4255/4452 2505/4462 2504/4463 4258/4455
f 4258/4455 2504/4463 2304/4322 2713/4334
f 4257/4453 4258/4455 2713/4334 2712/4340
f 4256/4454 4257/4453 2712/4340 2711/4338
f 2507/4446 4256/4454 2711/4338 2305/4339
f 2508/4445 4253/4450 4256/4454 2507/4446
f 2509/4444 4250/4457 4253/4450 2508/4445
f 4259/4464 4260/4465 4263/4466 4262/4467
f 4260/4465 4261/4468 4264/4469 4263/4466
f 4262/4467 4263/4466 4266/4470 4265/4471
f 4263/4466 4264/4469 4267/4472 4266/4470
f 2269/4460 2447/4473 4259/4474 2506/4461
f 2447/4473 2448/4475 4260/4465 4259/4474
f 2448/4475 2449/4476 4261/4468 4260/4465
f 2449/4476 2270/4477 2503/4478 4261/4468
f 4261/4468 2503/4478 2502/4479 4264/4469
f 4264/4469 2502/4479 2501/4480 4267/4472
f 4267/4472 2501/4480 2303/4305 2716/4317
f 4266/4470 4267/4472 2716/4317 2715/4323
f 4265/4471 4266/4470 2715/4323 2714/4321
f 2504/4463 4265/4471 2714/4321 2304/4322
f 2505/4462 4262/4467 4265/4471 2504/4463
f 2506/4461 4259/4474 4262/4467 2505/4462
f 4268/4481 4269/4482 4272/4483 4271/4484
f 4269/4482 4270/4485 4273/4486 4272/4483
f 4271/4484 4272/4483 4275/4487 4274/4488
f 4272/4483 4273/4486 4276/4489 4275/4487
f 2270/4477 2450/4490 4268/4491 2503/4478
f 2450/4490 2451/4492 4269/4482 4268/4491
f 2451/4492 2452/4493 4270/4485 4269/4482
f 2452/4493 2271/4494 2500/4495 4270/4485
f 4270/4485 2500/4495 2499/4496 4273/4486
f 4273/4486 2499/4496 2498/4497 4276/4489
f 4276/4489 2498/4497 2302/4283 2719/4300
f 4275/4487 4276/4489 2719/4300 2718/4306
f 4274/4488 4275/4487 2718/4306 2717/4304
f 2501/4480 4274/4488 2717/4304 2303/4305
f 2502/4479 4271/4484 4274/4488 2501/4480
f 2503/4478 4268/4491 4271/4484 2502/4479
f 4277/4498 4278/4499 4281/4500 4280/4501
f 4278/4499 4279/4502 4282/4503 4281/4500
f 4280/4501 4281/4500 4284/4504 4283/4505
f 4281/4500 4282/4503 4285/4506 4284/4504
f 2265/4507 2495/4508 4277/4509 2455/4510
f 2495/4508 2496/4511 4278/4499 4277/4509
f 2496/4511 2497/4512 4279/4502 4278/4499
f 2497/4512 2283/4288 2722/4286 4279/4502
f 4279/4502 2722/4286 2721/4285 4282/4503
f 4282/4503 2721/4285 2720/4284 4285/4506
f 4285/4506 2720/4284 2302/4283 2498/4497
f 4284/4504 4285/4506 2498/4497 2499/4496
f 4283/4505 4284/4504 2499/4496 2500/4495
f 2453/4513 4283/4505 2500/4495 2271/4494
f 2454/4514 4280/4501 4283/4505 2453/4513
f 2455/4510 4277/4509 4280/4501 2454/4514
f 4287/4515 4288/4516 4286/4517 4292/4518
f 4289/4519 4290/4520 4286/4517 4288/4516
f 4291/4521 4292/4518 4286/4517 4290/4520
f 2256/3520 2789/3523 4287/4522 2410/4523
f 2789/3523 2790/3519 4288/4516 4287/4522
f 2410/4523 4287/4522 4292/4518 2409/4524
f 2320/3515 3134/4525 4289/4526 2791/3516
f 3134/4525 3135/4527 4290/4520 4289/4526
f 2791/3516 4289/4526 4288/4516 2790/3519
f 2257/4528 2408/4529 4291/4530 3136/4531
f 2408/4529 2409/4524 4292/4518 4291/4530
f 3136/4531 4291/4530 4290/4520 3135/4527
f 4294/4532 4295/4533 4293/4534 4299/4535
f 4296/4536 4297/4537 4293/4534 4295/4533
f 4298/4538 4299/4535 4293/4534 4297/4537
f 2376/2490 3131/3501 4294/4539 3040/2545
f 3131/3501 3132/3499 4295/4533 4294/4539
f 3040/2545 4294/4539 4299/4535 3039/2547
f 2257/3495 2413/4540 4296/4541 3133/3496
f 2413/4540 2412/4542 4297/4537 4296/4541
f 3133/3496 4296/4541 4295/4533 3132/3499
f 2258/2549 3038/2548 4298/4543 2411/4544
f 3038/2548 3039/2547 4299/4535 4298/4543
f 2411/4544 4298/4543 4297/4537 2412/4542
f 4301/4545 4302/4546 4300/4547 4306/4548
f 4303/4549 4304/4550 4300/4547 4302/4546
f 4305/4551 4306/4548 4300/4547 4304/4550
f 2257/4528 3136/4531 4301/4552 2413/4553
f 3136/4531 3135/4527 4302/4546 4301/4552
f 2413/4553 4301/4552 4306/4548 2412/4554
f 2320/3515 2689/3576 4303/4555 3134/4525
f 2689/3576 2688/3586 4304/4550 4303/4555
f 3134/4525 4303/4555 4302/4546 3135/4527
f 2258/3585 2411/4556 4305/4557 2687/3584
f 2411/4556 2412/4554 4306/4548 4305/4557
f 2687/3584 4305/4557 4304/4550 2688/3586
f 4307/4558 4308/4559 4311/4560 4310/4561
f 4308/4559 4309/4562 4312/4563 4311/4560
f 4310/4561 4311/4560 4314/4564 4313/4565
f 4311/4560 4312/4563 4315/4566 4314/4564
f 2332/3466 2816/3482 4307/4567 3148/4568
f 2816/3482 2817/3481 4308/4559 4307/4567
f 2817/3481 2818/3478 4309/4562 4308/4559
f 2818/3478 2326/3477 3143/4569 4309/4562
f 4309/4562 3143/4569 3144/4570 4312/4563
f 4312/4563 3144/4570 3145/4571 4315/4566
f 4315/4566 3145/4571 2382/4572 3142/4573
f 4314/4564 4315/4566 3142/4573 3141/4574
f 4313/4565 4314/4564 3141/4574 3140/4575
f 3146/4576 4313/4565 3140/4575 2384/4577
f 3147/4578 4310/4561 4313/4565 3146/4576
f 3148/4568 4307/4567 4310/4561 3147/4578
f 4316/4579 4317/4580 4320/4581 4319/4582
f 4317/4580 4318/4583 4321/4584 4320/4581
f 4319/4582 4320/4581 4323/4585 4322/4586
f 4320/4581 4321/4584 4324/4587 4323/4585
f 2331/3449 2813/3461 4316/4588 3151/4589
f 2813/3461 2814/3467 4317/4580 4316/4588
f 2814/3467 2815/3465 4318/4583 4317/4580
f 2815/3465 2332/3466 3148/4568 4318/4583
f 4318/4583 3148/4568 3147/4578 4321/4584
f 4321/4584 3147/4578 3146/4576 4324/4587
f 4324/4587 3146/4576 2384/4577 3139/4590
f 4323/4585 4324/4587 3139/4590 3138/4591
f 4322/4586 4323/4585 3138/4591 3137/4592
f 3149/4593 4322/4586 3137/4592 2383/4594
f 3150/4595 4319/4582 4322/4586 3149/4593
f 3151/4589 4316/4588 4319/4582 3150/4595
f 4325/4596 4326/4597 4329/4598 4328/4599
f 4326/4597 4327/4600 4330/4601 4329/4598
f 4328/4599 4329/4598 4332/4602 4331/4603
f 4329/4598 4330/4601 4333/4604 4332/4602
f 2384/4577 3140/4575 4325/4605 3163/4606
f 3140/4575 3141/4574 4326/4597 4325/4605
f 3141/4574 3142/4573 4327/4600 4326/4597
f 3142/4573 2382/4572 3158/4607 4327/4600
f 4327/4600 3158/4607 3159/4608 4330/4601
f 4330/4601 3159/4608 3160/4609 4333/4604
f 4333/4604 3160/4609 2385/4610 3157/4611
f 4332/4602 4333/4604 3157/4611 3156/4612
f 4331/4603 4332/4602 3156/4612 3155/4613
f 3161/4614 4331/4603 3155/4613 2387/4615
f 3162/4616 4328/4599 4331/4603 3161/4614
f 3163/4606 4325/4605 4328/4599 3162/4616
f 4334/4617 4335/4618 4338/4619 4337/4620
f 4335/4618 4336/4621 4339/4622 4338/4619
f 4337/4620 4338/4619 4341/4623 4340/4624
f 4338/4619 4339/4622 4342/4625 4341/4623
f 2383/4594 3137/4592 4334/4626 3166/4627
f 3137/4592 3138/4591 4335/4618 4334/4626
f 3138/4591 3139/4590 4336/4621 4335/4618
f 3139/4590 2384/4577 3163/4606 4336/4621
f 4336/4621 3163/4606 3162/4616 4339/4622
f 4339/4622 3162/4616 3161/4614 4342/4625
f 4342/4625 3161/4614 2387/4615 3154/4628
f 4341/4623 4342/4625 3154/4628 3153/4629
f 4340/4624 4341/4623 3153/4629 3152/4630
f 3164/4631 4340/4624 3152/4630 2386/4632
f 3165/4633 4337/4620 4340/4624 3164/4631
f 3166/4627 4334/4626 4337/4620 3165/4633
f 4343/4634 4344/4635 4347/4636 4346/4637
f 4344/4635 4345/4638 4348/4639 4347/4636
f 4346/4637 4347/4636 4350/4640 4349/4641
f 4347/4636 4348/4639 4351/4642 4350/4640
f 2387/4615 3155/4613 4343/4643 3178/4644
f 3155/4613 3156/4612 4344/4635 4343/4643
f 3156/4612 3157/4611 4345/4638 4344/4635
f 3157/4611 2385/4610 3173/4645 4345/4638
f 4345/4638 3173/4645 3174/4646 4348/4639
f 4348/4639 3174/4646 3175/4647 4351/4642
f 4351/4642 3175/4647 2388/4648 3172/4649
f 4350/4640 4351/4642 3172/4649 3171/4650
f 4349/4641 4350/4640 3171/4650 3170/4651
f 3176/4652 4349/4641 3170/4651 2390/4653
f 3177/4654 4346/4637 4349/4641 3176/4652
f 3178/4644 4343/4643 4346/4637 3177/4654
f 4352/4655 4353/4656 4356/4657 4355/4658
f 4353/4656 4354/4659 4357/4660 4356/4657
f 4355/4658 4356/4657 4359/4661 4358/4662
f 4356/4657 4357/4660 4360/4663 4359/4661
f 2386/4632 3152/4630 4352/4664 3181/4665
f 3152/4630 3153/4629 4353/4656 4352/4664
f 3153/4629 3154/4628 4354/4659 4353/4656
f 3154/4628 2387/4615 3178/4644 4354/4659
f 4354/4659 3178/4644 3177/4654 4357/4660
f 4357/4660 3177/4654 3176/4652 4360/4663
f 4360/4663 3176/4652 2390/4653 3169/4666
f 4359/4661 4360/4663 3169/4666 3168/4667
f 4358/4662 4359/4661 3168/4667 3167/4668
f 3179/4669 4358/4662 3167/4668 2389/4670
f 3180/4671 4355/4658 4358/4662 3179/4669
f 3181/4665 4352/4664 4355/4658 3180/4671
f 4361/4672 4362/4673 4365/4674 4364/4675
f 4362/4673 4363/4676 4366/4677 4365/4674
f 4364/4675 4365/4674 4368/4678 4367/4679
f 4365/4674 4366/4677 4369/4680 4368/4678
f 2265/4507 2455/4510 4361/4681 3185/4682
f 2455/4510 2454/4514 4362/4673 4361/4681
f 2454/4514 2453/4513 4363/4676 4362/4673
f 2453/4513 2271/4494 3182/4683 4363/4676
f 4363/4676 3182/4683 3183/4684 4366/4677
f 4366/4677 3183/4684 3184/4685 4369/4680
f 4369/4680 3184/4685 2390/4653 3170/4651
f 4368/4678 4369/4680 3170/4651 3171/4650
f 4367/4679 4368/4678 3171/4650 3172/4649
f 3187/4686 4367/4679 3172/4649 2388/4648
f 3186/4687 4364/4675 4367/4679 3187/4686
f 3185/4682 4361/4681 4364/4675 3186/4687
f 4370/4688 4371/4689 4374/4690 4373/4691
f 4371/4689 4372/4692 4375/4693 4374/4690
f 4373/4691 4374/4690 4377/4694 4376/4695
f 4374/4690 4375/4693 4378/4696 4377/4694
f 2271/4494 2452/4493 4370/4697 3182/4683
f 2452/4493 2451/4492 4371/4689 4370/4697
f 2451/4492 2450/4490 4372/4692 4371/4689
f 2450/4490 2270/4477 3188/4698 4372/4692
f 4372/4692 3188/4698 3189/4699 4375/4693
f 4375/4693 3189/4699 3190/4700 4378/4696
f 4378/4696 3190/4700 2389/4670 3167/4668
f 4377/4694 4378/4696 3167/4668 3168/4667
f 4376/4695 4377/4694 3168/4667 3169/4666
f 3184/4685 4376/4695 3169/4666 2390/4653
f 3183/4684 4373/4691 4376/4695 3184/4685
f 3182/4683 4370/4697 4373/4691 3183/4684
f 4379/4701 4380/4702 4383/4703 4382/4704
f 4380/4702 4381/4705 4384/4706 4383/4703
f 4382/4704 4383/4703 4386/4707 4385/4708
f 4383/4703 4384/4706 4387/4709 4386/4707
f 2383/4594 3166/4627 4379/4710 3238/4711
f 3166/4627 3165/4633 4380/4702 4379/4710
f 3165/4633 3164/4631 4381/4705 4380/4702
f 3164/4631 2386/4632 3233/4712 4381/4705
f 4381/4705 3233/4712 3234/4713 4384/4706
f 4384/4706 3234/4713 3235/4714 4387/4709
f 4387/4709 3235/4714 2403/4715 3224/4716
f 4386/4707 4387/4709 3224/4716 3225/4717
f 4385/4708 4386/4707 3225/4717 3226/4718
f 3236/4719 4385/4708 3226/4718 2402/4720
f 3237/4721 4382/4704 4385/4708 3236/4719
f 3238/4711 4379/4710 4382/4704 3237/4721
f 4388/4722 4389/4723 4392/4724 4391/4725
f 4389/4723 4390/4726 4393/4727 4392/4724
f 4391/4725 4392/4724 4395/4728 4394/4729
f 4392/4724 4393/4727 4396/4730 4395/4728
f 2330/3432 2810/3444 4388/4731 3244/4732
f 2810/3444 2811/3450 4389/4723 4388/4731
f 2811/3450 2812/3448 4390/4726 4389/4723
f 2812/3448 2331/3449 3239/4733 4390/4726
f 4390/4726 3239/4733 3240/4734 4393/4727
f 4393/4727 3240/4734 3241/4735 4396/4730
f 4396/4730 3241/4735 2401/4736 3217/4737
f 4395/4728 4396/4730 3217/4737 3216/4738
f 4394/4729 4395/4728 3216/4738 3215/4739
f 3242/4740 4394/4729 3215/4739 2400/4741
f 3243/4742 4391/4725 4394/4729 3242/4740
f 3244/4732 4388/4731 4391/4725 3243/4742
f 4397/4743 4398/4744 4401/4745 4400/4746
f 4398/4744 4399/4747 4402/4748 4401/4745
f 4400/4746 4401/4745 4404/4749 4403/4750
f 4401/4745 4402/4748 4405/4751 4404/4749
f 2389/4670 3190/4700 4397/4752 3250/4753
f 3190/4700 3189/4699 4398/4744 4397/4752
f 3189/4699 3188/4698 4399/4747 4398/4744
f 3188/4698 2270/4477 3245/4754 4399/4747
f 4399/4747 3245/4754 3246/4755 4402/4748
f 4402/4748 3246/4755 3247/4756 4405/4751
f 4405/4751 3247/4756 2395/4757 3230/4758
f 4404/4749 4405/4751 3230/4758 3231/4759
f 4403/4750 4404/4749 3231/4759 3232/4760
f 3248/4761 4403/4750 3232/4760 2404/4762
f 3249/4763 4400/4746 4403/4750 3248/4761
f 3250/4753 4397/4752 4400/4746 3249/4763
f 4406/4764 4407/4765 4410/4766 4409/4767
f 4407/4765 4408/4768 4411/4769 4410/4766
f 4409/4767 4410/4766 4413/4770 4412/4771
f 4410/4766 4411/4769 4414/4772 4413/4770
f 2266/4401 2437/4404 4406/4773 3256/4774
f 2437/4404 2436/4412 4407/4765 4406/4773
f 2436/4412 2435/4410 4408/4768 4407/4765
f 2435/4410 2276/4411 3251/4775 4408/4768
f 4408/4768 3251/4775 3252/4776 4411/4769
f 4411/4769 3252/4776 3253/4777 4414/4772
f 4414/4772 3253/4777 2396/4778 3191/4779
f 4413/4770 4414/4772 3191/4779 3192/4780
f 4412/4771 4413/4770 3192/4780 3193/4781
f 3254/4782 4412/4771 3193/4781 2391/4783
f 3255/4784 4409/4767 4412/4771 3254/4782
f 3256/4774 4406/4773 4409/4767 3255/4784
f 4415/4785 4416/4786 4419/4787 4418/4788
f 4416/4786 4417/4789 4420/4790 4419/4787
f 4418/4788 4419/4787 4422/4791 4421/4792
f 4419/4787 4420/4790 4423/4793 4422/4791
f 2276/3377 3125/3376 4415/4794 3251/4795
f 3125/3376 3126/3375 4416/4786 4415/4794
f 3126/3375 3127/3372 4417/4789 4416/4786
f 3127/3372 2327/3371 3257/4796 4417/4789
f 4417/4789 3257/4796 3258/4797 4420/4790
f 4420/4790 3258/4797 3259/4798 4423/4793
f 4423/4793 3259/4798 2397/4799 3220/4800
f 4422/4791 4423/4793 3220/4800 3219/4801
f 4421/4792 4422/4791 3219/4801 3218/4802
f 3253/4803 4421/4792 3218/4802 2396/4804
f 3252/4805 4418/4788 4421/4792 3253/4803
f 3251/4795 4415/4794 4418/4788 3252/4805
f 4424/4806 4425/4807 4428/4808 4427/4809
f 4425/4807 4426/4810 4429/4811 4428/4808
f 4427/4809 4428/4808 4431/4812 4430/4813
f 4428/4808 4429/4811 4432/4814 4431/4812
f 2267/4426 2440/4425 4424/4815 3262/4816
f 2440/4425 2439/4424 4425/4807 4424/4815
f 2439/4424 2438/4422 4426/4810 4425/4807
f 2438/4422 2266/4401 3256/4774 4426/4810
f 4426/4810 3256/4774 3255/4784 4429/4811
f 4429/4811 3255/4784 3254/4782 4432/4814
f 4432/4814 3254/4782 2391/4783 3194/4817
f 4431/4812 4432/4814 3194/4817 3195/4818
f 4430/4813 4431/4812 3195/4818 3196/4819
f 3260/4820 4430/4813 3196/4819 2392/4821
f 3261/4822 4427/4809 4430/4813 3260/4820
f 3262/4816 4424/4815 4427/4809 3261/4822
f 4433/4823 4434/4824 4437/4825 4436/4826
f 4434/4824 4435/4827 4438/4828 4437/4825
f 4436/4826 4437/4825 4440/4829 4439/4830
f 4437/4825 4438/4828 4441/4831 4440/4829
f 2331/3449 3151/4589 4433/4832 3239/4733
f 3151/4589 3150/4595 4434/4824 4433/4832
f 3150/4595 3149/4593 4435/4827 4434/4824
f 3149/4593 2383/4594 3238/4711 4435/4827
f 4435/4827 3238/4711 3237/4721 4438/4828
f 4438/4828 3237/4721 3236/4719 4441/4831
f 4441/4831 3236/4719 2402/4720 3221/4833
f 4440/4829 4441/4831 3221/4833 3222/4834
f 4439/4830 4440/4829 3222/4834 3223/4835
f 3241/4735 4439/4830 3223/4835 2401/4736
f 3240/4734 4436/4826 4439/4830 3241/4735
f 3239/4733 4433/4832 4436/4826 3240/4734
f 4442/4836 4443/4837 4446/4838 4445/4839
f 4443/4837 4444/4840 4447/4841 4446/4838
f 4445/4839 4446/4838 4449/4842 4448/4843
f 4446/4838 4447/4841 4450/4844 4449/4842
f 2268/4443 2443/4442 4442/4845 3265/4846
f 2443/4442 2442/4441 4443/4837 4442/4845
f 2442/4441 2441/4439 4444/4840 4443/4837
f 2441/4439 2267/4426 3262/4816 4444/4840
f 4444/4840 3262/4816 3261/4822 4447/4841
f 4447/4841 3261/4822 3260/4820 4450/4844
f 4450/4844 3260/4820 2392/4821 3197/4847
f 4449/4842 4450/4844 3197/4847 3198/4848
f 4448/4843 4449/4842 3198/4848 3199/4849
f 3263/4850 4448/4843 3199/4849 2393/4851
f 3264/4852 4445/4839 4448/4843 3263/4850
f 3265/4846 4442/4845 4445/4839 3264/4852
f 4451/4853 4452/4854 4455/4855 4454/4856
f 4452/4854 4453/4857 4456/4858 4455/4855
f 4454/4856 4455/4855 4458/4859 4457/4860
f 4455/4855 4456/4858 4459/4861 4458/4859
f 2269/4460 2446/4459 4451/4862 3268/4863
f 2446/4459 2445/4458 4452/4854 4451/4862
f 2445/4458 2444/4456 4453/4857 4452/4854
f 2444/4456 2268/4443 3265/4846 4453/4857
f 4453/4857 3265/4846 3264/4852 4456/4858
f 4456/4858 3264/4852 3263/4850 4459/4861
f 4459/4861 3263/4850 2393/4851 3200/4864
f 4458/4859 4459/4861 3200/4864 3201/4865
f 4457/4860 4458/4859 3201/4865 3202/4866
f 3266/4867 4457/4860 3202/4866 2394/4868
f 3267/4869 4454/4856 4457/4860 3266/4867
f 3268/4863 4451/4862 4454/4856 3267/4869
f 4460/4870 4461/4871 4464/4872 4463/4873
f 4461/4871 4462/4874 4465/4875 4464/4872
f 4463/4873 4464/4872 4467/4876 4466/4877
f 4464/4872 4465/4875 4468/4878 4467/4876
f 2327/3371 2801/3393 4460/4879 3257/4796
f 2801/3393 2802/3399 4461/4871 4460/4879
f 2802/3399 2803/3397 4462/4874 4461/4871
f 2803/3397 2328/3398 3269/4880 4462/4874
f 4462/4874 3269/4880 3270/4881 4465/4875
f 4465/4875 3270/4881 3271/4882 4468/4878
f 4468/4878 3271/4882 2398/4883 3208/4884
f 4467/4876 4468/4878 3208/4884 3207/4885
f 4466/4877 4467/4876 3207/4885 3206/4886
f 3259/4798 4466/4877 3206/4886 2397/4799
f 3258/4797 4463/4873 4466/4877 3259/4798
f 3257/4796 4460/4879 4463/4873 3258/4797
f 4469/4887 4470/4888 4473/4889 4472/4890
f 4470/4888 4471/4891 4474/4892 4473/4889
f 4472/4890 4473/4889 4476/4893 4475/4894
f 4473/4889 4474/4892 4477/4895 4476/4893
f 2386/4632 3181/4665 4469/4896 3233/4712
f 3181/4665 3180/4671 4470/4888 4469/4896
f 3180/4671 3179/4669 4471/4891 4470/4888
f 3179/4669 2389/4670 3250/4753 4471/4891
f 4471/4891 3250/4753 3249/4763 4474/4892
f 4474/4892 3249/4763 3248/4761 4477/4895
f 4477/4895 3248/4761 2404/4762 3227/4897
f 4476/4893 4477/4895 3227/4897 3228/4898
f 4475/4894 4476/4893 3228/4898 3229/4899
f 3235/4714 4475/4894 3229/4899 2403/4715
f 3234/4713 4472/4890 4475/4894 3235/4714
f 3233/4712 4469/4896 4472/4890 3234/4713
f 4478/4900 4479/4901 4482/4902 4481/4903
f 4479/4901 4480/4904 4483/4905 4482/4902
f 4481/4903 4482/4902 4485/4906 4484/4907
f 4482/4902 4483/4905 4486/4908 4485/4906
f 2270/4477 2449/4476 4478/4909 3245/4754
f 2449/4476 2448/4475 4479/4901 4478/4909
f 2448/4475 2447/4473 4480/4904 4479/4901
f 2447/4473 2269/4460 3268/4863 4480/4904
f 4480/4904 3268/4863 3267/4869 4483/4905
f 4483/4905 3267/4869 3266/4867 4486/4908
f 4486/4908 3266/4867 2394/4868 3203/4910
f 4485/4906 4486/4908 3203/4910 3204/4911
f 4484/4907 4485/4906 3204/4911 3205/4912
f 3247/4756 4484/4907 3205/4912 2395/4757
f 3246/4755 4481/4903 4484/4907 3247/4756
f 3245/4754 4478/4909 4481/4903 3246/4755
f 4487/4913 4488/4914 4491/4915 4490/4916
f 4488/4914 4489/4917 4492/4918 4491/4915
f 4490/4916 4491/4915 4494/4919 4493/4920
f 4491/4915 4492/4918 4495/4921 4494/4919
f 2328/3398 2804/3410 4487/4922 3269/4880
f 2804/3410 2805/3416 4488/4914 4487/4922
f 2805/3416 2806/3414 4489/4917 4488/4914
f 2806/3414 2329/3415 3272/4923 4489/4917
f 4489/4917 3272/4923 3273/4924 4492/4918
f 4492/4918 3273/4924 3274/4925 4495/4921
f 4495/4921 3274/4925 2399/4926 3211/4927
f 4494/4919 4495/4921 3211/4927 3210/4928
f 4493/4920 4494/4919 3210/4928 3209/4929
f 3271/4882 4493/4920 3209/4929 2398/4883
f 3270/4881 4490/4916 4493/4920 3271/4882
f 3269/4880 4487/4922 4490/4916 3270/4881
f 4496/4930 4497/4931 4500/4932 4499/4933
f 4497/4931 4498/4934 4501/4935 4500/4932
f 4499/4933 4500/4932 4503/4936 4502/4937
f 4500/4932 4501/4935 4504/4938 4503/4936
f 2329/3415 2807/3427 4496/4939 3272/4923
f 2807/3427 2808/3433 4497/4931 4496/4939
f 2808/3433 2809/3431 4498/4934 4497/4931
f 2809/3431 2330/3432 3244/4732 4498/4934
f 4498/4934 3244/4732 3243/4742 4501/4935
f 4501/4935 3243/4742 3242/4740 4504/4938
f 4504/4938 3242/4740 2400/4741 3214/4940
f 4503/4936 4504/4938 3214/4940 3213/4941
f 4502/4937 4503/4936 3213/4941 3212/4942
f 3274/4925 4502/4937 3212/4942 2399/4926
f 3273/4924 4499/4933 4502/4937 3274/4925
f 3272/4923 4496/4939 4499/4933 3273/4924
f 975/2426 976/2427 3228/4898 3227/4897
f 243/4943 244/4944 2496/4511 2495/4508
f 976/2427 977/2428 3229/4899 3228/4898
f 244/4944 245/4945 2497/4512 2496/4511
f 977/2428 151/2245 2403/4715 3229/4899
f 144/2308 939/2307 3191/4779 2396/4778
f 245/4945 31/4946 2283/4288 2497/4512
f 143/2287 978/2286 3230/4758 2395/4757
f 939/2307 940/2309 3192/4780 3191/4779
f 978/2286 979/2288 3231/4759 3230/4758
f 940/2309 941/2310 3193/4781 3192/4780
f 979/2288 980/2289 3232/4760 3231/4759
f 941/2310 139/2312 2391/4783 3193/4781
f 980/2289 152/2291 2404/4762 3232/4760
f 139/2312 942/2346 3194/4817 2391/4783
f 942/2346 943/2347 3195/4818 3194/4817
f 943/2347 944/2348 3196/4819 3195/4818
f 944/2348 140/2350 2392/4821 3196/4819
f 130/4947 906/4948 3158/4607 2382/4572
f 140/2350 945/2376 3197/4847 2392/4821
f 906/4948 907/4949 3159/4608 3158/4607
f 945/2376 946/2377 3198/4848 3197/4847
f 907/4949 908/4950 3160/4609 3159/4608
f 946/2377 947/2378 3199/4849 3198/4848
f 908/4950 133/4951 2385/4610 3160/4609
f 947/2378 141/2380 2393/4851 3199/4849
f 141/2380 948/2393 3200/4864 2393/4851
f 948/2393 949/2394 3201/4865 3200/4864
f 949/2394 950/2395 3202/4866 3201/4865
f 950/2395 142/2397 2394/4868 3202/4866
f 142/2397 951/2439 3203/4910 2394/4868
f 28/4952 180/4953 2432/3686 2280/3685
f 951/2439 952/2440 3204/4911 3203/4910
f 180/4953 181/4954 2433/3687 2432/3686
f 567/4955 85/4956 2337/2738 2819/2737
f 952/2440 953/2441 3205/4912 3204/4911
f 181/4954 182/4957 2434/3688 2433/3687
f 876/4958 84/4959 2336/2658 3128/2657
f 953/2441 143/2287 2395/4757 3205/4912
f 568/4960 567/4955 2819/2737 2820/2736
f 182/4957 12/4961 2264/3690 2434/3688
f 877/4962 876/4958 3128/2657 3129/2656
f 954/2415 145/2329 2397/4799 3206/4886
f 569/4963 568/4960 2820/2736 2821/2734
f 878/4964 877/4962 3129/2656 3130/2655
f 955/2414 954/2415 3206/4886 3207/4885
f 81/4965 569/4963 2821/2734 2333/2718
f 12/4966 878/4964 3130/2655 2264/2654
f 956/2412 955/2414 3207/4885 3208/4884
f 570/4967 86/4968 2338/2697 2822/2696
f 146/2413 956/2412 3208/4884 2398/4883
f 571/4969 570/4967 2822/2696 2823/2695
f 957/2458 146/2413 2398/4883 3209/4929
f 572/4970 571/4969 2823/2695 2824/2694
f 29/4971 225/4972 2477/3773 2281/3774
f 958/2457 957/2458 3209/4929 3210/4928
f 82/4973 572/4970 2824/2694 2334/2676
f 225/4972 226/4974 2478/3775 2477/3773
f 959/2455 958/2457 3210/4928 3211/4927
f 573/4975 87/4976 2339/3252 2825/3251
f 226/4974 227/4977 2479/3765 2478/3775
f 147/2456 959/2455 3211/4927 2399/4926
f 574/4978 573/4975 2825/3251 2826/3250
f 133/4951 921/4979 3173/4645 2385/4610
f 227/4977 25/4980 2277/3751 2479/3765
f 960/2471 147/2456 2399/4926 3212/4942
f 575/4981 574/4978 2826/3250 2827/3248
f 921/4979 922/4982 3174/4646 3173/4645
f 30/4983 228/4984 2480/3731 2282/3730
f 961/2470 960/2471 3212/4942 3213/4941
f 83/4985 575/4981 2827/3248 2335/3235
f 922/4982 923/4986 3175/4647 3174/4646
f 228/4984 229/4987 2481/3732 2480/3731
f 962/2469 961/2470 3213/4941 3214/4940
f 576/4988 82/4973 2334/2676 2828/2675
f 923/4986 136/4989 2388/4648 3175/4647
f 229/4987 230/4990 2482/3733 2481/3732
f 148/2270 962/2469 3214/4940 2400/4741
f 577/4991 576/4988 2828/2675 2829/2674
f 230/4990 26/4992 2278/3709 2482/3733
f 963/2268 148/2270 2400/4741 3215/4739
f 578/4993 577/4991 2829/2674 2830/2673
f 31/4946 231/4994 2483/4287 2283/4288
f 964/2267 963/2268 3215/4739 3216/4738
f 84/4959 578/4993 2830/2673 2336/2658
f 231/4994 232/4995 2484/4289 2483/4287
f 965/2265 964/2267 3216/4738 3217/4737
f 579/4996 83/4985 2335/3235 2831/3234
f 232/4995 233/4997 2485/4279 2484/4289
f 149/2266 965/2265 3217/4737 2401/4736
f 580/4998 579/4996 2831/3234 2832/3233
f 233/4997 27/4999 2279/4265 2485/4279
f 966/2331 144/2333 2396/4804 3218/4802
f 581/5000 580/4998 2832/3233 2833/3232
f 26/4992 234/5001 2486/3710 2278/3709
f 967/2330 966/2331 3218/4802 3219/4801
f 85/4956 581/5000 2833/3232 2337/2738
f 234/5001 235/5002 2487/3711 2486/3710
f 968/2328 967/2330 3219/4801 3220/4800
f 582/5003 81/4965 2333/2718 2834/2717
f 235/5002 236/5004 2488/3712 2487/3711
f 74/5005 891/5006 3143/4569 2326/3477
f 145/2329 968/2328 3220/4800 2397/4799
f 583/5007 582/5003 2834/2717 2835/2716
f 236/5004 28/4952 2280/3685 2488/3712
f 891/5006 892/5008 3144/4570 3143/4569
f 150/2249 969/2362 3221/4833 2402/4720
f 584/5009 583/5007 2835/2716 2836/2715
f 27/4999 237/5010 2489/4266 2279/4265
f 892/5008 893/5011 3145/4571 3144/4570
f 969/2362 970/2363 3222/4834 3221/4833
f 86/4968 584/5009 2836/2715 2338/2697
f 237/5010 238/5012 2490/4267 2489/4266
f 893/5011 130/4947 2382/4572 3145/4571
f 970/2363 971/2364 3223/4835 3222/4834
f 585/5013 74/5005 2326/3477 2837/3480
f 238/5012 239/5014 2491/4268 2490/4267
f 971/2364 149/2266 2401/4736 3223/4835
f 586/5015 585/5013 2837/3480 2838/3484
f 933/5016 13/5017 2265/4507 3185/4682
f 239/5014 29/4971 2281/3774 2491/4268
f 151/2245 972/2244 3224/4716 2403/4715
f 587/5018 586/5015 2838/3484 2839/3483
f 934/5019 933/5016 3185/4682 3186/4687
f 25/4980 240/5020 2492/3752 2277/3751
f 972/2244 973/2246 3225/4717 3224/4716
f 87/4976 587/5018 2839/3483 2339/3252
f 935/5021 934/5019 3186/4687 3187/4686
f 240/5020 241/5022 2493/3753 2492/3752
f 973/2246 974/2247 3226/4718 3225/4717
f 136/4989 935/5021 3187/4686 2388/4648
f 241/5022 242/5023 2494/3754 2493/3753
f 974/2247 150/2249 2402/4720 3226/4718
f 242/5023 30/4983 2282/3730 2494/3754
f 152/2291 975/2426 3227/4897 2404/4762
f 13/5017 243/4943 2495/4508 2265/4507
